"X","age","ageMarried","monthsSinceM","pregnancies","children","sons","literacy","region10-20k","region20k+","regionlisbon","regionlt10k","regionporto"
1,43,"22to25",242,3,3,2,1,0,0,0,1,0
2,32,"22to25",124,1,1,0,1,0,0,0,1,0
3,22,"15to18",59,1,1,1,1,0,0,0,1,0
4,28,"22to25",63,1,1,0,1,0,0,0,1,0
5,30,"15to18",169,2,2,2,1,0,0,0,1,0
6,37,"18to20",226,2,2,1,1,0,0,0,1,0
7,41,"18to20",266,14,15,8,0,0,0,0,1,0
8,44,"18to20",315,1,1,0,1,0,0,0,1,0
9,46,"25to30",239,1,1,0,0,0,0,0,1,0
10,21,"18to20",30,1,1,0,1,0,0,0,1,0
11,42,"20to22",251,1,1,1,1,0,0,0,1,0
12,49,"20to22",351,2,2,1,0,0,0,0,1,0
13,23,"20to22",31,0,0,0,1,0,0,0,1,0
14,28,"22to25",73,1,1,0,1,0,0,0,1,0
15,24,"18to20",74,2,2,1,1,0,0,0,1,0
16,40,"22to25",197,2,2,2,0,0,0,0,1,0
17,32,"20to22",146,2,2,0,1,0,0,0,1,0
18,17,"15to18",16,1,1,1,0,0,0,0,1,0
19,26,"18to20",81,2,2,1,1,0,0,0,1,0
20,40,"20to22",233,1,1,1,0,0,0,0,1,0
21,34,"22to25",123,2,2,1,1,0,0,0,1,0
22,41,"22to25",209,3,3,1,1,0,0,0,1,0
23,46,"20to22",311,3,3,2,1,0,0,0,1,0
24,18,"15to18",16,1,1,0,1,0,0,0,1,0
25,43,"20to22",285,2,2,1,1,0,0,0,1,0
26,45,"22to25",270,1,1,0,1,0,0,0,1,0
27,48,"18to20",347,2,2,1,1,0,0,0,1,0
28,39,"18to20",241,3,3,2,1,0,0,0,1,0
29,35,"22to25",159,2,2,1,1,0,0,0,1,0
30,27,"25to30",18,1,1,0,1,0,0,0,1,0
31,38,"30toInf",99,2,2,1,1,0,0,0,1,0
32,36,"18to20",209,0,0,0,1,0,0,0,1,0
33,45,"22to25",273,3,3,2,1,0,0,0,1,0
34,24,"22to25",1,0,0,0,1,0,0,0,1,0
35,30,"18to20",132,2,2,0,1,0,0,0,1,0
36,43,"15to18",292,3,3,1,1,0,0,0,1,0
37,30,"25to30",64,1,1,1,1,0,0,0,1,0
38,47,"18to20",329,3,3,3,1,0,0,0,1,0
39,41,"25to30",195,2,2,1,1,0,0,0,1,0
40,30,"22to25",74,2,2,1,1,0,0,0,1,0
41,32,"22to25",126,1,1,1,1,0,0,0,1,0
42,39,"18to20",240,2,2,1,1,0,0,0,1,0
43,43,"22to25",162,3,3,2,1,0,0,0,1,0
44,46,"20to22",303,1,1,0,0,0,1,0,0,0
45,24,"22to25",22,0,0,0,1,0,1,0,0,0
46,39,"22to25",184,2,2,1,1,0,1,0,0,0
47,38,"22to25",191,2,2,2,1,0,1,0,0,0
48,40,"22to25",219,2,2,2,1,0,1,0,0,0
49,37,"15to18",209,3,3,3,1,0,1,0,0,0
50,41,"15to18",297,5,5,3,0,0,1,0,0,0
51,42,"20to22",258,2,2,2,1,0,1,0,0,0
52,43,"30toInf",135,2,2,2,1,0,1,0,0,0
53,40,"25to30",145,2,2,1,1,0,1,0,0,0
54,40,"20to22",238,1,1,1,1,0,1,0,0,0
55,31,"18to20",163,1,1,1,1,0,1,0,0,0
56,37,"20to22",193,2,2,1,1,0,1,0,0,0
57,26,"15to18",97,2,2,0,1,0,1,0,0,0
58,31,"20to22",123,3,3,3,1,0,1,0,0,0
59,26,"25to30",22,0,0,0,1,0,1,0,0,0
60,22,"18to20",43,1,1,1,1,0,1,0,0,0
61,33,"25to30",84,2,2,1,1,0,1,0,0,0
62,29,"20to22",99,1,1,1,1,0,1,0,0,0
63,37,"25to30",151,2,2,1,0,0,1,0,0,0
64,41,"25to30",168,1,1,0,1,0,1,0,0,0
65,38,"20to22",207,2,2,0,1,0,1,0,0,0
66,29,"0to15",176,2,2,1,1,0,1,0,0,0
67,37,"18to20",220,3,3,0,1,0,1,0,0,0
68,46,"25to30",207,1,1,1,1,0,1,0,0,0
69,21,"15to18",70,1,1,1,1,0,1,0,0,0
70,49,"18to20",367,3,3,2,1,0,1,0,0,0
71,36,"15to18",225,1,1,0,1,0,0,0,1,0
72,27,"15to18",95,1,1,1,1,0,0,0,1,0
73,24,"20to22",55,3,3,1,1,0,0,0,1,0
74,32,"15to18",189,2,2,2,1,0,0,0,1,0
75,15,"0to15",11,1,1,0,1,0,0,0,1,0
76,36,"15to18",239,2,2,0,1,0,0,0,1,0
77,28,"22to25",77,1,1,1,1,0,1,0,0,0
78,48,"25to30",234,1,1,1,0,0,1,0,0,0
79,44,"18to20",295,1,1,1,1,0,1,0,0,0
80,43,"20to22",274,2,2,2,0,0,1,0,0,0
81,46,"25to30",229,1,1,0,1,0,1,0,0,0
82,26,"22to25",50,1,1,1,1,0,1,0,0,0
83,26,"20to22",65,1,1,1,1,0,1,0,0,0
84,40,"20to22",175,1,1,1,0,0,1,0,0,0
85,23,"18to20",48,1,1,1,1,0,1,0,0,0
86,28,"22to25",57,1,1,1,1,0,1,0,0,0
87,33,"15to18",223,2,2,1,1,0,1,0,0,0
88,27,"15to18",123,2,2,1,1,0,1,0,0,0
89,23,"20to22",42,2,2,1,1,0,0,0,1,0
90,21,"15to18",48,2,3,1,1,0,0,0,1,0
91,22,"18to20",52,3,2,2,1,0,0,0,1,0
92,20,"18to20",19,1,1,0,1,0,0,0,1,0
93,25,"22to25",38,0,0,0,1,0,0,0,1,0
94,28,"22to25",42,0,0,0,1,0,0,0,1,0
95,48,"25to30",256,1,1,0,0,0,0,0,1,0
96,33,"15to18",199,2,2,1,0,0,0,0,1,0
97,34,"0to15",240,5,5,4,1,0,0,0,1,0
98,46,"20to22",312,1,1,0,1,0,0,0,1,0
99,42,"22to25",207,2,2,0,1,0,0,0,1,0
100,32,"15to18",205,4,4,2,1,0,0,0,1,0
101,46,"25to30",222,1,1,1,1,0,0,0,1,0
102,33,"22to25",109,2,2,1,1,0,0,0,1,0
103,37,"18to20",227,2,2,2,1,0,0,0,1,0
104,28,"22to25",73,0,0,0,1,0,0,0,1,0
105,27,"25to30",4,0,0,0,1,0,0,0,1,0
106,42,"18to20",291,1,1,0,1,0,0,0,1,0
107,33,"22to25",103,1,1,0,1,0,0,0,1,0
108,22,"18to20",48,2,2,2,1,0,0,0,1,0
109,24,"18to20",50,1,0,0,1,0,0,0,1,0
110,24,"18to20",57,2,2,2,1,0,0,0,1,0
111,35,"18to20",202,6,5,2,1,0,0,0,1,0
112,46,"22to25",257,2,2,1,1,0,0,0,1,0
113,23,"22to25",17,1,1,0,1,0,0,0,1,0
114,36,"15to18",222,4,4,1,1,0,0,0,1,0
115,23,"15to18",69,2,2,1,1,0,0,0,1,0
116,33,"20to22",154,1,1,1,1,0,0,0,1,0
117,30,"20to22",102,1,1,1,1,0,0,0,1,0
118,28,"25to30",46,1,1,0,1,0,0,0,1,0
119,32,"25to30",66,1,1,0,1,0,0,0,1,0
120,33,"22to25",133,1,1,1,1,0,0,0,1,0
121,41,"18to20",270,9,9,6,1,0,0,0,1,0
122,37,"30toInf",54,0,0,0,1,0,0,0,1,0
123,35,"22to25",135,3,3,2,0,0,0,0,1,0
124,25,"15to18",117,3,3,1,1,0,0,0,1,0
125,34,"22to25",119,5,4,1,0,0,0,0,1,0
126,37,"18to20",231,3,3,1,1,0,0,0,1,0
127,39,"20to22",229,2,2,1,1,0,0,0,1,0
128,29,"15to18",173,3,3,2,1,0,0,0,1,0
129,24,"0to15",125,3,3,2,1,0,0,0,1,0
130,30,"20to22",100,2,2,1,1,0,0,0,1,0
131,29,"22to25",77,1,1,0,1,0,0,0,1,0
132,28,"18to20",127,1,1,1,1,0,0,0,1,0
133,39,"18to20",242,4,4,2,1,0,0,0,1,0
134,32,"20to22",144,3,3,1,1,0,0,0,1,0
135,30,"22to25",64,1,1,1,1,0,0,0,1,0
136,34,"22to25",117,2,2,1,1,0,0,0,1,0
137,33,"18to20",166,0,0,0,1,0,0,0,1,0
138,37,"15to18",248,1,1,1,1,0,0,0,1,0
139,41,"25to30",193,2,2,2,1,0,0,0,1,0
140,30,"22to25",93,2,2,0,1,0,0,0,1,0
141,28,"22to25",58,1,1,0,1,0,0,0,1,0
142,49,"25to30",289,2,2,1,1,0,0,0,1,0
143,23,"20to22",19,1,1,1,1,0,0,0,1,0
144,26,"20to22",76,2,2,2,1,0,0,0,1,0
145,20,"18to20",10,1,1,0,1,0,0,0,1,0
146,46,"25to30",227,2,2,1,1,0,0,0,1,0
147,33,"22to25",106,2,2,0,1,0,0,0,1,0
148,42,"22to25",217,0,0,0,1,0,0,0,1,0
149,37,"20to22",182,2,2,0,1,0,1,0,0,0
150,40,"18to20",249,1,1,0,1,0,1,0,0,0
151,43,"30toInf",133,1,1,1,0,0,1,0,0,0
152,31,"18to20",144,1,1,0,1,0,1,0,0,0
153,23,"18to20",54,1,1,1,1,0,1,0,0,0
154,28,"22to25",42,2,2,2,1,0,1,0,0,0
155,39,"20to22",219,1,1,1,1,0,1,0,0,0
156,30,"20to22",120,6,6,3,1,0,1,0,0,0
157,32,"18to20",156,6,6,3,1,0,1,0,0,0
158,29,"22to25",82,1,1,1,1,0,1,0,0,0
159,39,"22to25",189,2,2,1,1,0,1,0,0,0
160,43,"22to25",244,4,4,1,1,0,1,0,0,0
161,40,"22to25",219,2,2,1,1,0,1,0,0,0
162,46,"22to25",291,0,0,0,1,0,1,0,0,0
163,40,"22to25",195,4,4,3,1,0,1,0,0,0
164,40,"22to25",206,2,2,1,1,0,1,0,0,0
165,34,"18to20",182,2,2,1,1,0,1,0,0,0
166,42,"25to30",158,1,1,0,1,0,1,0,0,0
167,32,"18to20",168,2,2,2,1,0,1,0,0,0
168,41,"22to25",232,0,0,0,1,0,1,0,0,0
169,27,"20to22",82,1,1,1,1,0,1,0,0,0
170,31,"15to18",158,2,2,2,1,0,1,0,0,0
171,39,"25to30",144,2,2,1,1,0,1,0,0,0
172,25,"20to22",61,1,1,0,1,0,1,0,0,0
173,48,"18to20",353,2,2,1,1,0,1,0,0,0
174,40,"25to30",181,2,2,1,1,0,1,0,0,0
175,21,"20to22",16,0,0,0,1,0,1,0,0,0
176,41,"25to30",147,1,1,0,1,0,1,0,0,0
177,43,"18to20",211,2,2,2,1,0,1,0,0,0
178,37,"25to30",137,1,1,1,1,0,1,0,0,0
179,41,"22to25",196,2,2,2,1,0,1,0,0,0
180,35,"22to25",140,2,2,0,1,0,1,0,0,0
181,36,"20to22",187,2,2,1,1,0,1,0,0,0
182,39,"25to30",157,2,2,1,1,0,1,0,0,0
183,38,"20to22",203,2,2,1,1,0,1,0,0,0
184,33,"20to22",148,2,2,0,1,0,1,0,0,0
185,24,"20to22",56,1,1,1,1,0,0,0,1,0
186,36,"25to30",130,2,2,0,1,0,0,0,1,0
187,31,"22to25",87,2,2,1,1,0,0,0,1,0
188,25,"18to20",89,2,2,1,0,0,0,0,1,0
189,45,"18to20",323,2,2,2,1,0,0,0,1,0
190,44,"20to22",277,2,2,1,1,0,0,0,1,0
191,46,"20to22",313,1,1,0,1,0,0,0,1,0
192,46,"20to22",311,4,4,1,1,0,0,0,1,0
193,16,"0to15",32,1,1,1,1,0,0,0,1,0
194,45,"20to22",297,1,1,0,1,0,0,0,1,0
195,23,"15to18",60,0,0,0,1,0,0,0,1,0
196,29,"22to25",82,1,1,1,1,0,0,0,1,0
197,41,"18to20",269,2,2,1,1,0,0,0,1,0
198,41,"22to25",225,1,1,0,1,0,0,0,1,0
199,35,"18to20",205,2,2,1,1,0,0,0,1,0
200,38,"20to22",211,1,1,1,1,0,0,0,1,0
201,48,"22to25",225,0,0,0,1,0,0,0,1,0
202,47,"20to22",307,1,1,0,1,0,0,0,1,0
203,21,"20to22",2,1,1,0,1,0,0,0,1,0
204,47,"22to25",173,3,3,1,1,0,0,0,1,0
205,49,"25to30",287,1,1,1,1,0,0,0,1,0
206,26,"15to18",125,2,2,0,1,0,0,0,1,0
207,33,"25to30",81,4,5,1,1,0,0,0,1,0
208,35,"20to22",174,1,1,1,1,1,0,0,0,0
209,48,"22to25",294,2,2,1,0,1,0,0,0,0
210,43,"20to22",280,2,2,1,1,1,0,0,0,0
211,36,"15to18",229,7,7,4,1,1,0,0,0,0
212,23,"15to18",93,3,3,0,1,1,0,0,0,0
213,26,"18to20",82,4,3,3,0,1,0,0,0,0
214,49,"15to18",224,11,11,7,1,1,0,0,0,0
215,22,"0to15",110,5,4,1,0,1,0,0,0,0
216,15,"0to15",43,2,1,1,1,1,0,0,0,0
217,39,"22to25",205,4,4,2,0,1,0,0,0,0
218,26,"22to25",58,3,3,1,1,1,0,0,0,0
219,33,"18to20",91,1,1,1,1,1,0,0,0,0
220,39,"15to18",271,2,2,1,1,1,0,0,0,0
221,19,"15to18",19,1,1,1,1,1,0,0,0,0
222,42,"25to30",146,2,2,1,1,1,0,0,0,0
223,34,"20to22",168,1,1,1,1,1,0,0,0,0
224,33,"25to30",99,1,1,0,1,1,0,0,0,0
225,25,"22to25",30,1,1,0,1,1,0,0,0,0
226,27,"20to22",76,2,2,1,1,1,0,0,0,0
227,32,"20to22",145,1,1,0,1,1,0,0,0,0
228,24,"18to20",75,2,2,1,1,1,0,0,0,0
229,28,"22to25",57,1,1,0,1,1,0,0,0,0
230,34,"25to30",106,1,1,1,1,1,0,0,0,0
231,25,"20to22",64,1,1,1,1,1,0,0,0,0
232,48,"20to22",345,2,2,2,1,1,0,0,0,0
233,23,"15to18",83,3,3,1,0,1,0,0,0,0
234,31,"18to20",139,5,4,2,1,1,0,0,0,0
235,30,"22to25",85,1,1,0,1,1,0,0,0,0
236,49,"20to22",337,4,4,2,0,1,0,0,0,0
237,48,"30toInf",176,1,1,1,1,1,0,0,0,0
238,40,"30toInf",64,1,1,1,1,1,0,0,0,0
239,37,"15to18",268,1,1,1,0,1,0,0,0,0
240,46,"15to18",365,2,2,0,1,1,0,0,0,0
241,31,"15to18",169,3,3,1,1,1,0,0,0,0
242,41,"18to20",216,1,1,0,1,1,0,0,0,0
243,25,"22to25",16,0,0,0,1,0,1,0,0,0
244,39,"30toInf",105,1,1,0,1,0,1,0,0,0
245,30,"15to18",168,2,2,2,1,0,1,0,0,0
246,33,"25to30",89,1,1,0,1,0,1,0,0,0
247,48,"18to20",356,1,1,1,1,0,1,0,0,0
248,36,"18to20",203,2,3,2,1,0,1,0,0,0
249,35,"15to18",171,1,1,1,1,0,1,0,0,0
250,48,"20to22",344,1,1,1,1,0,1,0,0,0
251,42,"18to20",289,2,2,0,1,0,1,0,0,0
252,42,"25to30",190,1,1,0,0,0,1,0,0,0
253,42,"22to25",221,1,1,1,1,0,1,0,0,0
254,39,"25to30",152,3,3,0,1,0,1,0,0,0
255,42,"30toInf",22,0,0,0,1,0,1,0,0,0
256,47,"22to25",297,1,1,0,1,0,1,0,0,0
257,45,"18to20",321,2,2,0,1,0,1,0,0,0
258,26,"20to22",8,1,1,0,0,0,1,0,0,0
259,42,"18to20",272,2,2,1,1,0,1,0,0,0
260,30,"22to25",81,1,1,0,1,0,1,0,0,0
261,37,"22to25",158,3,3,2,1,0,1,0,0,0
262,25,"18to20",75,1,1,1,1,0,1,0,0,0
263,19,"18to20",15,1,1,0,1,0,1,0,0,0
264,38,"18to20",239,4,4,2,1,0,1,0,0,0
265,42,"20to22",249,2,2,2,1,0,1,0,0,0
266,23,"22to25",15,0,0,0,1,0,0,0,1,0
267,31,"25to30",41,2,2,1,1,0,0,0,1,0
268,47,"18to20",346,1,1,0,1,0,0,0,1,0
269,29,"15to18",140,1,1,1,1,0,0,0,1,0
270,41,"15to18",316,3,3,1,0,0,0,0,1,0
271,24,"20to22",46,1,1,0,1,0,0,0,1,0
272,43,"25to30",204,2,2,1,0,0,0,0,1,0
273,33,"0to15",239,4,4,2,0,0,0,0,1,0
274,29,"22to25",69,2,2,2,1,0,0,0,1,0
275,23,"15to18",80,3,3,0,1,0,0,0,1,0
276,40,"20to22",234,3,3,2,0,0,0,0,1,0
277,34,"22to25",134,1,1,1,1,0,0,0,1,0
278,46,"20to22",303,1,1,1,1,0,0,0,1,0
279,47,"18to20",343,3,3,0,1,0,0,0,1,0
280,39,"15to18",267,2,2,1,1,0,0,0,1,0
281,41,"25to30",186,1,1,1,0,0,0,0,1,0
282,37,"20to22",205,1,1,1,1,0,0,0,1,0
283,42,"25to30",136,1,1,1,1,0,0,0,1,0
284,47,"25to30",262,3,3,2,0,0,0,0,1,0
285,39,"22to25",206,1,1,1,1,0,0,0,1,0
286,49,"30toInf",62,0,0,0,1,0,0,0,1,0
287,31,"20to22",129,1,1,0,1,0,0,0,1,0
288,42,"22to25",232,4,4,2,0,0,0,0,1,0
289,34,"20to22",160,2,2,2,1,0,0,0,1,0
290,31,"20to22",110,1,1,0,1,0,0,0,1,0
291,37,"18to20",225,4,4,1,1,0,0,0,1,0
292,37,"25to30",146,2,2,2,1,0,0,0,1,0
293,23,"22to25",16,1,0,0,1,0,0,0,1,0
294,37,"20to22",197,1,1,0,1,0,0,0,1,0
295,27,"18to20",116,2,2,2,1,0,0,0,1,0
296,41,"15to18",290,2,2,1,1,0,0,0,1,0
297,26,"22to25",51,1,1,0,1,0,0,0,1,0
298,23,"18to20",67,1,1,1,1,0,0,0,1,0
299,47,"22to25",274,3,3,2,1,0,0,0,1,0
300,21,"18to20",27,1,1,1,1,0,0,0,1,0
301,27,"15to18",125,2,2,2,1,0,0,0,1,0
302,43,"22to25",239,2,2,1,1,0,0,0,1,0
303,41,"25to30",139,2,2,1,1,0,0,0,1,0
304,38,"22to25",169,2,2,1,1,0,0,0,1,0
305,25,"18to20",64,1,1,0,1,0,0,0,1,0
306,48,"20to22",328,1,1,0,0,0,0,0,1,0
307,45,"20to22",294,2,2,2,1,0,0,0,1,0
308,36,"25to30",139,1,1,0,1,0,0,0,1,0
309,33,"22to25",121,1,1,0,1,0,0,0,1,0
310,39,"22to25",182,2,2,0,1,0,0,0,1,0
311,42,"18to20",278,5,5,3,1,0,0,0,1,0
312,29,"15to18",146,2,2,2,1,0,0,0,1,0
313,34,"22to25",143,1,1,1,1,0,0,0,1,0
314,33,"22to25",120,2,2,1,1,0,0,0,1,0
315,45,"25to30",219,2,2,0,1,0,0,0,1,0
316,21,"15to18",60,1,1,1,1,0,0,0,1,0
317,48,"25to30",185,1,1,0,1,0,0,0,1,0
318,24,"18to20",71,2,2,1,1,0,0,0,1,0
319,46,"20to22",303,4,4,3,0,0,0,0,1,0
320,42,"30toInf",64,0,0,0,1,0,0,0,1,0
321,42,"30toInf",126,1,1,1,1,0,0,0,1,0
322,35,"18to20",209,2,2,2,1,0,0,0,1,0
323,32,"22to25",116,1,1,0,1,0,0,0,1,0
324,47,"22to25",287,2,2,2,1,0,0,0,1,0
325,48,"22to25",321,2,2,1,0,0,0,0,1,0
326,25,"18to20",79,1,1,1,1,0,0,0,1,0
327,32,"22to25",98,1,1,1,1,0,0,0,1,0
328,37,"15to18",248,2,2,2,1,0,0,0,1,0
329,41,"22to25",220,2,2,1,1,1,0,0,0,0
330,42,"15to18",304,4,4,3,1,1,0,0,0,0
331,25,"20to22",59,4,4,0,1,1,0,0,0,0
332,32,"18to20",141,3,3,1,1,1,0,0,0,0
333,30,"18to20",128,2,2,1,1,1,0,0,0,0
334,39,"20to22",225,2,2,1,1,1,0,0,0,0
335,30,"22to25",95,2,2,1,1,1,0,0,0,0
336,32,"20to22",133,2,2,2,1,1,0,0,0,0
337,27,"20to22",79,2,2,1,1,1,0,0,0,0
338,34,"18to20",191,2,2,1,1,1,0,0,0,0
339,34,"25to30",108,1,1,1,1,1,0,0,0,0
340,34,"18to20",190,6,6,4,1,1,0,0,0,0
341,23,"18to20",51,3,3,2,1,1,0,0,0,0
342,37,"22to25",180,1,1,1,1,1,0,0,0,0
343,33,"25to30",72,2,2,2,1,1,0,0,0,0
344,39,"25to30",159,2,2,0,0,1,0,0,0,0
345,22,"20to22",28,2,1,1,1,1,0,0,0,0
346,31,"20to22",114,2,2,2,1,1,0,0,0,0
347,30,"20to22",109,2,2,0,1,1,0,0,0,0
348,35,"22to25",154,1,1,0,1,1,0,0,0,0
349,21,"20to22",15,0,0,0,1,1,0,0,0,0
350,34,"22to25",121,1,1,1,1,1,0,0,0,0
351,36,"25to30",120,2,2,0,1,1,0,0,0,0
352,35,"22to25",148,2,2,1,1,1,0,0,0,0
353,36,"15to18",227,0,0,0,1,1,0,0,0,0
354,30,"20to22",61,3,3,2,1,1,0,0,0,0
355,33,"20to22",139,2,2,0,1,1,0,0,0,0
356,32,"22to25",118,1,1,1,1,1,0,0,0,0
357,38,"20to22",202,1,1,1,1,1,0,0,0,0
358,23,"20to22",26,1,1,1,1,1,0,0,0,0
359,37,"22to25",166,2,2,1,1,1,0,0,0,0
360,48,"25to30",249,1,1,0,1,1,0,0,0,0
361,21,"18to20",35,1,0,0,1,1,0,0,0,0
362,18,"0to15",35,1,1,1,1,1,0,0,0,0
363,45,"30toInf",178,3,3,1,0,1,0,0,0,0
364,44,"15to18",357,2,2,2,1,1,0,0,0,0
365,31,"0to15",203,5,5,3,1,1,0,0,0,0
366,36,"22to25",166,2,2,1,1,1,0,0,0,0
367,32,"18to20",149,2,2,1,1,1,0,0,0,0
368,49,"22to25",297,1,1,1,0,1,0,0,0,0
369,21,"20to22",3,1,0,0,1,1,0,0,0,0
370,32,"18to20",172,3,3,2,1,1,0,0,0,0
371,48,"18to20",361,4,4,1,1,1,0,0,0,0
372,39,"25to30",128,1,1,1,0,1,0,0,0,0
373,25,"15to18",119,2,2,0,1,1,0,0,0,0
374,45,"22to25",268,4,4,0,0,1,0,0,0,0
375,46,"25to30",241,4,4,2,1,1,0,0,0,0
376,21,"18to20",39,1,1,0,1,1,0,0,0,0
377,36,"20to22",196,2,2,1,1,1,0,0,0,0
378,49,"15to18",381,3,3,1,1,1,0,0,0,0
379,39,"18to20",246,2,2,0,1,1,0,0,0,0
380,48,"25to30",233,2,2,1,1,0,0,0,1,0
381,31,"18to20",146,2,2,0,1,0,0,0,1,0
382,23,"22to25",1,0,0,0,1,0,0,0,1,0
383,18,"15to18",45,1,1,0,1,0,0,0,1,0
384,32,"22to25",96,2,2,0,1,0,0,0,1,0
385,26,"18to20",78,2,2,2,1,0,0,0,1,0
386,24,"15to18",104,2,2,1,1,0,0,0,1,0
387,38,"15to18",273,3,3,2,1,0,0,0,1,0
388,39,"22to25",175,2,2,1,1,0,0,0,1,0
389,20,"15to18",34,1,1,1,1,0,0,0,1,0
390,41,"22to25",238,2,2,0,1,0,0,0,1,0
391,42,"18to20",281,1,1,1,1,0,0,0,1,0
392,47,"18to20",346,2,2,1,1,0,0,0,1,0
393,40,"22to25",200,1,1,1,1,0,0,0,1,0
394,46,"20to22",307,2,2,2,1,0,0,0,1,0
395,38,"15to18",265,3,3,0,1,0,0,0,1,0
396,46,"25to30",230,2,2,1,1,0,0,0,1,0
397,31,"15to18",183,2,2,1,1,0,0,0,1,0
398,25,"18to20",75,2,2,1,1,0,0,0,1,0
399,39,"18to20",246,3,3,2,1,0,0,0,1,0
400,29,"25to30",8,1,0,0,1,0,0,0,1,0
401,41,"25to30",164,2,2,1,1,0,0,0,1,0
402,40,"22to25",185,3,3,1,1,0,0,0,1,0
403,42,"20to22",263,1,1,0,1,0,0,0,1,0
404,26,"22to25",22,1,1,0,1,0,0,0,1,0
405,47,"25to30",240,2,2,2,1,0,0,0,1,0
406,31,"0to15",100,3,3,2,0,0,0,0,1,0
407,43,"18to20",289,2,2,1,1,0,0,0,1,0
408,20,"18to20",14,1,0,0,1,0,0,0,1,0
409,24,"20to22",58,2,2,2,1,0,0,0,1,0
410,40,"22to25",210,1,1,0,1,0,0,0,1,0
411,48,"25to30",235,2,2,1,1,0,0,0,1,0
412,47,"15to18",357,5,5,2,1,0,0,0,1,0
413,36,"22to25",164,1,1,1,1,0,0,0,1,0
414,32,"22to25",110,5,5,5,1,0,1,0,0,0
415,34,"20to22",166,4,4,2,1,0,1,0,0,0
416,45,"20to22",303,4,5,4,0,0,1,0,0,0
417,46,"30toInf",181,4,4,1,1,0,1,0,0,0
418,21,"20to22",10,0,0,0,1,0,1,0,0,0
419,18,"15to18",13,1,1,1,1,0,1,0,0,0
420,42,"18to20",266,3,3,2,1,0,1,0,0,0
421,19,"18to20",6,0,0,0,1,0,1,0,0,0
422,30,"20to22",117,2,2,2,1,0,1,0,0,0
423,40,"18to20",216,4,4,1,0,0,1,0,0,0
424,27,"20to22",78,2,2,2,1,0,1,0,0,0
425,29,"20to22",101,1,1,0,1,0,1,0,0,0
426,49,"18to20",367,3,3,2,1,0,1,0,0,0
427,41,"25to30",144,2,2,2,1,0,1,0,0,0
428,26,"20to22",58,1,1,0,1,0,1,0,0,0
429,31,"20to22",139,2,2,0,1,0,1,0,0,0
430,46,"18to20",337,6,6,2,0,0,1,0,0,0
431,48,"22to25",287,1,1,1,1,0,1,0,0,0
432,34,"22to25",119,3,3,2,1,0,1,0,0,0
433,31,"25to30",70,0,0,0,1,0,1,0,0,0
434,46,"25to30",225,0,0,0,1,0,1,0,0,0
435,48,"25to30",251,3,3,3,0,0,1,0,0,0
436,36,"20to22",194,2,2,2,1,0,1,0,0,0
437,42,"25to30",209,2,2,1,1,0,1,0,0,0
438,35,"20to22",168,2,2,2,1,0,1,0,0,0
439,36,"18to20",200,3,3,2,1,0,1,0,0,0
440,32,"20to22",147,2,2,0,1,0,1,0,0,0
441,24,"20to22",53,1,1,1,1,0,1,0,0,0
442,42,"15to18",302,4,4,1,1,0,1,0,0,0
443,37,"22to25",158,3,3,2,1,0,1,0,0,0
444,37,"22to25",170,2,2,0,1,0,1,0,0,0
445,46,"22to25",265,2,2,2,0,0,1,0,0,0
446,32,"20to22",143,4,4,3,1,0,1,0,0,0
447,27,"22to25",54,2,2,2,1,0,1,0,0,0
448,49,"18to20",362,14,14,8,0,0,1,0,0,0
449,39,"22to25",175,2,2,2,1,0,1,0,0,0
450,44,"30toInf",142,1,1,0,1,0,1,0,0,0
451,32,"15to18",183,2,2,2,1,0,1,0,0,0
452,38,"25to30",120,2,2,1,1,0,1,0,0,0
453,35,"25to30",122,1,1,1,1,0,1,0,0,0
454,35,"25to30",114,2,2,1,1,0,1,0,0,0
455,31,"22to25",98,2,2,0,1,0,1,0,0,0
456,49,"22to25",307,2,2,0,1,0,1,0,0,0
457,32,"20to22",122,3,3,1,1,0,1,0,0,0
458,35,"30toInf",41,2,2,0,1,0,1,0,0,0
459,35,"22to25",135,2,2,1,1,0,1,0,0,0
460,31,"22to25",112,3,3,2,1,0,1,0,0,0
461,29,"22to25",59,0,0,0,1,0,1,0,0,0
462,29,"25to30",22,1,1,1,1,0,1,0,0,0
463,38,"25to30",133,2,2,1,1,0,1,0,0,0
464,26,"22to25",48,1,0,0,1,0,1,0,0,0
465,29,"22to25",73,1,1,0,1,0,1,0,0,0
466,39,"22to25",208,2,2,2,1,0,1,0,0,0
467,43,"25to30",176,2,2,2,1,0,1,0,0,0
468,36,"20to22",93,1,1,0,1,0,1,0,0,0
469,36,"18to20",142,1,1,1,1,0,1,0,0,0
470,27,"20to22",80,3,3,2,1,0,1,0,0,0
471,35,"25to30",102,2,2,1,1,0,1,0,0,0
472,38,"25to30",147,2,2,1,1,0,1,0,0,0
473,35,"20to22",179,2,2,2,1,0,1,0,0,0
474,47,"18to20",352,4,4,2,1,0,1,0,0,0
475,27,"22to25",59,1,1,0,1,0,1,0,0,0
476,48,"18to20",343,1,1,1,1,0,1,0,0,0
477,45,"25to30",239,2,2,1,1,0,1,0,0,0
478,33,"25to30",97,3,3,1,1,0,1,0,0,0
479,38,"22to25",183,3,3,2,1,0,1,0,0,0
480,47,"22to25",248,1,1,1,1,0,1,0,0,0
481,28,"0to15",123,4,5,4,1,0,1,0,0,0
482,47,"15to18",375,4,4,2,1,0,1,0,0,0
483,27,"22to25",49,1,1,1,1,0,1,0,0,0
484,19,"15to18",30,2,2,2,1,0,1,0,0,0
485,24,"22to25",18,1,1,1,1,0,1,0,0,0
486,46,"22to25",281,3,3,1,1,0,1,0,0,0
487,29,"22to25",83,2,2,1,1,0,1,0,0,0
488,46,"25to30",250,2,2,1,1,0,0,0,1,0
489,34,"18to20",183,10,10,8,1,0,0,0,1,0
490,36,"22to25",170,8,8,5,0,0,0,0,1,0
491,49,"20to22",347,8,8,3,0,0,0,0,1,0
492,20,"18to20",15,1,1,0,1,0,0,0,1,0
493,30,"22to25",81,2,2,1,1,0,0,0,1,0
494,35,"18to20",207,7,7,4,1,0,0,0,1,0
495,34,"25to30",99,0,0,0,1,0,0,0,1,0
496,23,"18to20",47,2,2,0,1,0,0,0,1,0
497,48,"15to18",378,10,11,4,0,0,0,0,1,0
498,41,"15to18",283,3,3,2,0,0,0,0,1,0
499,42,"30toInf",42,1,1,0,1,0,0,0,1,0
500,37,"20to22",195,5,5,2,1,0,0,0,1,0
501,47,"18to20",339,2,2,1,0,0,0,0,1,0
502,37,"18to20",217,3,3,2,1,0,0,0,1,0
503,25,"22to25",34,1,1,1,1,0,0,0,1,0
504,29,"20to22",110,3,3,1,1,0,0,0,1,0
505,44,"15to18",338,3,3,1,0,0,0,0,1,0
506,21,"18to20",30,2,2,2,1,0,0,0,1,0
507,35,"22to25",133,4,4,2,1,0,0,0,1,0
508,26,"22to25",46,2,1,1,1,0,0,0,1,0
509,48,"22to25",192,4,4,3,0,0,0,0,1,0
510,41,"15to18",288,4,4,3,1,0,0,0,1,0
511,38,"20to22",220,4,4,1,1,0,0,0,1,0
512,23,"22to25",10,1,1,0,1,0,0,0,1,0
513,20,"18to20",23,2,1,1,1,0,0,0,1,0
514,49,"22to25",311,11,11,5,0,0,0,0,1,0
515,38,"25to30",133,1,1,0,1,0,0,0,1,0
516,48,"20to22",342,10,10,2,0,0,0,0,1,0
517,49,"20to22",343,0,0,0,0,0,0,0,1,0
518,45,"22to25",280,2,2,0,1,0,0,0,1,0
519,19,"18to20",11,1,0,0,1,0,0,0,1,0
520,31,"20to22",130,3,3,1,1,0,0,0,1,0
521,40,"22to25",214,2,2,2,0,0,0,0,1,0
522,47,"22to25",246,4,4,1,0,0,0,0,1,0
523,22,"18to20",50,1,1,1,1,0,0,0,1,0
524,48,"22to25",298,6,6,2,0,0,0,0,1,0
525,40,"18to20",245,3,3,2,1,0,0,0,1,0
526,36,"20to22",179,5,5,0,1,0,0,0,1,0
527,18,"15to18",23,1,1,0,1,0,0,0,1,0
528,34,"25to30",95,3,3,2,1,0,0,0,1,0
529,46,"18to20",86,0,0,0,1,0,0,0,1,0
530,35,"15to18",212,10,10,5,1,0,0,0,1,0
531,24,"20to22",35,0,0,0,1,0,0,0,1,0
532,21,"18to20",42,2,2,1,1,0,0,0,1,0
533,24,"20to22",40,2,2,0,1,0,0,0,1,0
534,35,"22to25",37,1,1,0,1,0,0,0,1,0
535,43,"18to20",287,2,2,0,1,0,0,0,1,0
536,45,"20to22",306,4,4,4,1,0,0,0,1,0
537,24,"18to20",63,2,2,1,1,0,0,0,1,0
538,38,"20to22",225,2,2,2,1,0,0,0,1,0
539,31,"18to20",138,2,2,1,1,0,0,0,1,0
540,31,"30toInf",8,1,0,0,1,0,0,0,1,0
541,24,"18to20",65,2,1,1,1,0,0,0,1,0
542,22,"20to22",27,1,1,0,1,0,0,0,1,0
543,29,"22to25",85,1,1,1,1,0,0,0,1,0
544,33,"22to25",135,2,2,2,1,0,0,0,1,0
545,32,"20to22",141,2,2,1,1,0,0,0,1,0
546,30,"20to22",121,1,1,1,1,0,0,0,1,0
547,27,"20to22",71,1,1,0,1,0,0,0,1,0
548,47,"22to25",277,1,1,0,1,0,0,0,1,0
549,25,"0to15",156,1,1,1,1,0,0,0,1,0
550,27,"22to25",50,1,1,1,1,0,0,0,1,0
551,37,"15to18",246,2,2,2,1,0,0,0,1,0
552,24,"15to18",80,2,2,1,1,0,0,0,1,0
553,28,"25to30",9,0,0,0,1,0,0,0,1,0
554,38,"22to25",183,2,3,1,0,0,0,0,1,0
555,22,"20to22",3,0,0,0,1,0,0,0,1,0
556,34,"22to25",150,2,2,2,1,0,0,0,1,0
557,41,"25to30",198,1,1,0,1,0,0,0,1,0
558,37,"18to20",220,2,2,1,1,0,0,0,1,0
559,46,"20to22",298,2,2,1,1,0,0,0,1,0
560,48,"20to22",345,1,1,1,1,0,0,0,1,0
561,36,"22to25",145,1,1,0,1,0,0,0,1,0
562,39,"18to20",239,5,5,2,1,0,0,0,1,0
563,31,"20to22",120,2,2,1,1,0,0,0,1,0
564,21,"20to22",2,1,0,0,1,0,0,0,1,0
565,43,"15to18",304,2,2,1,1,0,0,0,1,0
566,20,"20to22",1,0,0,0,1,0,0,0,1,0
567,36,"22to25",142,4,4,2,1,0,0,0,1,0
568,42,"15to18",304,1,1,0,1,0,0,0,1,0
569,29,"25to30",20,1,1,0,1,0,0,0,1,0
570,41,"22to25",234,3,3,2,1,0,0,0,1,0
571,43,"22to25",230,1,1,1,1,0,0,0,1,0
572,26,"20to22",71,0,0,0,1,0,0,0,1,0
573,44,"22to25",263,2,2,1,1,0,0,0,1,0
574,43,"30toInf",163,3,3,2,0,0,0,0,1,0
575,47,"22to25",287,2,2,2,1,0,0,0,1,0
576,41,"25to30",175,4,4,1,1,0,0,0,1,0
577,43,"20to22",281,1,1,0,1,0,0,0,1,0
578,22,"18to20",28,2,2,1,1,0,0,0,1,0
579,30,"20to22",113,2,2,0,1,0,0,0,1,0
580,47,"25to30",263,3,3,1,1,0,0,0,1,0
581,43,"22to25",244,3,3,1,1,0,0,0,1,0
582,27,"22to25",50,1,1,0,1,0,0,0,1,0
583,47,"22to25",305,3,3,3,1,0,0,0,1,0
584,46,"18to20",339,3,3,1,1,0,0,0,1,0
585,32,"22to25",116,2,2,1,1,0,0,0,1,0
586,40,"18to20",257,5,5,3,1,0,0,0,1,0
587,20,"15to18",27,2,2,1,1,0,0,0,1,0
588,49,"22to25",298,2,2,1,1,0,0,0,1,0
589,40,"18to20",254,0,0,0,1,0,0,0,1,0
590,21,"20to22",3,0,0,0,1,0,0,0,1,0
591,46,"18to20",329,3,3,2,1,0,0,0,1,0
592,20,"18to20",28,1,0,0,1,0,0,0,1,0
593,27,"18to20",103,2,2,2,1,0,0,0,1,0
594,39,"20to22",232,2,2,1,0,0,0,0,1,0
595,39,"0to15",295,2,2,1,1,0,0,0,1,0
596,24,"22to25",11,1,1,0,1,0,0,0,1,0
597,40,"20to22",232,1,1,1,1,0,0,0,1,0
598,48,"20to22",335,2,2,1,1,0,0,0,1,0
599,44,"18to20",293,5,5,2,1,0,0,0,1,0
600,21,"20to22",6,0,0,0,1,0,0,0,1,0
601,46,"20to22",304,2,2,0,1,0,0,0,1,0
602,46,"18to20",331,5,5,1,1,0,0,0,1,0
603,20,"18to20",23,2,1,0,1,0,0,0,1,0
604,39,"15to18",260,7,7,2,1,0,0,0,1,0
605,29,"20to22",108,3,3,3,1,0,0,0,1,0
606,27,"18to20",43,2,2,2,1,0,0,0,1,0
607,25,"20to22",52,2,2,2,1,0,0,0,1,0
608,34,"25to30",101,5,5,2,1,0,0,0,1,0
609,33,"22to25",123,3,3,2,1,0,0,0,1,0
610,25,"20to22",48,1,1,0,1,0,0,0,1,0
611,22,"20to22",14,1,1,1,1,0,0,0,1,0
612,36,"20to22",192,4,4,2,1,0,0,0,1,0
613,24,"20to22",48,2,2,1,1,0,0,0,1,0
614,32,"18to20",170,6,6,4,1,0,0,0,1,0
615,30,"20to22",112,3,3,2,1,0,0,0,1,0
616,49,"18to20",362,10,10,4,0,0,0,0,1,0
617,40,"25to30",166,2,2,1,1,0,0,0,1,0
618,47,"18to20",328,7,8,2,0,0,0,0,1,0
619,48,"22to25",314,4,4,2,1,0,0,0,1,0
620,41,"22to25",238,4,4,3,0,0,0,0,1,0
621,35,"25to30",100,3,3,0,1,0,0,0,1,0
622,31,"20to22",138,4,4,3,1,0,0,0,1,0
623,23,"15to18",73,3,2,2,1,0,0,0,1,0
624,36,"22to25",166,7,7,3,0,0,0,0,1,0
625,19,"18to20",20,1,1,0,1,0,0,0,1,0
626,47,"22to25",278,5,5,2,1,0,0,0,1,0
627,25,"22to25",13,0,0,0,1,0,0,0,1,0
628,30,"22to25",75,2,1,0,1,0,0,0,1,0
629,37,"22to25",183,2,2,1,0,0,0,0,1,0
630,20,"18to20",20,0,0,0,1,0,0,0,1,0
631,22,"18to20",39,2,2,1,1,0,0,0,1,0
632,45,"18to20",203,4,4,1,1,0,0,0,1,0
633,29,"18to20",130,2,2,1,1,0,0,0,1,0
634,44,"25to30",209,0,0,0,1,0,0,0,1,0
635,25,"20to22",53,1,1,0,1,0,0,0,1,0
636,41,"30toInf",62,2,3,2,0,0,0,0,1,0
637,33,"18to20",168,2,2,2,1,0,0,0,1,0
638,26,"25to30",16,1,1,1,1,0,0,0,1,0
639,27,"22to25",28,1,1,1,1,0,0,0,1,0
640,27,"22to25",45,1,1,0,1,0,0,0,1,0
641,49,"18to20",351,1,1,1,1,0,0,0,1,0
642,31,"20to22",123,2,2,2,1,0,0,0,1,0
643,35,"15to18",246,7,7,6,1,0,0,0,1,0
644,23,"15to18",40,2,2,1,1,0,0,0,1,0
645,25,"18to20",72,1,1,0,1,0,0,0,1,0
646,22,"18to20",44,1,1,1,1,0,0,0,1,0
647,24,"22to25",24,1,2,0,1,0,0,0,1,0
648,49,"22to25",329,10,10,4,1,0,0,0,1,0
649,31,"20to22",128,2,2,0,1,0,0,0,1,0
650,44,"20to22",287,4,4,1,1,0,0,0,1,0
651,24,"15to18",103,2,2,0,1,0,0,0,1,0
652,35,"15to18",226,3,3,2,1,0,0,0,1,0
653,44,"15to18",322,2,2,2,1,0,0,0,1,0
654,22,"18to20",30,1,1,0,1,0,0,0,1,0
655,42,"22to25",228,3,3,2,1,0,0,0,1,0
656,44,"18to20",301,3,3,2,1,0,0,0,1,0
657,41,"18to20",268,2,2,2,1,0,0,0,1,0
658,39,"20to22",223,1,1,1,1,0,0,0,1,0
659,27,"20to22",86,2,2,2,1,0,0,0,1,0
660,43,"25to30",210,2,2,1,0,0,0,0,1,0
661,21,"18to20",35,1,1,0,1,0,0,0,1,0
662,30,"22to25",75,2,2,1,1,0,0,0,1,0
663,27,"18to20",99,1,1,1,1,0,0,0,1,0
664,40,"22to25",208,5,5,5,1,0,0,0,1,0
665,24,"20to22",50,2,2,1,1,0,0,0,1,0
666,27,"22to25",58,2,2,1,1,0,0,0,1,0
667,35,"20to22",179,3,3,2,1,0,0,0,1,0
668,25,"22to25",28,1,1,1,1,0,0,0,1,0
669,49,"25to30",287,3,3,2,1,0,0,0,1,0
670,40,"25to30",175,6,6,4,1,0,0,0,1,0
671,35,"20to22",181,3,3,3,1,0,0,0,1,0
672,35,"25to30",69,4,4,2,0,0,0,0,1,0
673,27,"18to20",99,6,6,4,0,0,0,0,1,0
674,46,"15to18",379,0,0,0,1,0,0,0,1,0
675,41,"18to20",275,4,4,1,1,0,0,0,1,0
676,32,"22to25",122,2,2,0,1,0,0,0,1,0
677,35,"20to22",176,3,3,0,0,0,0,0,1,0
678,27,"18to20",106,4,4,0,1,0,0,0,1,0
679,43,"25to30",160,2,2,0,1,0,0,0,1,0
680,39,"20to22",219,2,2,1,1,0,0,0,1,0
681,32,"20to22",136,3,3,1,1,0,0,0,1,0
682,48,"18to20",359,6,6,3,0,0,0,0,1,0
683,45,"22to25",269,2,2,1,1,0,0,0,1,0
684,45,"18to20",334,1,1,1,1,0,0,0,1,0
685,26,"22to25",48,1,1,1,1,0,0,0,1,0
686,24,"18to20",70,2,3,0,1,0,0,0,1,0
687,23,"20to22",28,1,1,0,1,0,0,0,1,0
688,38,"20to22",218,1,1,0,1,0,0,0,1,0
689,47,"20to22",311,4,4,2,0,0,0,0,1,0
690,23,"20to22",39,2,2,0,1,0,0,0,1,0
691,34,"22to25",118,2,3,1,1,0,0,0,1,0
692,41,"22to25",186,0,0,0,1,0,0,0,1,0
693,49,"15to18",376,6,6,2,1,0,0,0,1,0
694,36,"25to30",128,3,3,2,1,0,0,0,1,0
695,29,"22to25",83,2,2,1,1,0,0,0,1,0
696,35,"30toInf",34,1,1,0,0,0,0,0,1,0
697,48,"25to30",263,2,2,1,1,0,0,0,1,0
698,41,"30toInf",113,1,1,1,1,0,0,0,1,0
699,36,"22to25",155,3,3,2,1,0,0,0,1,0
700,27,"25to30",4,0,0,0,1,0,0,0,1,0
701,36,"25to30",107,1,1,1,1,0,0,0,1,0
702,42,"30toInf",146,1,1,1,1,0,0,0,1,0
703,38,"22to25",183,1,1,0,1,0,0,0,1,0
704,48,"22to25",305,5,5,3,1,0,0,0,1,0
705,38,"22to25",184,3,3,2,1,0,0,0,1,0
706,39,"25to30",158,2,2,2,1,0,0,0,1,0
707,37,"22to25",174,2,2,1,1,0,0,0,1,0
708,26,"22to25",29,1,1,1,1,0,0,0,1,0
709,49,"22to25",310,7,7,5,0,0,0,0,1,0
710,31,"20to22",115,1,1,0,1,0,0,0,1,0
711,36,"18to20",204,7,7,2,0,0,0,0,1,0
712,37,"22to25",179,6,6,2,0,0,0,0,1,0
713,43,"22to25",251,5,5,2,0,0,0,0,1,0
714,47,"25to30",264,5,5,2,1,0,0,0,1,0
715,21,"20to22",2,0,0,0,1,0,0,0,1,0
716,46,"25to30",261,6,6,4,0,0,0,0,1,0
717,24,"20to22",40,3,2,2,1,0,0,0,1,0
718,39,"22to25",199,2,2,0,1,0,0,0,1,0
719,44,"25to30",192,4,4,1,1,0,0,0,1,0
720,41,"22to25",185,5,5,3,1,0,0,0,1,0
721,46,"0to15",393,6,6,6,0,0,0,0,1,0
722,35,"22to25",131,4,4,2,1,0,0,0,1,0
723,48,"22to25",290,10,10,5,1,0,0,0,1,0
724,44,"20to22",279,3,3,1,1,0,0,0,1,0
725,41,"18to20",275,6,6,2,1,0,0,0,1,0
726,24,"20to22",41,2,2,2,1,0,0,0,1,0
727,37,"20to22",205,3,3,1,1,0,0,0,1,0
728,35,"25to30",107,1,1,0,1,0,0,0,1,0
729,44,"25to30",234,3,3,1,1,0,0,0,1,0
730,29,"22to25",62,1,1,0,1,0,0,0,1,0
731,25,"22to25",34,1,1,0,1,0,0,0,1,0
732,43,"22to25",245,0,0,0,1,0,0,0,1,0
733,40,"20to22",236,4,4,2,1,0,0,0,1,0
734,22,"15to18",65,3,3,2,1,0,0,0,1,0
735,29,"18to20",132,2,2,2,1,0,0,0,1,0
736,48,"25to30",268,4,4,3,1,0,0,0,1,0
737,33,"18to20",98,3,3,2,1,0,0,0,1,0
738,48,"22to25",314,4,4,3,1,0,0,0,1,0
739,42,"22to25",223,9,12,6,0,0,0,0,1,0
740,36,"22to25",162,3,3,1,1,0,0,0,1,0
741,26,"15to18",113,3,3,2,1,0,0,0,1,0
742,38,"18to20",233,4,4,2,0,0,0,0,1,0
743,23,"22to25",6,1,0,0,1,0,0,0,1,0
744,25,"22to25",42,3,2,2,1,0,0,0,1,0
745,19,"18to20",10,1,0,0,1,0,0,0,1,0
746,46,"25to30",248,8,8,4,1,0,0,0,1,0
747,27,"22to25",43,1,1,0,1,0,0,0,1,0
748,27,"22to25",54,1,1,0,1,0,0,0,1,0
749,25,"25to30",1,0,0,0,1,0,0,0,1,0
750,34,"22to25",127,4,4,0,1,0,0,0,1,0
751,35,"20to22",171,4,4,1,1,0,0,0,1,0
752,23,"18to20",59,4,4,2,1,0,0,0,1,0
753,25,"18to20",63,4,4,3,1,0,0,0,1,0
754,48,"18to20",355,7,8,3,1,0,0,0,1,0
755,45,"15to18",328,7,7,4,0,0,0,0,1,0
756,40,"22to25",203,4,4,1,0,0,0,0,1,0
757,43,"25to30",203,4,4,3,0,0,0,0,1,0
758,34,"18to20",190,5,5,1,1,0,0,0,1,0
759,35,"25to30",74,2,1,0,1,0,0,0,1,0
760,42,"22to25",206,5,5,1,0,0,0,0,1,0
761,39,"25to30",156,6,6,4,0,0,0,0,1,0
762,49,"22to25",312,8,8,2,0,0,0,0,1,0
763,46,"25to30",208,4,4,4,1,0,0,0,1,0
764,36,"20to22",196,7,7,2,1,0,0,0,1,0
765,30,"20to22",118,2,2,0,1,0,0,0,1,0
766,25,"22to25",23,1,1,1,1,0,0,0,1,0
767,28,"22to25",76,2,2,0,1,0,0,0,1,0
768,36,"25to30",130,4,4,2,1,0,0,0,1,0
769,39,"25to30",148,7,7,3,0,0,0,0,1,0
770,44,"22to25",155,4,4,2,0,0,0,0,1,0
771,47,"22to25",299,12,12,5,1,0,0,0,1,0
772,37,"25to30",116,5,5,2,1,0,0,0,1,0
773,22,"18to20",48,1,1,0,1,0,0,0,1,0
774,35,"25to30",107,5,5,2,1,0,0,0,1,0
775,37,"22to25",170,2,2,2,1,0,0,0,1,0
776,38,"22to25",183,7,7,5,1,0,0,0,1,0
777,41,"25to30",155,4,4,1,0,0,0,0,1,0
778,48,"20to22",317,3,3,1,0,0,0,0,1,0
779,21,"18to20",29,2,2,1,1,0,0,0,1,0
780,23,"20to22",31,1,1,0,1,0,0,0,1,0
781,43,"20to22",281,2,2,0,1,0,0,0,1,0
782,38,"18to20",239,5,5,1,1,0,0,0,1,0
783,42,"22to25",244,1,1,0,1,0,0,0,1,0
784,32,"22to25",118,2,2,1,1,0,0,0,1,0
785,20,"18to20",15,1,1,0,1,0,0,0,1,0
786,46,"22to25",285,6,6,4,0,0,0,0,1,0
787,23,"18to20",40,1,1,1,1,0,0,0,1,0
788,30,"20to22",111,5,5,2,1,0,0,0,1,0
789,37,"25to30",129,2,2,2,1,0,0,0,1,0
790,37,"22to25",160,5,5,4,1,0,0,0,1,0
791,35,"22to25",160,4,3,2,1,0,0,0,1,0
792,42,"22to25",241,5,5,0,1,0,0,0,1,0
793,35,"30toInf",62,3,3,3,1,0,0,0,1,0
794,36,"20to22",179,4,4,2,1,0,0,0,1,0
795,32,"22to25",111,2,2,0,1,0,0,0,1,0
796,40,"22to25",202,3,3,2,1,0,0,0,1,0
797,44,"30toInf",58,8,8,3,0,0,0,0,1,0
798,40,"18to20",253,8,8,5,1,0,0,0,1,0
799,49,"25to30",275,3,3,2,1,0,0,0,1,0
800,49,"22to25",294,6,6,1,0,0,0,0,1,0
801,28,"22to25",82,2,2,1,1,0,0,0,1,0
802,30,"22to25",86,3,3,2,1,0,0,0,1,0
803,26,"22to25",34,1,1,0,1,0,0,0,1,0
804,48,"25to30",235,8,8,3,0,0,0,0,1,0
805,21,"18to20",28,1,1,0,1,0,0,0,1,0
806,44,"18to20",91,4,4,2,1,0,0,0,1,0
807,39,"25to30",153,4,4,1,0,0,0,0,1,0
808,42,"22to25",218,2,2,2,1,0,0,0,1,0
809,46,"22to25",296,10,10,8,0,0,0,0,1,0
810,39,"20to22",214,2,2,2,1,0,1,0,0,0
811,35,"18to20",203,6,6,2,1,0,1,0,0,0
812,36,"22to25",170,3,3,0,1,0,1,0,0,0
813,36,"0to15",291,4,4,4,1,0,1,0,0,0
814,46,"22to25",282,6,6,3,1,0,1,0,0,0
815,40,"25to30",183,1,1,0,1,0,1,0,0,0
816,44,"25to30",229,4,4,2,1,0,1,0,0,0
817,46,"20to22",314,6,6,3,1,0,1,0,0,0
818,30,"30toInf",2,0,0,0,1,0,1,0,0,0
819,33,"25to30",91,2,2,1,1,0,1,0,0,0
820,36,"25to30",122,2,2,1,1,0,1,0,0,0
821,49,"25to30",181,3,3,0,1,0,1,0,0,0
822,20,"15to18",28,1,1,1,1,0,1,0,0,0
823,35,"25to30",120,2,2,0,1,0,1,0,0,0
824,34,"22to25",116,2,2,0,1,0,1,0,0,0
825,24,"22to25",13,1,1,1,1,0,1,0,0,0
826,27,"18to20",91,2,2,2,1,0,1,0,0,0
827,43,"30toInf",144,2,2,0,1,0,1,0,0,0
828,47,"22to25",277,2,2,2,1,0,1,0,0,0
829,32,"25to30",86,2,2,2,1,0,1,0,0,0
830,41,"25to30",189,5,5,2,1,0,1,0,0,0
831,48,"22to25",280,5,5,4,1,0,1,0,0,0
832,48,"22to25",303,0,0,0,1,0,1,0,0,0
833,38,"22to25",173,4,4,1,1,0,1,0,0,0
834,46,"25to30",259,2,2,1,1,0,1,0,0,0
835,48,"18to20",362,5,5,3,1,0,1,0,0,0
836,19,"18to20",13,1,1,0,1,0,0,0,1,0
837,42,"18to20",291,5,5,1,1,0,0,0,1,0
838,38,"20to22",197,6,5,2,1,0,0,0,1,0
839,41,"25to30",191,11,10,2,0,0,0,0,1,0
840,28,"0to15",163,4,4,4,1,0,0,0,1,0
841,41,"20to22",252,4,4,1,0,0,0,0,1,0
842,47,"25to30",263,3,3,3,1,0,0,0,1,0
843,42,"25to30",178,3,3,1,0,0,0,0,1,0
844,35,"30toInf",48,1,1,1,1,0,0,0,1,0
845,39,"22to25",183,0,0,0,1,0,0,0,1,0
846,47,"25to30",213,2,2,1,1,0,0,0,1,0
847,45,"22to25",264,2,2,1,1,0,0,0,1,0
848,34,"25to30",54,2,2,2,1,0,0,0,1,0
849,41,"25to30",181,2,2,1,1,0,0,0,1,0
850,43,"20to22",264,4,5,2,1,0,0,0,1,0
851,42,"18to20",276,2,2,1,1,0,0,0,1,0
852,22,"15to18",55,0,0,0,1,0,0,0,1,0
853,26,"15to18",119,2,2,2,1,0,0,0,1,0
854,44,"22to25",251,8,8,3,0,0,0,0,1,0
855,31,"22to25",106,3,3,1,0,0,0,0,1,0
856,30,"20to22",119,1,1,0,1,0,0,0,1,0
857,24,"20to22",39,2,2,1,1,0,0,0,1,0
858,29,"18to20",126,5,5,0,1,0,0,0,1,0
859,36,"20to22",109,3,3,0,1,0,0,0,1,0
860,33,"18to20",166,4,4,3,1,0,0,0,1,0
861,44,"30toInf",143,1,1,0,1,0,0,0,1,0
862,48,"18to20",347,4,4,2,1,0,0,0,1,0
863,31,"18to20",151,2,2,2,1,0,0,0,1,0
864,44,"15to18",332,5,5,4,1,0,0,0,1,0
865,39,"20to22",220,11,10,4,0,0,0,0,1,0
866,42,"30toInf",143,5,5,3,0,0,0,0,1,0
867,37,"20to22",192,8,7,4,0,0,0,0,1,0
868,42,"20to22",263,6,6,2,0,0,0,0,1,0
869,24,"22to25",15,1,1,0,1,0,0,0,1,0
870,33,"18to20",163,3,3,0,1,0,0,0,1,0
871,28,"20to22",82,2,2,2,1,0,0,0,1,0
872,47,"30toInf",122,2,2,1,1,0,0,0,1,0
873,44,"18to20",301,9,9,7,0,0,0,0,1,0
874,44,"20to22",287,8,8,7,1,0,0,0,1,0
875,41,"30toInf",11,2,2,2,0,0,0,0,1,0
876,37,"18to20",212,6,6,2,1,0,0,0,1,0
877,25,"20to22",60,3,3,3,1,0,0,0,1,0
878,29,"22to25",63,2,2,1,1,0,0,0,1,0
879,25,"22to25",27,1,1,0,1,0,0,0,1,0
880,25,"22to25",31,1,1,1,1,0,0,0,1,0
881,26,"22to25",46,1,1,1,1,0,0,0,1,0
882,46,"20to22",185,2,2,1,1,0,0,0,1,0
883,20,"15to18",47,2,2,1,1,0,0,0,1,0
884,32,"20to22",115,4,4,2,1,0,0,0,1,0
885,31,"22to25",89,1,1,1,1,0,0,0,1,0
886,29,"20to22",103,2,2,0,1,0,0,0,1,0
887,45,"18to20",309,5,5,1,1,0,0,0,1,0
888,27,"22to25",47,2,2,1,1,0,0,0,1,0
889,24,"15to18",94,2,2,0,1,0,0,0,1,0
890,37,"25to30",140,2,2,2,1,0,0,0,1,0
891,43,"18to20",294,13,13,9,0,0,0,0,1,0
892,44,"22to25",255,3,3,3,1,0,0,0,1,0
893,46,"22to25",265,1,1,1,1,0,0,0,1,0
894,21,"18to20",22,1,1,1,1,0,0,0,1,0
895,27,"20to22",82,3,3,1,1,0,0,0,1,0
896,25,"20to22",69,3,3,3,0,0,0,0,1,0
897,41,"22to25",109,6,6,0,1,0,0,0,1,0
898,43,"30toInf",135,5,5,1,0,0,0,0,1,0
899,30,"15to18",155,6,6,2,1,0,0,0,1,0
900,43,"18to20",290,6,6,0,0,0,0,0,1,0
901,32,"25to30",64,2,2,1,1,0,0,0,1,0
902,44,"18to20",305,10,10,7,1,0,0,0,1,0
903,26,"22to25",40,1,1,0,1,0,0,0,1,0
904,24,"22to25",27,1,1,0,1,0,0,0,1,0
905,20,"18to20",15,1,0,0,1,0,0,0,1,0
906,28,"22to25",55,1,1,0,1,0,0,0,1,0
907,27,"15to18",135,1,1,1,1,0,0,0,1,0
908,33,"20to22",152,3,3,1,1,0,0,0,1,0
909,39,"22to25",213,0,0,0,1,0,0,0,1,0
910,31,"25to30",74,2,2,2,1,0,0,0,1,0
911,27,"22to25",60,1,1,0,1,0,0,0,1,0
912,48,"25to30",206,1,1,1,1,0,0,0,1,0
913,36,"22to25",176,2,2,0,1,0,0,0,1,0
914,47,"25to30",250,3,3,2,1,0,0,0,1,0
915,38,"20to22",205,7,6,5,1,0,0,0,1,0
916,35,"25to30",111,2,2,0,1,0,0,0,1,0
917,32,"20to22",143,1,1,0,1,0,0,0,1,0
918,33,"25to30",54,1,1,0,1,0,0,0,1,0
919,29,"22to25",67,1,1,0,1,0,0,0,1,0
920,30,"25to30",50,1,1,0,1,0,0,0,1,0
921,37,"25to30",147,1,1,1,1,0,0,0,1,0
922,31,"22to25",91,2,2,1,1,0,0,0,1,0
923,40,"18to20",260,4,4,3,1,0,0,0,1,0
924,17,"15to18",12,1,1,1,1,0,0,0,1,0
925,34,"25to30",111,1,1,1,1,0,0,0,1,0
926,39,"22to25",178,2,2,1,1,0,0,0,1,0
927,43,"25to30",208,3,3,2,1,0,0,0,1,0
928,38,"22to25",189,2,2,1,1,0,0,0,1,0
929,44,"20to22",292,6,6,2,1,0,0,0,1,0
930,47,"22to25",285,4,4,2,1,0,0,0,1,0
931,23,"20to22",17,1,1,1,1,0,0,0,1,0
932,41,"22to25",213,2,2,1,1,0,0,0,1,0
933,26,"20to22",59,2,2,1,1,0,0,0,1,0
934,24,"22to25",11,2,1,1,1,0,0,0,1,0
935,18,"15to18",12,0,0,0,1,0,0,0,1,0
936,28,"20to22",86,2,2,1,1,0,0,0,1,0
937,27,"22to25",54,2,1,0,1,0,0,0,1,0
938,34,"20to22",173,2,2,1,1,0,0,0,1,0
939,44,"25to30",224,4,4,2,1,0,0,0,1,0
940,45,"22to25",252,9,9,4,0,0,0,0,1,0
941,35,"18to20",189,8,8,3,1,0,0,0,1,0
942,23,"18to20",63,2,2,2,1,0,0,0,1,0
943,27,"20to22",87,5,4,4,1,0,0,0,1,0
944,36,"15to18",237,7,7,2,1,0,0,0,1,0
945,48,"25to30",275,11,12,5,0,0,0,0,1,0
946,29,"22to25",71,3,3,1,0,0,0,0,1,0
947,27,"22to25",59,2,2,2,1,0,0,0,1,0
948,48,"22to25",286,4,4,2,0,0,0,0,1,0
949,22,"20to22",27,1,1,0,1,0,0,0,1,0
950,19,"18to20",11,1,1,1,1,0,0,0,1,0
951,48,"22to25",323,11,11,6,0,0,0,0,1,0
952,47,"25to30",239,7,7,4,0,0,0,0,1,0
953,39,"20to22",225,0,0,0,0,0,0,0,1,0
954,43,"20to22",262,4,4,3,1,0,0,0,1,0
955,44,"22to25",240,6,7,4,0,0,0,0,1,0
956,49,"20to22",358,6,6,3,0,0,0,0,1,0
957,40,"25to30",156,7,7,2,1,0,0,0,1,0
958,20,"18to20",15,1,1,0,1,0,0,0,1,0
959,37,"20to22",210,3,3,1,1,0,0,0,1,0
960,43,"22to25",221,4,4,3,0,0,0,0,1,0
961,19,"18to20",7,0,0,0,1,0,0,0,1,0
962,35,"25to30",99,2,2,0,1,0,0,0,1,0
963,37,"20to22",204,2,2,0,1,0,0,0,1,0
964,38,"25to30",146,2,2,1,1,0,0,0,1,0
965,20,"18to20",3,0,0,0,1,0,0,0,1,0
966,33,"25to30",54,1,1,1,0,0,0,0,1,0
967,45,"22to25",282,7,7,4,0,0,0,0,1,0
968,38,"25to30",109,4,4,2,1,0,0,0,1,0
969,29,"20to22",119,2,2,1,1,0,0,0,1,0
970,26,"22to25",45,1,1,0,1,0,0,0,1,0
971,36,"22to25",157,3,3,1,1,0,0,0,1,0
972,30,"18to20",126,2,2,0,1,0,0,0,1,0
973,30,"20to22",123,4,4,2,1,0,0,0,1,0
974,39,"22to25",189,1,1,0,1,0,0,0,1,0
975,38,"20to22",211,3,3,1,0,0,0,0,1,0
976,25,"20to22",53,2,1,1,1,0,0,0,1,0
977,34,"22to25",131,5,5,3,1,0,0,0,1,0
978,42,"22to25",224,15,14,10,0,0,0,0,1,0
979,37,"25to30",143,6,6,4,1,0,0,0,1,0
980,34,"22to25",133,2,2,1,1,0,0,0,1,0
981,48,"25to30",227,9,9,5,0,0,0,0,1,0
982,40,"25to30",161,5,5,3,0,0,0,0,1,0
983,47,"20to22",307,9,10,7,1,0,0,0,1,0
984,20,"15to18",54,2,2,1,1,0,0,0,1,0
985,33,"25to30",70,1,1,0,1,0,0,0,1,0
986,34,"22to25",131,2,2,1,1,0,0,0,1,0
987,32,"25to30",70,2,2,2,1,0,0,0,1,0
988,42,"25to30",164,6,6,2,0,0,0,0,1,0
989,29,"22to25",87,1,1,0,1,0,0,0,1,0
990,22,"20to22",8,1,1,1,1,0,0,0,1,0
991,31,"30toInf",3,0,0,0,1,0,0,0,1,0
992,29,"20to22",101,3,3,2,1,0,0,0,1,0
993,40,"18to20",256,5,5,2,1,0,0,0,1,0
994,19,"18to20",3,0,0,0,1,0,0,0,1,0
995,23,"20to22",39,1,1,1,1,0,0,0,1,0
996,30,"22to25",99,1,1,1,1,0,0,0,1,0
997,37,"18to20",229,5,5,3,1,0,0,0,1,0
998,46,"25to30",222,3,3,0,1,0,0,0,1,0
999,41,"22to25",196,7,7,2,1,0,0,0,1,0
1000,21,"18to20",19,1,1,1,1,0,0,0,1,0
1001,25,"20to22",48,3,2,2,1,0,0,0,1,0
1002,44,"30toInf",149,6,6,4,1,0,0,0,1,0
1003,26,"20to22",58,3,2,0,1,0,0,0,1,0
1004,47,"22to25",282,6,6,1,1,0,0,0,1,0
1005,46,"25to30",205,3,3,1,1,0,0,0,1,0
1006,47,"22to25",294,3,3,2,1,0,0,0,1,0
1007,40,"22to25",209,0,0,0,0,0,0,0,1,0
1008,44,"22to25",247,2,2,2,1,0,0,0,1,0
1009,28,"18to20",108,2,2,0,1,0,0,0,1,0
1010,36,"20to22",167,3,3,1,1,0,0,0,1,0
1011,34,"18to20",183,4,4,3,1,0,0,0,1,0
1012,32,"25to30",70,1,1,0,1,0,0,0,1,0
1013,29,"22to25",61,1,1,1,1,0,0,0,1,0
1014,35,"20to22",169,3,3,1,1,0,0,0,1,0
1015,35,"22to25",155,3,3,0,1,0,0,0,1,0
1016,33,"20to22",147,2,2,1,1,0,0,0,1,0
1017,26,"22to25",50,1,1,1,1,0,0,0,1,0
1018,24,"20to22",44,1,1,1,1,0,0,0,1,0
1019,41,"20to22",259,0,0,0,0,0,0,0,1,0
1020,48,"25to30",286,5,5,4,1,0,0,0,1,0
1021,40,"25to30",149,0,0,0,1,0,0,0,1,0
1022,40,"22to25",200,2,2,1,1,0,0,0,1,0
1023,28,"25to30",26,2,2,1,1,0,0,0,1,0
1024,22,"18to20",36,2,2,2,1,0,0,0,1,0
1025,38,"25to30",151,1,1,1,1,0,0,0,1,0
1026,35,"25to30",93,4,4,2,1,0,0,0,1,0
1027,46,"22to25",288,5,5,2,0,0,0,0,1,0
1028,22,"18to20",41,3,3,2,1,0,0,0,1,0
1029,19,"15to18",27,1,1,1,1,0,0,0,1,0
1030,40,"25to30",134,7,7,3,1,0,0,0,1,0
1031,29,"20to22",94,2,2,1,1,0,0,0,1,0
1032,48,"22to25",284,9,9,6,0,0,0,0,1,0
1033,28,"22to25",58,2,2,2,1,0,0,0,1,0
1034,34,"20to22",178,8,8,5,1,0,0,0,1,0
1035,45,"22to25",284,3,3,2,1,0,0,0,1,0
1036,34,"25to30",78,2,2,0,1,0,0,0,1,0
1037,35,"25to30",99,5,5,2,0,0,0,0,1,0
1038,23,"22to25",18,1,1,1,1,0,0,0,1,0
1039,43,"30toInf",123,4,4,2,0,0,0,0,1,0
1040,49,"25to30",274,6,6,3,0,0,0,0,1,0
1041,27,"22to25",48,3,3,1,1,0,0,0,1,0
1042,21,"20to22",14,0,0,0,1,0,0,0,1,0
1043,38,"15to18",252,9,9,4,1,0,0,0,1,0
1044,42,"18to20",280,8,8,6,1,0,0,0,1,0
1045,45,"18to20",318,2,2,1,1,0,0,0,1,0
1046,31,"0to15",200,2,2,1,1,0,0,0,1,0
1047,34,"22to25",143,2,2,2,1,0,0,0,1,0
1048,31,"18to20",160,2,2,2,1,0,0,0,1,0
1049,47,"18to20",336,4,4,3,0,0,0,0,1,0
1050,44,"25to30",195,4,4,2,1,0,0,0,1,0
1051,28,"18to20",127,2,2,0,1,0,0,0,1,0
1052,37,"22to25",152,3,3,1,1,0,0,0,1,0
1053,22,"20to22",16,1,0,0,1,0,0,0,1,0
1054,47,"25to30",183,4,4,1,0,0,0,0,1,0
1055,40,"22to25",201,5,4,3,0,0,0,0,1,0
1056,33,"25to30",45,4,4,3,0,0,0,0,1,0
1057,44,"18to20",308,8,8,3,0,0,0,0,1,0
1058,31,"22to25",97,4,4,3,1,0,0,0,1,0
1059,44,"18to20",296,1,1,0,0,0,0,0,1,0
1060,46,"15to18",353,11,11,7,1,0,0,0,1,0
1061,41,"25to30",147,3,3,1,0,0,0,0,1,0
1062,47,"15to18",364,2,2,2,1,0,0,0,1,0
1063,22,"22to25",1,1,0,0,1,0,0,0,1,0
1064,38,"22to25",185,2,2,1,1,0,0,0,1,0
1065,37,"30toInf",88,2,2,1,1,0,0,0,1,0
1066,29,"22to25",69,2,2,1,1,0,0,0,1,0
1067,18,"15to18",17,1,1,0,1,0,0,0,1,0
1068,38,"22to25",81,2,2,1,1,0,0,0,1,0
1069,47,"25to30",239,6,6,3,1,0,0,0,1,0
1070,27,"22to25",40,1,1,0,1,0,0,0,1,0
1071,48,"22to25",208,1,1,1,0,0,0,0,1,0
1072,22,"20to22",16,1,1,0,1,0,0,0,1,0
1073,29,"20to22",108,2,2,1,1,0,0,0,1,0
1074,40,"18to20",260,2,2,1,1,0,0,0,1,0
1075,47,"18to20",339,2,2,1,1,0,0,0,1,0
1076,35,"22to25",148,1,1,0,1,0,0,0,1,0
1077,36,"20to22",169,3,3,1,1,0,0,0,1,0
1078,44,"22to25",238,2,2,0,0,0,0,0,1,0
1079,21,"20to22",12,1,0,0,1,0,0,0,1,0
1080,30,"15to18",169,2,2,0,1,0,0,0,1,0
1081,35,"20to22",180,2,2,1,1,0,0,0,1,0
1082,28,"25to30",22,0,0,0,1,0,0,0,1,0
1083,31,"22to25",107,1,1,0,1,0,0,0,1,0
1084,48,"25to30",231,3,3,2,1,0,0,0,1,0
1085,43,"30toInf",138,3,3,0,0,0,0,0,1,0
1086,36,"20to22",177,1,1,0,1,0,0,0,1,0
1087,45,"25to30",202,4,4,3,1,0,0,0,1,0
1088,26,"22to25",23,1,1,1,1,0,0,0,1,0
1089,47,"22to25",286,4,4,2,1,0,0,0,1,0
1090,43,"22to25",254,3,3,3,1,0,0,0,1,0
1091,46,"22to25",291,5,5,3,1,0,0,0,1,0
1092,47,"25to30",257,2,2,0,1,0,0,0,1,0
1093,43,"25to30",167,4,4,3,1,0,0,0,1,0
1094,46,"20to22",312,3,3,1,0,0,0,0,1,0
1095,48,"25to30",242,4,4,2,0,0,0,0,1,0
1096,38,"25to30",148,4,4,2,1,0,0,0,1,0
1097,48,"20to22",329,4,4,2,1,0,0,0,1,0
1098,32,"20to22",140,3,3,2,1,0,0,0,1,0
1099,39,"25to30",134,5,5,2,1,0,0,0,1,0
1100,46,"22to25",274,1,1,0,1,0,0,0,1,0
1101,47,"25to30",237,2,2,2,1,0,0,0,1,0
1102,43,"22to25",226,4,4,1,1,0,0,0,1,0
1103,41,"18to20",272,2,2,1,0,0,0,0,1,0
1104,46,"22to25",258,1,1,0,0,0,0,0,1,0
1105,22,"20to22",15,1,1,1,1,0,0,0,1,0
1106,20,"15to18",42,1,1,0,1,0,0,0,1,0
1107,40,"22to25",188,2,2,0,1,0,0,0,1,0
1108,20,"20to22",3,1,0,0,1,0,0,0,1,0
1109,21,"18to20",29,2,1,1,1,0,0,0,1,0
1110,25,"20to22",51,2,2,1,1,0,0,0,1,0
1111,38,"25to30",140,4,4,2,1,0,0,0,1,0
1112,30,"20to22",103,3,3,2,1,0,0,0,1,0
1113,22,"22to25",0,0,0,0,1,0,0,0,1,0
1114,33,"18to20",182,4,5,1,1,0,0,0,1,0
1115,32,"22to25",86,2,2,1,1,0,0,0,1,0
1116,46,"25to30",249,0,0,0,1,1,0,0,0,0
1117,31,"22to25",99,1,1,0,1,1,0,0,0,0
1118,42,"30toInf",71,1,1,1,1,1,0,0,0,0
1119,39,"30toInf",52,2,2,1,1,1,0,0,0,0
1120,22,"15to18",67,1,1,1,1,1,0,0,0,0
1121,25,"22to25",30,3,3,1,1,1,0,0,0,0
1122,43,"22to25",232,2,2,1,1,0,0,0,1,0
1123,21,"18to20",37,1,1,1,1,0,0,0,1,0
1124,33,"22to25",110,3,3,3,1,0,0,0,1,0
1125,42,"30toInf",131,2,2,2,1,0,0,0,1,0
1126,37,"22to25",153,4,4,4,1,0,0,0,1,0
1127,28,"18to20",123,6,6,3,1,0,0,0,1,0
1128,38,"30toInf",99,2,2,1,1,0,0,0,1,0
1129,40,"20to22",237,2,2,0,1,0,0,0,1,0
1130,22,"20to22",19,1,1,0,1,0,0,0,1,0
1131,41,"30toInf",99,4,4,1,1,0,0,0,1,0
1132,19,"18to20",3,0,0,0,1,0,0,0,1,0
1133,47,"22to25",280,5,5,4,1,0,0,0,1,0
1134,20,"20to22",3,1,0,0,1,0,0,0,1,0
1135,25,"20to22",59,1,1,1,1,0,0,0,1,0
1136,22,"15to18",83,3,3,2,0,0,0,0,1,0
1137,33,"20to22",147,3,3,2,1,0,0,0,1,0
1138,42,"25to30",206,3,3,2,1,0,0,0,1,0
1139,43,"30toInf",158,0,0,0,1,0,0,0,1,0
1140,23,"22to25",15,1,1,0,1,0,0,0,1,0
1141,47,"20to22",330,12,12,8,0,0,0,0,1,0
1142,26,"25to30",15,1,1,0,1,0,0,0,1,0
1143,35,"22to25",143,2,2,1,1,0,0,0,1,0
1144,39,"25to30",155,3,3,1,1,0,0,0,1,0
1145,46,"30toInf",189,0,0,0,1,0,0,0,1,0
1146,36,"22to25",143,4,4,3,1,0,0,0,1,0
1147,23,"22to25",18,1,1,1,1,0,0,0,1,0
1148,27,"22to25",34,2,2,1,1,0,0,0,1,0
1149,29,"25to30",31,2,2,1,1,0,0,0,1,0
1150,29,"22to25",75,2,2,1,1,0,0,0,1,0
1151,49,"15to18",386,7,7,3,0,0,0,0,1,0
1152,46,"22to25",278,5,5,3,0,0,0,0,1,0
1153,38,"25to30",28,2,2,1,1,0,0,0,1,0
1154,36,"22to25",141,3,3,2,1,0,0,0,1,0
1155,21,"18to20",12,1,1,1,1,0,0,0,1,0
1156,45,"25to30",230,9,9,7,0,0,0,0,1,0
1157,41,"20to22",239,7,7,4,0,0,0,0,1,0
1158,23,"15to18",83,1,1,0,1,0,0,0,1,0
1159,19,"18to20",13,0,0,0,1,0,0,0,1,0
1160,22,"18to20",39,3,3,2,1,0,0,0,1,0
1161,40,"20to22",229,5,5,1,1,0,0,0,1,0
1162,39,"25to30",142,3,2,1,1,0,0,0,1,0
1163,34,"25to30",22,0,0,0,1,0,0,0,1,0
1164,42,"30toInf",18,1,1,0,1,0,0,0,1,0
1165,44,"18to20",311,6,6,2,1,0,0,0,1,0
1166,40,"25to30",167,3,3,1,1,0,0,0,1,0
1167,49,"20to22",336,4,4,2,1,0,0,0,1,0
1168,42,"18to20",283,10,10,6,1,0,0,0,1,0
1169,48,"15to18",370,15,15,5,1,0,0,0,1,0
1170,41,"22to25",223,3,3,3,1,0,0,0,1,0
1171,45,"25to30",235,2,2,1,1,0,0,0,1,0
1172,31,"18to20",149,3,3,0,1,0,0,0,1,0
1173,31,"22to25",99,1,1,1,1,0,0,0,1,0
1174,36,"25to30",123,2,2,2,1,0,0,0,1,0
1175,45,"30toInf",26,7,7,6,1,0,0,0,1,0
1176,44,"25to30",202,1,1,0,0,0,0,0,1,0
1177,34,"22to25",112,2,2,2,1,0,0,0,1,0
1178,45,"18to20",323,4,4,1,0,0,0,0,1,0
1179,40,"22to25",194,0,0,0,1,0,0,0,1,0
1180,34,"25to30",106,2,2,1,1,0,0,0,1,0
1181,38,"20to22",203,4,4,4,1,0,0,0,1,0
1182,34,"25to30",58,2,2,1,1,0,0,0,1,0
1183,29,"20to22",106,2,2,0,1,0,0,0,1,0
1184,21,"20to22",15,0,0,0,1,0,0,0,1,0
1185,36,"30toInf",13,1,0,0,1,0,0,0,1,0
1186,36,"20to22",195,2,2,1,1,0,0,0,1,0
1187,39,"20to22",223,4,4,4,1,0,0,0,1,0
1188,31,"18to20",154,6,6,4,1,0,0,0,1,0
1189,23,"18to20",47,2,1,0,1,0,0,0,1,0
1190,40,"22to25",202,2,2,0,1,0,0,0,1,0
1191,41,"20to22",238,6,6,2,0,0,0,0,1,0
1192,31,"20to22",137,2,2,1,1,0,0,0,1,0
1193,46,"25to30",247,4,4,2,0,0,0,0,1,0
1194,22,"22to25",2,0,0,0,1,0,0,0,1,0
1195,20,"18to20",8,0,0,0,1,0,0,0,1,0
1196,37,"22to25",168,4,4,3,1,0,0,0,1,0
1197,43,"22to25",258,3,3,2,1,0,0,0,1,0
1198,39,"25to30",147,0,0,0,1,0,0,0,1,0
1199,34,"18to20",185,2,2,2,1,0,0,0,1,0
1200,26,"22to25",45,1,1,1,1,0,0,0,1,0
1201,30,"25to30",47,1,1,1,1,0,0,0,1,0
1202,31,"22to25",83,2,2,2,1,0,0,0,1,0
1203,37,"22to25",166,2,2,0,1,0,0,0,1,0
1204,32,"22to25",123,2,2,1,1,0,0,0,1,0
1205,21,"18to20",43,1,1,0,1,0,0,0,1,0
1206,20,"18to20",3,0,0,0,1,0,0,0,1,0
1207,35,"15to18",217,3,3,2,1,0,0,0,1,0
1208,26,"22to25",46,2,2,2,1,0,0,0,1,0
1209,36,"25to30",123,2,2,1,0,0,0,0,1,0
1210,24,"18to20",61,2,2,2,1,0,0,0,1,0
1211,33,"25to30",80,3,3,2,1,0,0,0,1,0
1212,21,"15to18",72,2,2,0,1,0,0,0,1,0
1213,25,"0to15",124,4,4,3,1,0,0,0,1,0
1214,23,"15to18",78,1,1,1,1,0,0,0,1,0
1215,32,"15to18",171,2,2,0,1,0,0,0,1,0
1216,25,"20to22",59,2,1,1,1,0,0,0,1,0
1217,49,"18to20",143,5,5,4,1,0,0,0,1,0
1218,23,"20to22",39,2,2,1,1,0,0,0,1,0
1219,35,"22to25",154,6,6,4,1,0,0,0,1,0
1220,47,"25to30",228,7,7,5,0,0,0,0,1,0
1221,37,"15to18",252,8,8,5,1,0,0,0,1,0
1222,37,"20to22",195,4,4,4,1,0,0,0,1,0
1223,27,"20to22",73,1,1,0,1,0,0,0,1,0
1224,48,"20to22",326,1,1,0,0,0,0,0,1,0
1225,22,"20to22",16,1,0,0,1,0,0,0,1,0
1226,17,"15to18",31,1,1,1,1,0,0,0,1,0
1227,49,"20to22",348,12,12,6,1,0,0,0,1,0
1228,38,"25to30",132,5,5,3,0,0,0,0,1,0
1229,44,"25to30",207,5,5,2,1,0,0,0,1,0
1230,26,"22to25",36,1,1,1,1,0,0,0,1,0
1231,36,"30toInf",66,3,3,2,1,0,0,0,1,0
1232,28,"22to25",63,2,1,0,1,0,0,0,1,0
1233,41,"25to30",192,3,3,1,1,0,0,0,1,0
1234,23,"18to20",63,1,1,1,1,0,0,0,1,0
1235,33,"22to25",136,2,2,1,1,0,0,0,1,0
1236,27,"22to25",54,2,2,0,1,0,0,0,1,0
1237,47,"22to25",166,6,6,4,0,0,0,0,1,0
1238,21,"18to20",32,1,1,1,1,0,0,0,1,0
1239,49,"18to20",368,7,7,3,0,0,0,0,1,0
1240,42,"30toInf",152,2,2,1,1,0,0,0,1,0
1241,45,"18to20",320,8,8,5,1,0,0,0,1,0
1242,42,"22to25",219,7,7,3,0,0,0,0,1,0
1243,27,"22to25",25,1,1,1,1,0,0,0,1,0
1244,28,"15to18",137,1,1,1,1,0,0,0,1,0
1245,47,"22to25",287,1,1,1,0,0,0,0,1,0
1246,45,"20to22",290,2,2,1,1,0,0,0,1,0
1247,28,"20to22",82,1,1,1,1,0,0,0,1,0
1248,30,"20to22",101,2,2,1,1,0,0,0,1,0
1249,48,"22to25",304,1,1,1,0,0,0,0,1,0
1250,34,"30toInf",24,0,0,0,0,0,0,0,1,0
1251,25,"18to20",77,3,3,1,1,0,0,0,1,0
1252,46,"22to25",265,7,7,3,1,0,0,0,1,0
1253,23,"20to22",35,1,1,1,1,0,0,0,1,0
1254,47,"15to18",352,7,7,6,0,0,0,0,1,0
1255,26,"22to25",40,1,1,0,1,0,0,0,1,0
1256,42,"18to20",278,13,13,9,0,0,0,0,1,0
1257,41,"18to20",255,7,7,4,0,0,0,0,1,0
1258,30,"22to25",98,4,4,3,1,0,0,0,1,0
1259,30,"20to22",110,2,2,0,1,0,0,0,1,0
1260,28,"22to25",51,2,2,0,1,0,0,0,1,0
1261,34,"25to30",73,2,2,2,1,0,0,0,1,0
1262,48,"20to22",330,9,9,1,1,0,0,0,1,0
1263,24,"22to25",20,1,1,0,1,0,0,0,1,0
1264,38,"25to30",152,2,2,2,1,0,0,0,1,0
1265,38,"25to30",155,3,3,0,1,0,0,0,1,0
1266,48,"20to22",334,10,11,4,1,0,0,0,1,0
1267,27,"25to30",3,1,0,0,1,0,0,0,1,0
1268,31,"20to22",124,3,3,3,1,0,0,0,1,0
1269,44,"30toInf",114,2,2,0,1,0,0,0,1,0
1270,20,"18to20",31,1,1,1,1,0,0,0,1,0
1271,46,"18to20",334,14,14,2,0,0,0,0,1,0
1272,40,"22to25",200,3,3,2,0,0,0,0,1,0
1273,45,"0to15",404,6,6,3,0,0,0,0,1,0
1274,36,"25to30",131,3,3,0,1,0,0,0,1,0
1275,46,"25to30",263,0,0,0,1,0,0,0,1,0
1276,26,"20to22",82,2,1,0,1,0,0,0,1,0
1277,48,"18to20",355,3,3,2,1,0,0,0,1,0
1278,41,"25to30",184,2,2,1,1,0,0,0,1,0
1279,29,"22to25",80,1,1,0,1,0,0,0,1,0
1280,34,"0to15",239,2,2,0,1,0,0,0,1,0
1281,33,"20to22",146,4,4,1,1,0,0,0,1,0
1282,22,"18to20",41,1,1,1,1,0,0,0,1,0
1283,33,"22to25",112,2,2,1,1,0,0,0,1,0
1284,40,"25to30",171,3,3,2,0,0,0,0,1,0
1285,21,"18to20",15,1,0,0,1,0,0,0,1,0
1286,17,"15to18",17,1,1,0,1,0,0,0,1,0
1287,38,"22to25",199,8,8,6,1,0,0,0,1,0
1288,40,"25to30",168,5,5,1,0,0,0,0,1,0
1289,44,"25to30",229,5,5,2,0,0,0,0,1,0
1290,27,"20to22",80,2,2,0,1,0,0,0,1,0
1291,46,"20to22",303,9,10,2,0,0,0,0,1,0
1292,36,"22to25",172,3,3,1,1,0,0,0,1,0
1293,34,"25to30",106,4,4,1,1,0,0,0,1,0
1294,34,"22to25",140,2,2,0,1,0,0,0,1,0
1295,28,"20to22",103,4,4,2,1,0,0,0,1,0
1296,49,"25to30",270,5,5,3,1,0,0,0,1,0
1297,23,"20to22",36,1,1,1,1,0,0,0,1,0
1298,34,"20to22",157,4,4,2,1,0,0,0,1,0
1299,22,"20to22",28,2,1,1,1,0,0,0,1,0
1300,37,"22to25",166,5,5,1,1,0,0,0,1,0
1301,20,"18to20",8,1,0,0,1,0,0,0,1,0
1302,30,"20to22",113,2,2,1,1,0,0,0,1,0
1303,36,"20to22",189,6,6,2,1,0,0,0,1,0
1304,25,"22to25",20,2,2,0,1,0,0,0,1,0
1305,18,"15to18",15,0,0,0,1,0,0,0,1,0
1306,38,"20to22",204,2,2,1,1,0,0,0,1,0
1307,41,"22to25",202,4,4,3,0,0,0,0,1,0
1308,48,"22to25",281,2,2,1,1,0,0,0,1,0
1309,31,"15to18",177,2,2,0,1,0,0,0,1,0
1310,44,"20to22",292,2,2,1,0,0,0,0,1,0
1311,33,"25to30",90,3,3,3,1,0,0,0,1,0
1312,29,"20to22",116,3,3,2,1,0,0,0,1,0
1313,24,"20to22",44,2,2,1,1,0,0,0,1,0
1314,39,"20to22",228,2,2,1,1,0,0,0,1,0
1315,28,"15to18",130,0,0,0,1,0,0,0,1,0
1316,45,"25to30",233,6,6,4,1,0,0,0,1,0
1317,29,"15to18",138,2,2,1,1,0,0,0,1,0
1318,25,"20to22",53,2,2,2,1,0,0,0,1,0
1319,30,"25to30",52,2,1,0,1,0,0,0,1,0
1320,27,"20to22",72,1,1,1,1,0,0,0,1,0
1321,41,"20to22",251,2,2,2,1,0,0,0,1,0
1322,39,"22to25",198,1,1,0,1,0,0,0,1,0
1323,23,"20to22",19,0,0,0,1,0,0,0,1,0
1324,29,"22to25",78,1,1,1,1,0,0,0,1,0
1325,42,"25to30",188,2,2,0,1,0,0,0,1,0
1326,30,"22to25",88,0,0,0,1,0,0,0,1,0
1327,39,"25to30",162,0,0,0,1,0,0,0,1,0
1328,34,"18to20",183,4,4,1,1,0,0,0,1,0
1329,34,"22to25",132,1,1,1,1,0,0,0,1,0
1330,29,"25to30",32,1,1,1,1,0,0,0,1,0
1331,25,"22to25",17,1,1,1,1,0,0,0,1,0
1332,48,"20to22",328,11,11,3,1,0,0,0,1,0
1333,26,"20to22",79,2,2,1,1,0,0,0,1,0
1334,29,"25to30",56,2,2,1,1,0,0,0,1,0
1335,43,"30toInf",86,1,1,0,1,0,0,0,1,0
1336,19,"18to20",14,1,0,0,1,0,0,0,1,0
1337,21,"20to22",13,1,1,0,1,0,0,0,1,0
1338,40,"22to25",198,5,5,2,1,0,0,0,1,0
1339,35,"22to25",140,2,2,1,1,0,0,0,1,0
1340,28,"22to25",67,1,1,0,1,0,0,0,1,0
1341,34,"20to22",153,3,3,1,1,0,0,0,1,0
1342,28,"22to25",60,1,1,0,1,0,0,0,1,0
1343,46,"18to20",164,4,4,2,1,0,0,0,1,0
1344,25,"20to22",48,1,1,1,1,0,0,0,1,0
1345,49,"22to25",320,0,0,0,1,0,0,0,1,0
1346,37,"18to20",221,4,5,1,0,0,0,0,1,0
1347,38,"15to18",262,6,6,3,1,0,0,0,1,0
1348,29,"22to25",91,2,1,1,1,0,0,0,1,0
1349,32,"25to30",92,2,2,1,1,0,0,0,1,0
1350,32,"18to20",161,3,3,1,1,0,0,0,1,0
1351,27,"18to20",92,4,4,0,1,0,0,0,1,0
1352,16,"15to18",5,1,0,0,1,0,0,0,1,0
1353,43,"22to25",255,4,4,3,0,0,0,0,1,0
1354,43,"22to25",235,8,8,4,0,0,0,0,1,0
1355,39,"22to25",191,7,7,4,1,0,0,0,1,0
1356,39,"22to25",213,8,8,3,1,0,0,0,1,0
1357,22,"20to22",15,1,0,0,1,0,0,0,1,0
1358,48,"22to25",297,6,6,3,1,0,0,0,1,0
1359,27,"18to20",94,2,2,2,1,0,0,0,1,0
1360,39,"22to25",186,4,4,3,1,0,0,0,1,0
1361,36,"30toInf",2,0,0,0,1,0,0,0,1,0
1362,33,"25to30",96,1,1,0,1,0,0,0,1,0
1363,20,"18to20",14,1,1,1,1,0,0,0,1,0
1364,38,"18to20",235,9,9,5,1,0,0,0,1,0
1365,36,"20to22",187,6,6,5,1,0,0,0,1,0
1366,37,"20to22",199,4,4,2,0,0,0,0,1,0
1367,40,"15to18",283,13,13,4,1,0,0,0,1,0
1368,32,"18to20",159,4,4,3,1,0,0,0,1,0
1369,38,"25to30",116,2,2,1,1,0,0,0,1,0
1370,21,"20to22",4,1,0,0,1,0,0,0,1,0
1371,33,"25to30",83,2,2,0,1,0,0,0,1,0
1372,44,"22to25",274,2,2,2,1,0,0,0,1,0
1373,29,"20to22",112,5,5,1,1,0,0,0,1,0
1374,29,"15to18",142,3,3,1,1,0,0,0,1,0
1375,28,"22to25",78,3,3,2,1,0,0,0,1,0
1376,48,"18to20",355,16,17,6,0,0,0,0,1,0
1377,24,"15to18",87,2,3,0,1,0,0,0,1,0
1378,31,"22to25",97,3,3,2,1,0,0,0,1,0
1379,48,"22to25",318,8,8,2,1,0,0,0,1,0
1380,20,"18to20",16,1,1,0,1,0,0,0,1,0
1381,42,"20to22",252,5,5,4,1,0,0,0,1,0
1382,26,"18to20",83,2,2,0,1,0,0,0,1,0
1383,39,"18to20",249,12,13,6,0,0,0,0,1,0
1384,28,"18to20",108,3,3,2,1,0,0,0,1,0
1385,22,"22to25",4,0,0,0,1,0,0,0,1,0
1386,23,"18to20",46,1,1,1,1,0,0,0,1,0
1387,26,"22to25",19,0,0,0,1,0,0,0,1,0
1388,22,"20to22",11,1,0,0,1,0,0,0,1,0
1389,25,"18to20",74,1,1,0,1,0,0,0,1,0
1390,44,"20to22",286,8,8,4,0,0,0,0,1,0
1391,42,"25to30",208,2,2,1,1,0,0,0,1,0
1392,31,"20to22",115,2,2,1,1,0,0,0,1,0
1393,26,"22to25",27,1,1,1,1,0,0,0,1,0
1394,40,"25to30",168,2,2,1,0,0,0,0,1,0
1395,21,"18to20",45,1,1,1,1,0,0,0,1,0
1396,43,"20to22",269,3,3,3,1,0,0,0,1,0
1397,31,"15to18",170,2,2,1,1,0,0,0,1,0
1398,40,"25to30",152,4,4,2,1,0,0,0,1,0
1399,46,"18to20",334,2,2,1,0,0,0,0,1,0
1400,39,"15to18",282,2,2,1,1,0,0,0,1,0
1401,40,"18to20",261,2,2,2,1,0,0,0,1,0
1402,43,"20to22",188,7,7,1,1,0,0,0,1,0
1403,18,"15to18",10,1,0,0,1,0,0,0,1,0
1404,19,"15to18",33,1,1,0,1,0,0,0,1,0
1405,26,"22to25",51,1,1,0,1,1,0,0,0,0
1406,22,"18to20",34,1,1,0,1,1,0,0,0,0
1407,34,"22to25",139,2,2,1,1,1,0,0,0,0
1408,31,"22to25",110,2,2,2,1,1,0,0,0,0
1409,33,"22to25",118,2,2,1,1,1,0,0,0,0
1410,49,"22to25",305,4,4,2,0,1,0,0,0,0
1411,34,"18to20",196,3,3,0,1,1,0,0,0,0
1412,29,"20to22",101,2,2,2,1,1,0,0,0,0
1413,27,"22to25",28,2,1,1,1,1,0,0,0,0
1414,26,"18to20",101,2,1,1,1,1,0,0,0,0
1415,44,"20to22",291,3,3,1,1,1,0,0,0,0
1416,39,"25to30",159,3,3,1,1,1,0,0,0,0
1417,32,"20to22",125,2,2,2,1,1,0,0,0,0
1418,39,"25to30",163,1,1,0,1,1,0,0,0,0
1419,34,"30toInf",37,2,2,0,1,1,0,0,0,0
1420,31,"18to20",166,2,2,0,1,0,1,0,0,0
1421,28,"22to25",70,2,1,1,1,0,1,0,0,0
1422,33,"25to30",82,2,2,1,1,0,1,0,0,0
1423,25,"20to22",49,2,2,0,1,0,1,0,0,0
1424,34,"22to25",126,2,2,2,1,0,1,0,0,0
1425,47,"15to18",352,2,2,0,1,0,1,0,0,0
1426,43,"20to22",260,3,3,3,0,0,1,0,0,0
1427,44,"22to25",257,2,2,2,1,0,1,0,0,0
1428,26,"20to22",67,1,1,0,1,0,1,0,0,0
1429,22,"15to18",75,1,1,0,1,0,1,0,0,0
1430,34,"22to25",129,2,2,2,1,0,1,0,0,0
1431,36,"18to20",208,2,2,2,1,0,1,0,0,0
1432,49,"20to22",348,10,10,4,1,0,1,0,0,0
1433,28,"15to18",156,0,0,0,1,0,1,0,0,0
1434,46,"25to30",231,3,4,4,1,0,1,0,0,0
1435,39,"22to25",192,2,2,2,1,0,1,0,0,0
1436,35,"20to22",165,3,3,2,1,0,1,0,0,0
1437,49,"15to18",375,3,3,1,0,0,1,0,0,0
1438,23,"15to18",99,2,2,2,1,0,1,0,0,0
1439,33,"30toInf",28,1,0,0,1,0,1,0,0,0
1440,48,"20to22",247,2,2,2,1,0,1,0,0,0
1441,44,"25to30",196,2,2,2,0,0,1,0,0,0
1442,33,"22to25",119,3,3,2,1,0,0,0,1,0
1443,33,"25to30",63,2,2,0,1,0,0,0,1,0
1444,26,"22to25",39,1,2,2,1,0,0,0,1,0
1445,37,"30toInf",85,2,2,0,1,0,0,0,1,0
1446,23,"20to22",26,1,1,0,1,0,0,0,1,0
1447,49,"20to22",345,10,11,5,0,0,0,0,1,0
1448,32,"22to25",100,3,3,1,1,0,0,0,1,0
1449,28,"25to30",42,2,1,1,1,0,0,0,1,0
1450,32,"18to20",164,2,2,1,1,0,0,0,1,0
1451,20,"18to20",10,1,0,0,1,0,0,0,1,0
1452,49,"22to25",314,4,4,3,1,0,0,0,1,0
1453,22,"18to20",48,2,1,1,1,0,0,0,1,0
1454,22,"20to22",34,2,2,2,1,0,0,0,1,0
1455,22,"18to20",53,1,1,0,1,0,0,0,1,0
1456,28,"22to25",68,2,2,2,1,0,0,0,1,0
1457,46,"25to30",221,5,5,2,1,0,0,0,1,0
1458,49,"20to22",330,12,12,9,0,0,0,0,1,0
1459,39,"25to30",165,1,1,1,1,0,0,0,1,0
1460,42,"20to22",250,5,5,1,1,0,0,0,1,0
1461,35,"25to30",114,4,4,3,1,0,0,0,1,0
1462,40,"20to22",249,6,6,4,1,0,0,0,1,0
1463,43,"25to30",199,6,7,4,0,0,0,0,1,0
1464,42,"25to30",209,5,5,1,1,0,0,0,1,0
1465,38,"20to22",215,11,10,6,0,0,0,0,1,0
1466,48,"22to25",301,8,9,6,0,0,0,0,1,0
1467,28,"25to30",29,1,1,1,1,0,0,0,1,0
1468,29,"20to22",110,2,2,1,1,0,0,0,1,0
1469,29,"20to22",101,2,2,1,1,0,0,0,1,0
1470,22,"20to22",24,1,1,1,1,0,0,0,1,0
1471,24,"20to22",37,2,2,1,1,0,0,0,1,0
1472,30,"22to25",71,3,2,2,1,0,0,0,1,0
1473,46,"18to20",323,8,8,3,1,0,0,0,1,0
1474,47,"25to30",258,11,11,7,1,0,0,0,1,0
1475,32,"30toInf",24,0,0,0,1,0,0,0,1,0
1476,35,"18to20",189,9,8,4,1,0,0,0,1,0
1477,48,"18to20",351,7,7,3,1,0,0,0,1,0
1478,48,"30toInf",140,1,1,0,1,0,0,0,1,0
1479,43,"25to30",199,3,3,2,1,0,0,0,1,0
1480,46,"25to30",251,5,5,2,0,0,0,0,1,0
1481,36,"25to30",114,4,4,3,1,0,0,0,1,0
1482,28,"25to30",16,1,1,1,1,0,0,0,1,0
1483,38,"30toInf",51,1,1,1,1,0,0,0,1,0
1484,36,"22to25",168,6,6,3,1,0,0,0,1,0
1485,49,"25to30",283,9,9,5,0,0,0,0,1,0
1486,37,"25to30",145,2,2,2,1,0,0,0,1,0
1487,44,"25to30",225,5,5,4,1,0,0,0,1,0
1488,43,"22to25",234,6,6,3,1,0,0,0,1,0
1489,22,"18to20",44,2,2,2,1,0,0,0,1,0
1490,33,"25to30",94,2,2,2,1,0,0,0,1,0
1491,43,"20to22",270,2,2,2,1,0,0,0,1,0
1492,17,"15to18",8,1,1,0,1,0,0,0,1,0
1493,42,"22to25",239,3,3,2,1,0,0,0,1,0
1494,28,"22to25",69,2,2,1,1,0,0,0,1,0
1495,34,"30toInf",11,1,1,1,1,0,0,0,1,0
1496,32,"25to30",54,1,1,1,1,0,0,0,0,1
1497,48,"22to25",311,3,3,1,1,0,0,0,0,1
1498,29,"25to30",19,1,1,1,1,0,0,0,0,1
1499,22,"18to20",57,1,1,1,1,0,0,0,0,1
1500,39,"25to30",175,2,2,0,1,0,0,0,0,1
1501,45,"15to18",350,9,9,2,1,0,0,0,0,1
1502,21,"20to22",6,1,0,0,1,0,0,0,0,1
1503,48,"30toInf",192,2,2,2,1,0,0,0,0,1
1504,44,"22to25",154,2,2,1,1,0,0,0,0,1
1505,31,"25to30",38,1,1,1,1,0,0,0,0,1
1506,41,"18to20",271,1,1,1,1,0,0,0,0,1
1507,26,"20to22",63,2,2,2,1,0,0,0,0,1
1508,33,"25to30",29,1,1,1,1,0,0,0,0,1
1509,20,"18to20",14,1,1,1,1,0,0,0,0,1
1510,47,"20to22",329,1,1,1,1,0,0,0,0,1
1511,29,"20to22",101,2,2,1,1,0,0,0,0,1
1512,32,"22to25",124,2,2,1,1,0,0,0,0,1
1513,42,"22to25",219,1,1,0,1,0,0,0,0,1
1514,26,"22to25",48,1,1,0,1,0,0,0,0,1
1515,22,"18to20",44,2,2,1,1,0,0,0,0,1
1516,44,"22to25",261,2,2,2,0,0,0,0,0,1
1517,48,"25to30",278,4,4,3,1,0,0,0,0,1
1518,44,"25to30",218,3,3,1,1,0,0,0,0,1
1519,28,"20to22",89,3,2,1,1,0,0,0,0,1
1520,31,"20to22",116,2,2,2,1,0,0,0,0,1
1521,44,"25to30",193,6,6,2,0,0,0,0,0,1
1522,36,"30toInf",65,1,1,1,0,0,0,0,0,1
1523,28,"22to25",62,2,2,0,1,0,0,0,0,1
1524,30,"20to22",113,2,2,0,1,0,0,0,0,1
1525,45,"25to30",239,2,2,1,1,0,0,0,0,1
1526,38,"25to30",144,1,1,1,1,0,0,0,0,1
1527,39,"22to25",186,2,2,1,0,0,0,0,0,1
1528,45,"25to30",226,2,2,1,1,0,0,0,0,1
1529,44,"22to25",230,1,2,2,1,0,0,0,0,1
1530,43,"20to22",217,3,3,1,1,0,0,0,0,1
1531,38,"22to25",166,2,2,2,1,0,0,0,0,1
1532,30,"15to18",158,3,3,2,1,0,0,0,0,1
1533,26,"25to30",11,0,0,0,1,0,0,0,0,1
1534,26,"15to18",140,2,2,2,1,0,0,0,0,1
1535,29,"18to20",125,2,2,0,1,0,0,0,0,1
1536,21,"18to20",35,0,0,0,1,0,0,0,0,1
1537,42,"25to30",209,3,3,3,1,0,0,0,0,1
1538,25,"18to20",65,1,1,1,1,0,0,0,0,1
1539,35,"22to25",134,3,2,0,1,0,0,0,0,1
1540,36,"18to20",212,4,4,1,1,0,0,0,0,1
1541,36,"20to22",150,4,4,3,1,0,0,0,0,1
1542,30,"20to22",106,2,2,1,1,0,0,0,0,1
1543,38,"25to30",144,1,1,0,1,0,0,0,0,1
1544,26,"25to30",6,1,0,0,1,0,0,0,0,1
1545,45,"22to25",265,5,5,1,0,0,0,0,0,1
1546,42,"22to25",243,3,3,1,0,0,0,0,0,1
1547,39,"18to20",238,2,2,1,1,0,0,0,0,1
1548,49,"25to30",129,1,1,1,1,0,0,0,0,1
1549,44,"25to30",177,2,2,1,1,0,0,0,0,1
1550,46,"25to30",239,2,2,1,1,0,0,0,0,1
1551,47,"20to22",313,2,2,1,1,0,0,0,0,1
1552,36,"22to25",143,3,3,1,1,0,0,0,0,1
1553,33,"18to20",170,3,3,2,1,0,0,0,0,1
1554,28,"25to30",35,1,1,0,1,0,0,0,0,1
1555,28,"20to22",76,2,2,0,1,0,0,0,0,1
1556,47,"22to25",298,3,3,2,1,0,0,0,0,1
1557,29,"20to22",97,1,1,0,1,0,0,0,0,1
1558,37,"25to30",123,2,2,1,1,0,0,0,0,1
1559,32,"18to20",174,3,3,0,1,0,0,0,0,1
1560,45,"22to25",251,0,0,0,1,0,0,0,0,1
1561,44,"25to30",197,1,1,1,1,0,0,0,0,1
1562,25,"22to25",42,1,1,1,1,0,0,0,1,0
1563,30,"25to30",35,1,1,1,1,0,0,0,0,1
1564,39,"22to25",208,1,1,0,1,0,0,0,0,1
1565,40,"20to22",238,3,3,1,1,0,0,0,0,1
1566,35,"18to20",184,4,4,2,1,0,0,0,0,1
1567,30,"22to25",91,2,2,1,1,0,0,0,0,1
1568,40,"25to30",144,2,2,0,1,0,0,0,0,1
1569,43,"22to25",231,0,0,0,1,0,0,0,0,1
1570,25,"20to22",51,2,2,1,1,0,0,0,0,1
1571,25,"15to18",122,0,0,0,1,0,0,0,0,1
1572,29,"22to25",64,1,1,1,1,0,0,0,0,1
1573,44,"30toInf",140,3,3,1,1,0,0,0,0,1
1574,39,"20to22",222,4,4,3,1,0,0,0,0,1
1575,41,"18to20",270,1,1,1,1,0,0,0,0,1
1576,34,"25to30",84,2,2,0,1,0,0,0,0,1
1577,44,"25to30",207,5,5,3,0,0,0,0,0,1
1578,25,"20to22",59,2,2,2,1,0,0,0,0,1
1579,24,"20to22",42,2,2,1,1,0,0,0,0,1
1580,31,"30toInf",16,0,0,0,1,0,0,0,0,1
1581,49,"20to22",338,1,1,0,0,0,0,0,0,1
1582,26,"20to22",60,1,1,1,1,0,0,0,0,1
1583,35,"25to30",83,2,2,1,1,0,0,0,0,1
1584,42,"20to22",267,4,4,3,1,0,0,0,0,1
1585,26,"22to25",35,1,1,0,1,0,0,0,0,1
1586,30,"20to22",109,1,1,1,1,0,0,0,0,1
1587,42,"22to25",218,2,2,1,1,0,0,0,0,1
1588,17,"15to18",2,0,0,0,1,0,0,0,0,1
1589,35,"22to25",129,2,2,2,1,0,0,0,0,1
1590,36,"20to22",190,3,3,2,1,0,0,0,0,1
1591,47,"18to20",347,3,3,2,1,0,0,0,0,1
1592,33,"22to25",129,1,1,1,1,0,0,0,0,1
1593,31,"15to18",167,4,4,3,1,0,0,0,0,1
1594,33,"20to22",147,1,1,1,1,0,0,0,0,1
1595,30,"22to25",91,3,3,0,1,0,0,0,0,1
1596,37,"25to30",135,2,2,2,1,0,0,0,0,1
1597,25,"18to20",83,2,2,2,1,0,0,0,0,1
1598,31,"22to25",92,1,1,1,1,0,0,0,0,1
1599,40,"18to20",246,3,3,1,1,0,0,0,0,1
1600,45,"22to25",276,4,4,2,1,0,0,0,0,1
1601,28,"20to22",85,2,2,0,1,0,0,0,0,1
1602,38,"22to25",186,2,2,1,1,0,0,0,0,1
1603,49,"25to30",264,6,6,4,1,0,0,0,0,1
1604,45,"22to25",272,2,2,2,1,0,0,0,0,1
1605,33,"15to18",195,3,3,2,1,0,0,0,0,1
1606,35,"22to25",159,0,0,0,1,0,0,0,0,1
1607,35,"22to25",147,2,2,1,1,0,0,0,0,1
1608,41,"22to25",221,1,1,0,1,0,0,0,0,1
1609,32,"22to25",117,4,4,2,1,0,0,0,0,1
1610,49,"25to30",255,6,6,2,1,0,0,0,0,1
1611,31,"25to30",34,2,1,1,1,0,0,0,0,1
1612,35,"25to30",97,0,0,0,1,0,0,0,0,1
1613,38,"25to30",130,2,2,1,1,0,0,0,0,1
1614,49,"25to30",264,6,6,4,1,0,0,0,0,1
1615,44,"18to20",295,3,3,3,1,0,0,0,0,1
1616,39,"30toInf",108,2,2,2,1,0,0,0,0,1
1617,28,"0to15",160,3,3,0,1,0,0,0,0,1
1618,22,"18to20",12,1,1,1,1,0,0,0,0,1
1619,33,"20to22",147,3,3,2,1,0,0,0,0,1
1620,42,"25to30",181,4,4,1,1,0,0,0,0,1
1621,41,"20to22",234,2,2,1,1,0,0,0,0,1
1622,45,"18to20",327,8,8,5,1,0,0,0,0,1
1623,47,"20to22",327,6,6,4,1,0,0,0,0,1
1624,25,"22to25",20,1,1,1,1,0,0,0,0,1
1625,45,"15to18",340,5,5,2,0,0,0,0,0,1
1626,36,"25to30",138,2,2,0,1,0,0,0,0,1
1627,39,"20to22",222,2,2,0,1,0,0,0,0,1
1628,46,"20to22",299,3,3,2,0,0,0,0,0,1
1629,47,"25to30",265,2,2,1,1,0,0,0,0,1
1630,49,"22to25",293,2,2,1,1,0,0,0,0,1
1631,27,"25to30",7,1,0,0,1,0,0,0,0,1
1632,25,"20to22",55,2,2,2,1,0,0,0,0,1
1633,49,"25to30",272,2,2,0,1,0,0,0,0,1
1634,46,"25to30",244,2,2,0,1,0,0,0,0,1
1635,36,"15to18",220,3,3,2,1,0,0,0,0,1
1636,34,"20to22",167,2,2,1,1,0,0,0,0,1
1637,48,"22to25",296,2,2,1,1,0,0,0,0,1
1638,21,"20to22",3,0,0,0,1,0,0,0,0,1
1639,45,"22to25",244,2,2,1,1,0,0,0,0,1
1640,28,"25to30",25,1,1,0,1,0,0,0,0,1
1641,40,"18to20",252,2,2,1,1,0,0,0,0,1
1642,34,"22to25",124,2,2,0,1,0,0,0,0,1
1643,47,"25to30",236,4,4,3,1,0,0,0,0,1
1644,38,"22to25",176,1,1,1,1,0,0,0,0,1
1645,40,"22to25",226,7,7,3,0,0,0,0,0,1
1646,45,"22to25",267,3,4,3,1,0,0,0,0,1
1647,36,"20to22",181,0,0,0,1,0,0,0,0,1
1648,40,"20to22",52,5,5,3,1,0,0,0,0,1
1649,34,"15to18",204,5,5,3,1,0,0,0,0,1
1650,34,"20to22",173,1,1,1,1,0,0,0,0,1
1651,29,"15to18",169,4,4,2,1,0,0,0,0,1
1652,41,"20to22",153,5,5,1,1,0,0,0,0,1
1653,41,"22to25",231,3,3,2,0,0,0,0,0,1
1654,49,"0to15",418,5,5,2,0,0,0,0,0,1
1655,21,"18to20",38,1,1,0,1,0,0,0,0,1
1656,46,"25to30",238,6,6,2,0,0,0,0,0,1
1657,29,"20to22",107,3,3,2,1,0,0,0,1,0
1658,20,"15to18",40,0,0,0,1,0,0,0,1,0
1659,35,"22to25",127,3,3,0,1,0,0,0,1,0
1660,47,"25to30",256,7,7,6,1,0,0,0,1,0
1661,41,"22to25",202,9,8,5,1,0,0,0,1,0
1662,25,"22to25",36,2,2,2,1,0,0,0,1,0
1663,21,"18to20",39,1,1,1,1,0,0,0,1,0
1664,48,"22to25",201,6,6,3,1,0,0,0,1,0
1665,35,"25to30",101,3,3,1,1,0,0,0,1,0
1666,35,"25to30",90,1,1,0,1,0,0,0,1,0
1667,31,"20to22",129,5,5,4,1,0,0,0,1,0
1668,27,"22to25",64,0,0,0,1,0,0,0,1,0
1669,25,"20to22",57,3,2,1,1,0,0,0,1,0
1670,46,"22to25",284,3,3,2,1,0,0,0,1,0
1671,26,"20to22",57,2,2,2,1,0,0,0,1,0
1672,31,"25to30",49,1,1,0,1,0,0,0,1,0
1673,49,"20to22",344,6,6,2,1,0,0,0,1,0
1674,25,"22to25",35,1,1,1,1,0,0,0,1,0
1675,31,"25to30",51,3,3,1,1,0,0,0,1,0
1676,43,"22to25",229,2,2,1,1,0,0,0,1,0
1677,43,"25to30",221,1,1,0,0,0,0,0,1,0
1678,28,"22to25",51,2,1,1,1,0,0,0,1,0
1679,35,"22to25",156,2,2,0,1,0,0,0,1,0
1680,28,"20to22",80,2,2,1,1,0,0,0,1,0
1681,38,"22to25",160,2,2,2,1,0,0,0,1,0
1682,22,"18to20",39,1,1,1,1,0,0,0,1,0
1683,32,"18to20",164,1,1,0,1,0,0,0,1,0
1684,25,"22to25",11,0,0,0,1,0,0,0,1,0
1685,31,"22to25",88,1,1,0,1,0,0,0,1,0
1686,28,"20to22",95,3,3,3,1,0,0,0,1,0
1687,48,"25to30",263,5,5,3,1,0,0,0,1,0
1688,47,"25to30",222,5,5,2,1,0,0,0,1,0
1689,25,"22to25",40,1,1,0,1,0,0,0,1,0
1690,28,"20to22",75,2,2,0,1,0,0,0,1,0
1691,28,"22to25",54,2,2,1,1,0,0,0,1,0
1692,31,"20to22",134,2,2,1,1,0,0,0,1,0
1693,37,"20to22",202,2,2,1,1,0,0,0,1,0
1694,28,"22to25",52,1,1,1,1,0,0,0,1,0
1695,26,"22to25",23,2,1,0,1,0,0,0,1,0
1696,41,"22to25",234,2,2,2,1,0,0,0,1,0
1697,36,"25to30",135,4,4,1,1,0,0,0,1,0
1698,45,"22to25",266,4,4,1,1,0,0,0,1,0
1699,24,"20to22",42,1,1,0,1,0,0,0,1,0
1700,24,"22to25",3,1,0,0,1,0,0,0,1,0
1701,29,"25to30",36,1,1,0,1,0,0,0,1,0
1702,19,"18to20",15,0,0,0,1,0,0,0,1,0
1703,43,"22to25",256,4,4,3,1,0,0,0,1,0
1704,44,"20to22",268,5,5,4,1,0,0,0,1,0
1705,48,"22to25",295,4,4,1,1,0,0,0,1,0
1706,27,"22to25",51,1,1,1,1,0,0,0,1,0
1707,45,"20to22",290,2,2,0,1,0,0,0,1,0
1708,30,"25to30",52,1,1,1,1,0,0,0,1,0
1709,34,"25to30",104,3,2,2,1,0,0,0,1,0
1710,49,"20to22",356,6,6,3,1,0,0,0,1,0
1711,27,"20to22",68,1,1,0,1,0,0,0,1,0
1712,34,"25to30",86,1,1,1,1,0,0,0,1,0
1713,47,"25to30",243,2,2,1,0,0,0,0,1,0
1714,30,"20to22",111,1,1,0,1,0,0,0,1,0
1715,26,"22to25",29,0,0,0,1,0,0,0,1,0
1716,21,"18to20",36,1,1,1,1,0,0,0,1,0
1717,41,"22to25",234,6,6,3,1,0,0,0,1,0
1718,32,"22to25",102,2,2,2,1,0,0,0,1,0
1719,33,"25to30",91,3,3,1,1,0,0,0,1,0
1720,27,"15to18",121,3,3,1,1,0,0,0,1,0
1721,31,"25to30",60,1,1,1,1,0,0,0,1,0
1722,30,"15to18",170,3,3,2,1,0,0,0,1,0
1723,31,"22to25",84,2,2,1,1,0,0,0,1,0
1724,39,"22to25",197,3,3,2,1,0,0,0,1,0
1725,38,"25to30",139,3,3,3,1,0,0,0,1,0
1726,44,"18to20",312,2,2,1,0,0,0,0,1,0
1727,44,"30toInf",151,2,2,2,0,0,0,0,1,0
1728,46,"20to22",300,9,10,8,0,0,0,0,1,0
1729,44,"22to25",260,4,4,2,1,0,0,0,1,0
1730,40,"22to25",177,2,3,1,1,0,0,0,1,0
1731,37,"18to20",216,3,3,2,1,0,0,0,1,0
1732,23,"22to25",3,1,0,0,1,0,0,0,1,0
1733,40,"15to18",278,6,6,2,0,0,0,0,1,0
1734,35,"22to25",156,4,4,1,1,0,0,0,1,0
1735,33,"20to22",154,3,3,2,1,0,0,0,1,0
1736,49,"22to25",301,6,6,4,0,0,0,0,1,0
1737,26,"20to22",74,2,1,1,1,0,0,0,1,0
1738,48,"22to25",305,13,13,8,0,0,0,0,1,0
1739,32,"22to25",86,3,3,3,1,0,0,0,1,0
1740,45,"18to20",263,7,7,4,0,0,0,0,1,0
1741,20,"20to22",0,0,0,0,1,0,0,0,1,0
1742,39,"20to22",230,4,4,2,1,0,0,0,1,0
1743,27,"22to25",49,3,2,2,1,0,0,0,1,0
1744,38,"22to25",174,2,2,2,1,0,0,0,1,0
1745,37,"22to25",160,2,2,1,1,0,0,0,1,0
1746,40,"25to30",127,0,0,0,1,0,0,0,1,0
1747,33,"25to30",43,1,1,1,1,0,0,0,1,0
1748,40,"25to30",174,2,2,1,1,0,0,0,1,0
1749,42,"22to25",218,3,3,1,1,0,0,0,1,0
1750,39,"18to20",235,2,2,1,1,0,0,0,1,0
1751,30,"25to30",52,1,1,1,1,0,0,0,1,0
1752,38,"30toInf",47,1,1,0,1,0,0,0,1,0
1753,36,"22to25",146,2,2,0,1,0,0,0,1,0
1754,27,"20to22",86,1,1,0,1,0,0,0,1,0
1755,40,"18to20",52,1,1,0,1,1,0,0,0,0
1756,23,"20to22",25,1,1,1,1,1,0,0,0,0
1757,38,"25to30",138,1,1,1,1,1,0,0,0,0
1758,30,"20to22",111,2,2,0,1,1,0,0,0,0
1759,40,"20to22",237,2,2,1,1,1,0,0,0,0
1760,32,"18to20",178,3,3,2,1,1,0,0,0,0
1761,29,"20to22",102,2,2,1,1,1,0,0,0,0
1762,23,"18to20",49,3,3,1,1,1,0,0,0,0
1763,44,"15to18",297,4,4,1,1,1,0,0,0,0
1764,38,"25to30",161,3,3,2,1,1,0,0,0,0
1765,29,"22to25",94,1,1,0,1,1,0,0,0,0
1766,34,"22to25",142,2,2,0,1,1,0,0,0,0
1767,20,"18to20",6,0,0,0,1,1,0,0,0,0
1768,31,"25to30",29,1,1,1,1,1,0,0,0,0
1769,30,"22to25",62,2,2,0,1,1,0,0,0,0
1770,49,"20to22",350,3,3,1,1,1,0,0,0,0
1771,27,"18to20",99,1,1,0,1,0,0,0,1,0
1772,34,"25to30",111,2,2,1,1,0,0,0,1,0
1773,22,"15to18",55,1,1,0,1,0,0,0,1,0
1774,42,"25to30",180,3,3,1,1,0,0,0,1,0
1775,31,"25to30",79,1,1,0,1,0,0,0,1,0
1776,41,"25to30",161,4,4,1,1,0,0,0,1,0
1777,22,"18to20",27,1,0,0,1,0,0,0,1,0
1778,43,"18to20",301,1,1,0,1,0,0,0,1,0
1779,20,"18to20",10,0,0,0,1,0,0,0,1,0
1780,37,"25to30",134,3,3,3,1,0,0,0,1,0
1781,27,"22to25",48,1,1,0,1,0,0,0,1,0
1782,35,"22to25",131,2,2,1,1,0,0,0,1,0
1783,48,"22to25",187,2,2,1,1,0,0,0,1,0
1784,30,"22to25",71,2,2,0,1,0,0,0,1,0
1785,35,"25to30",107,0,0,0,1,0,0,0,1,0
1786,38,"25to30",110,2,2,1,1,0,0,0,1,0
1787,26,"22to25",42,1,1,1,1,0,0,0,1,0
1788,48,"15to18",396,2,2,1,1,0,0,0,1,0
1789,40,"20to22",248,2,2,2,1,1,0,0,0,0
1790,35,"25to30",86,1,1,0,1,1,0,0,0,0
1791,37,"25to30",140,0,0,0,1,1,0,0,0,0
1792,27,"22to25",65,2,2,1,1,0,0,0,1,0
1793,20,"18to20",16,1,1,1,1,0,0,0,1,0
1794,43,"30toInf",162,3,3,2,1,0,0,0,1,0
1795,35,"25to30",101,4,5,3,1,0,0,0,1,0
1796,37,"20to22",199,8,8,4,1,0,0,0,1,0
1797,42,"20to22",259,6,6,3,0,0,0,0,1,0
1798,26,"22to25",43,0,0,0,1,0,0,0,1,0
1799,46,"22to25",290,9,9,4,1,0,0,0,1,0
1800,44,"22to25",245,4,4,1,1,0,0,0,1,0
1801,37,"22to25",180,1,1,1,1,0,0,0,1,0
1802,44,"25to30",184,1,1,1,1,0,0,0,1,0
1803,44,"25to30",202,3,3,2,0,0,0,0,1,0
1804,43,"25to30",210,4,4,3,1,0,0,0,1,0
1805,36,"22to25",174,2,2,0,1,0,0,0,1,0
1806,46,"25to30",239,3,3,1,1,0,0,0,1,0
1807,42,"20to22",258,3,3,1,1,0,0,0,1,0
1808,38,"18to20",224,5,6,4,1,0,0,0,1,0
1809,39,"25to30",177,1,1,1,1,0,0,0,1,0
1810,47,"22to25",300,6,6,3,0,0,0,0,1,0
1811,32,"22to25",103,2,2,2,1,0,0,0,1,0
1812,32,"18to20",158,4,4,4,1,0,0,0,1,0
1813,35,"25to30",120,2,2,0,1,0,0,0,1,0
1814,19,"18to20",15,1,1,1,1,0,0,0,1,0
1815,45,"22to25",260,2,2,2,1,1,0,0,0,0
1816,27,"18to20",97,2,2,1,1,1,0,0,0,0
1817,33,"18to20",180,3,3,1,1,1,0,0,0,0
1818,38,"18to20",234,4,4,3,0,1,0,0,0,0
1819,34,"22to25",142,3,3,2,0,1,0,0,0,0
1820,48,"25to30",277,2,2,1,1,1,0,0,0,0
1821,45,"22to25",274,1,1,0,1,1,0,0,0,0
1822,23,"20to22",20,1,1,1,1,1,0,0,0,0
1823,40,"20to22",221,7,8,7,1,1,0,0,0,0
1824,47,"15to18",355,7,7,2,1,1,0,0,0,0
1825,45,"20to22",291,2,2,1,1,1,0,0,0,0
1826,21,"18to20",23,1,1,1,1,1,0,0,0,0
1827,28,"22to25",63,2,2,2,1,1,0,0,0,0
1828,44,"25to30",194,2,2,1,1,1,0,0,0,0
1829,37,"20to22",147,5,5,2,1,1,0,0,0,0
1830,27,"22to25",36,1,1,0,1,1,0,0,0,0
1831,27,"18to20",92,3,3,3,1,1,0,0,0,0
1832,40,"18to20",250,5,5,3,1,1,0,0,0,0
1833,31,"18to20",158,3,3,2,1,1,0,0,0,0
1834,49,"22to25",57,1,1,1,1,1,0,0,0,0
1835,27,"18to20",105,2,2,1,1,1,0,0,0,0
1836,25,"18to20",74,2,2,2,1,1,0,0,0,0
1837,25,"20to22",51,2,2,2,1,1,0,0,0,0
1838,47,"18to20",248,8,8,4,0,1,0,0,0,0
1839,45,"22to25",246,3,3,3,1,1,0,0,0,0
1840,44,"15to18",335,6,6,3,1,0,0,0,1,0
1841,17,"0to15",40,2,2,1,1,0,0,0,1,0
1842,28,"22to25",49,2,2,1,1,0,0,0,1,0
1843,34,"15to18",194,2,2,1,1,0,0,0,1,0
1844,30,"22to25",101,1,1,1,1,0,0,0,1,0
1845,48,"22to25",284,3,3,3,1,0,0,0,1,0
1846,37,"25to30",146,1,1,1,1,0,0,0,1,0
1847,30,"25to30",42,1,1,0,1,0,0,0,1,0
1848,49,"18to20",355,2,2,1,1,0,0,0,1,0
1849,46,"25to30",259,2,2,2,1,0,0,0,1,0
1850,49,"22to25",303,3,3,2,1,0,0,0,1,0
1851,24,"20to22",42,1,1,0,1,0,0,0,1,0
1852,43,"18to20",213,4,4,2,1,0,0,0,1,0
1853,22,"20to22",14,1,0,0,1,0,0,0,1,0
1854,44,"18to20",304,3,3,3,1,0,0,0,1,0
1855,42,"22to25",238,4,4,1,0,0,0,0,1,0
1856,49,"18to20",319,3,3,3,1,0,0,0,1,0
1857,34,"22to25",120,2,2,2,1,0,0,0,1,0
1858,41,"18to20",278,5,5,5,1,0,0,0,1,0
1859,48,"22to25",303,4,4,0,1,0,0,0,1,0
1860,28,"20to22",85,2,2,1,1,0,0,0,1,0
1861,44,"18to20",307,2,2,1,1,0,0,0,1,0
1862,36,"25to30",141,2,2,2,1,0,0,0,1,0
1863,37,"25to30",139,2,2,0,1,0,0,0,1,0
1864,45,"30toInf",146,2,2,1,1,0,0,0,1,0
1865,23,"22to25",9,0,0,0,1,0,0,0,1,0
1866,34,"30toInf",9,0,0,0,1,0,1,0,0,0
1867,33,"22to25",128,1,1,1,1,0,1,0,0,0
1868,18,"18to20",7,1,0,0,1,0,1,0,0,0
1869,34,"22to25",129,2,2,2,1,0,1,0,0,0
1870,42,"22to25",232,1,1,1,1,0,1,0,0,0
1871,19,"18to20",6,1,1,1,1,0,1,0,0,0
1872,41,"20to22",207,8,8,2,1,0,1,0,0,0
1873,22,"22to25",4,0,0,0,1,0,1,0,0,0
1874,28,"22to25",59,3,3,1,1,0,1,0,0,0
1875,32,"25to30",85,1,1,1,1,0,1,0,0,0
1876,28,"22to25",65,1,1,1,1,0,1,0,0,0
1877,43,"20to22",254,0,0,0,1,0,1,0,0,0
1878,24,"22to25",16,1,0,0,1,0,0,0,1,0
1879,40,"20to22",226,2,2,1,1,0,1,0,0,0
1880,32,"22to25",116,2,2,1,1,0,0,0,1,0
1881,34,"20to22",150,6,7,5,1,0,0,0,1,0
1882,40,"22to25",195,2,2,2,1,0,0,0,1,0
1883,45,"20to22",300,2,2,0,1,0,0,0,1,0
1884,46,"18to20",339,1,1,0,1,0,1,0,0,0
1885,38,"20to22",204,3,3,3,1,0,0,0,1,0
1886,40,"20to22",246,1,1,1,1,0,1,0,0,0
1887,37,"30toInf",51,2,2,2,1,0,0,0,1,0
1888,27,"15to18",122,2,2,1,1,0,1,0,0,0
1889,27,"20to22",72,1,1,0,1,0,1,0,0,0
1890,38,"25to30",132,2,2,2,1,0,1,0,0,0
1891,47,"25to30",237,2,2,0,1,0,1,0,0,0
1892,45,"22to25",271,2,2,0,1,0,1,0,0,0
1893,38,"20to22",209,2,2,1,1,0,1,0,0,0
1894,35,"22to25",131,3,3,3,1,0,1,0,0,0
1895,49,"18to20",248,2,2,2,0,0,0,0,1,0
1896,26,"20to22",60,2,2,0,1,0,0,0,1,0
1897,40,"20to22",231,2,2,1,1,0,0,0,1,0
1898,32,"22to25",118,2,2,2,1,0,0,0,1,0
1899,22,"22to25",3,0,0,0,1,0,0,0,1,0
1900,34,"22to25",131,2,2,1,1,0,0,0,1,0
1901,36,"15to18",230,3,3,2,1,0,0,0,1,0
1902,24,"22to25",18,1,1,0,1,0,0,0,1,0
1903,43,"22to25",224,2,2,1,1,0,0,0,1,0
1904,30,"25to30",63,1,1,1,1,0,0,0,1,0
1905,45,"15to18",227,4,4,2,1,0,0,0,1,0
1906,26,"15to18",107,1,1,1,1,0,0,0,1,0
1907,22,"18to20",39,1,1,0,1,0,0,0,1,0
1908,33,"18to20",169,2,2,2,1,0,0,0,1,0
1909,47,"18to20",326,3,3,1,1,0,0,0,1,0
1910,35,"30toInf",16,1,1,0,1,0,0,0,1,0
1911,30,"22to25",76,1,1,1,1,0,0,0,1,0
1912,45,"30toInf",96,2,2,2,1,0,0,0,1,0
1913,42,"22to25",238,1,1,1,1,0,0,0,1,0
1914,41,"22to25",233,1,1,0,1,0,0,0,1,0
1915,41,"22to25",222,5,5,1,1,0,0,0,1,0
1916,46,"18to20",341,3,3,1,1,0,0,0,1,0
1917,35,"22to25",125,2,2,1,1,0,0,0,1,0
1918,25,"20to22",57,1,1,1,1,0,0,0,1,0
1919,26,"20to22",54,2,1,0,1,0,0,0,1,0
1920,28,"20to22",81,1,1,0,1,0,0,0,1,0
1921,37,"18to20",232,4,4,3,1,0,0,0,1,0
1922,27,"22to25",65,1,1,0,1,0,0,0,1,0
1923,25,"25to30",3,0,0,0,1,0,0,0,1,0
1924,35,"25to30",97,2,2,0,1,0,0,0,1,0
1925,43,"15to18",264,6,6,1,1,0,0,0,1,0
1926,23,"20to22",43,1,1,1,1,0,0,0,1,0
1927,32,"22to25",116,2,2,0,1,0,0,0,1,0
1928,29,"18to20",135,2,2,2,1,0,0,0,1,0
1929,49,"22to25",291,6,6,2,0,0,0,0,1,0
1930,36,"30toInf",29,1,1,1,0,0,0,0,1,0
1931,47,"30toInf",85,1,1,1,1,0,0,0,1,0
1932,44,"20to22",276,3,3,1,0,0,0,0,1,0
1933,47,"22to25",287,1,1,0,1,0,0,0,1,0
1934,34,"20to22",156,2,2,1,1,0,0,0,1,0
1935,38,"25to30",134,1,1,0,1,0,0,0,1,0
1936,19,"18to20",6,0,0,0,1,0,0,0,1,0
1937,49,"20to22",332,5,5,3,0,0,0,0,1,0
1938,31,"20to22",135,2,3,1,1,0,0,0,1,0
1939,29,"20to22",93,1,1,0,1,0,0,0,1,0
1940,48,"15to18",283,3,3,0,1,0,0,0,1,0
1941,24,"18to20",67,1,1,1,1,0,0,0,1,0
1942,39,"20to22",233,2,2,2,1,0,0,0,1,0
1943,47,"20to22",303,1,1,0,1,0,0,0,1,0
1944,42,"25to30",192,2,2,0,1,0,0,0,1,0
1945,46,"22to25",284,3,3,2,1,0,0,0,1,0
1946,33,"25to30",102,3,3,1,1,0,0,0,1,0
1947,38,"20to22",207,2,2,0,1,0,0,0,1,0
1948,34,"22to25",144,1,1,0,1,0,0,0,1,0
1949,48,"22to25",313,0,0,0,1,0,0,0,1,0
1950,27,"22to25",45,1,1,1,1,0,0,0,1,0
1951,31,"22to25",82,1,1,1,1,0,0,0,1,0
1952,28,"20to22",23,1,1,0,1,0,0,0,1,0
1953,37,"22to25",171,3,3,2,1,0,0,0,1,0
1954,29,"20to22",102,2,2,1,1,0,0,0,1,0
1955,45,"22to25",248,3,3,0,1,0,0,0,1,0
1956,41,"22to25",236,4,4,2,1,0,0,0,1,0
1957,40,"20to22",239,4,4,3,0,0,0,0,1,0
1958,29,"22to25",69,2,3,0,1,0,0,0,1,0
1959,45,"22to25",158,2,2,1,1,0,0,0,1,0
1960,27,"22to25",52,1,1,1,1,0,0,0,1,0
1961,25,"18to20",77,2,2,0,1,0,0,0,1,0
1962,39,"25to30",147,1,1,1,1,0,0,0,1,0
1963,27,"18to20",101,2,2,0,1,0,0,0,1,0
1964,41,"15to18",286,10,11,8,1,0,0,0,1,0
1965,26,"15to18",119,4,4,2,1,0,0,0,1,0
1966,34,"20to22",172,3,3,1,1,0,0,0,1,0
1967,39,"25to30",175,2,2,0,1,0,0,0,1,0
1968,39,"18to20",246,3,3,1,1,0,0,0,1,0
1969,46,"25to30",246,3,3,0,0,0,0,0,1,0
1970,20,"18to20",23,1,1,0,1,0,0,0,1,0
1971,20,"15to18",37,2,2,1,1,0,0,0,1,0
1972,28,"22to25",46,1,1,0,1,0,0,0,1,0
1973,45,"22to25",252,6,6,2,1,0,0,0,1,0
1974,32,"22to25",119,2,2,2,1,0,0,0,1,0
1975,37,"25to30",119,1,1,1,1,0,0,0,1,0
1976,28,"25to30",32,1,1,1,1,0,0,0,1,0
1977,37,"22to25",174,3,3,2,1,0,0,0,1,0
1978,31,"22to25",93,2,2,2,1,0,0,0,1,0
1979,35,"22to25",146,1,1,1,1,0,0,0,1,0
1980,40,"25to30",168,0,0,0,1,0,0,0,1,0
1981,35,"22to25",149,5,5,1,1,0,0,0,1,0
1982,47,"25to30",256,2,2,1,1,0,0,0,1,0
1983,19,"15to18",23,1,1,0,1,0,0,0,1,0
1984,32,"22to25",109,1,1,1,1,0,0,0,1,0
1985,23,"20to22",37,2,1,0,1,0,0,0,1,0
1986,31,"25to30",42,1,0,0,1,0,0,0,1,0
1987,42,"25to30",159,2,2,2,1,0,0,0,1,0
1988,41,"25to30",164,1,1,0,1,0,0,1,0,0
1989,28,"20to22",93,2,2,2,1,0,0,1,0,0
1990,32,"18to20",148,0,0,0,1,0,0,1,0,0
1991,47,"22to25",285,3,3,3,1,0,0,1,0,0
1992,40,"25to30",143,1,1,0,1,0,0,1,0,0
1993,36,"18to20",197,1,1,0,1,0,0,1,0,0
1994,36,"25to30",136,1,1,1,1,0,0,1,0,0
1995,26,"22to25",21,0,0,0,1,0,0,1,0,0
1996,35,"30toInf",56,2,2,0,1,0,0,1,0,0
1997,24,"22to25",11,1,0,0,1,0,0,1,0,0
1998,39,"30toInf",19,0,0,0,1,0,0,1,0,0
1999,30,"15to18",173,1,1,0,1,0,0,1,0,0
2000,33,"22to25",47,1,1,0,1,0,0,1,0,0
2001,43,"22to25",246,1,1,1,1,0,0,1,0,0
2002,42,"30toInf",125,0,0,0,1,0,0,1,0,0
2003,40,"22to25",206,2,2,1,1,0,0,1,0,0
2004,40,"25to30",181,2,2,1,1,0,0,1,0,0
2005,40,"30toInf",101,0,0,0,1,0,0,1,0,0
2006,19,"15to18",51,2,2,1,1,0,0,1,0,0
2007,26,"22to25",32,1,1,1,1,0,0,1,0,0
2008,35,"22to25",151,2,2,1,1,0,0,1,0,0
2009,27,"25to30",16,0,0,0,1,0,0,1,0,0
2010,43,"22to25",236,2,2,1,1,0,0,1,0,0
2011,20,"20to22",2,0,0,0,1,0,0,1,0,0
2012,44,"18to20",305,1,1,1,1,0,0,1,0,0
2013,43,"20to22",273,1,1,1,1,0,0,1,0,0
2014,34,"25to30",93,2,2,1,1,0,0,1,0,0
2015,25,"20to22",62,1,1,1,1,0,0,1,0,0
2016,42,"30toInf",146,2,2,1,1,0,0,1,0,0
2017,28,"22to25",65,1,1,1,1,0,0,1,0,0
2018,31,"25to30",69,1,2,2,1,0,0,1,0,0
2019,28,"20to22",94,2,2,2,1,0,0,1,0,0
2020,25,"20to22",57,2,2,1,1,0,0,1,0,0
2021,31,"25to30",56,1,1,0,1,0,0,1,0,0
2022,23,"18to20",49,1,1,1,1,0,0,1,0,0
2023,33,"25to30",69,1,1,1,1,0,0,1,0,0
2024,31,"25to30",73,1,1,0,1,0,0,1,0,0
2025,27,"22to25",65,1,1,0,1,0,0,1,0,0
2026,46,"25to30",212,2,2,0,1,0,0,1,0,0
2027,40,"25to30",179,3,3,0,1,0,0,1,0,0
2028,29,"22to25",73,2,2,1,1,0,0,1,0,0
2029,30,"22to25",83,2,2,1,1,0,0,1,0,0
2030,46,"22to25",270,3,3,1,1,0,0,1,0,0
2031,33,"25to30",46,1,1,1,1,0,0,1,0,0
2032,27,"20to22",56,2,2,1,1,0,0,1,0,0
2033,48,"22to25",285,3,3,2,1,0,0,1,0,0
2034,24,"20to22",39,1,1,0,1,0,0,1,0,0
2035,29,"18to20",112,1,1,1,1,0,0,1,0,0
2036,26,"25to30",6,0,0,0,1,0,0,1,0,0
2037,28,"22to25",77,1,1,0,1,0,0,1,0,0
2038,29,"22to25",67,2,2,1,1,0,0,1,0,0
2039,29,"25to30",35,0,0,0,1,0,0,1,0,0
2040,29,"18to20",114,2,2,0,1,0,0,1,0,0
2041,30,"22to25",88,1,1,0,1,0,0,1,0,0
2042,26,"15to18",108,2,2,1,1,0,0,1,0,0
2043,27,"22to25",50,1,1,0,1,0,0,1,0,0
2044,43,"20to22",267,3,3,0,1,0,0,1,0,0
2045,24,"20to22",57,1,1,1,1,0,0,1,0,0
2046,30,"22to25",76,1,2,2,1,0,0,1,0,0
2047,24,"20to22",57,2,2,1,1,0,0,1,0,0
2048,27,"22to25",56,1,1,0,1,0,0,1,0,0
2049,24,"18to20",33,1,1,1,1,0,0,1,0,0
2050,32,"22to25",106,2,2,2,1,0,0,1,0,0
2051,29,"22to25",64,1,0,0,1,0,0,1,0,0
2052,35,"18to20",198,1,1,0,1,0,0,1,0,0
2053,34,"22to25",134,1,1,1,1,0,0,1,0,0
2054,49,"22to25",292,1,1,1,1,0,0,1,0,0
2055,30,"20to22",112,2,2,1,1,0,0,1,0,0
2056,23,"20to22",29,1,1,0,1,0,0,1,0,0
2057,41,"25to30",148,1,1,0,1,0,0,1,0,0
2058,36,"22to25",160,2,2,2,1,0,0,1,0,0
2059,39,"20to22",211,1,1,1,1,0,0,1,0,0
2060,34,"22to25",136,1,2,1,1,0,0,1,0,0
2061,23,"15to18",88,3,3,1,1,0,0,1,0,0
2062,21,"18to20",33,1,1,0,1,0,0,1,0,0
2063,25,"22to25",34,1,1,1,1,0,0,1,0,0
2064,24,"18to20",70,1,1,0,1,0,0,1,0,0
2065,26,"15to18",134,4,4,3,1,0,0,1,0,0
2066,42,"18to20",184,0,0,0,1,0,0,1,0,0
2067,25,"20to22",43,3,3,3,1,0,0,1,0,0
2068,29,"25to30",51,3,3,1,1,0,0,1,0,0
2069,43,"30toInf",144,1,1,1,1,0,0,1,0,0
2070,22,"15to18",63,2,1,1,1,0,0,1,0,0
2071,24,"18to20",80,3,3,1,1,0,0,1,0,0
2072,43,"25to30",165,0,0,0,1,0,0,1,0,0
2073,24,"18to20",69,1,1,0,1,0,0,1,0,0
2074,34,"18to20",174,2,2,2,1,0,0,1,0,0
2075,28,"15to18",144,4,4,3,0,0,0,1,0,0
2076,31,"20to22",134,3,4,2,1,0,0,1,0,0
2077,36,"15to18",104,3,3,2,1,0,0,1,0,0
2078,33,"20to22",167,7,7,4,0,0,0,1,0,0
2079,49,"20to22",355,3,3,1,0,0,0,1,0,0
2080,37,"22to25",187,4,4,2,1,0,0,1,0,0
2081,20,"18to20",17,1,1,0,1,0,0,1,0,0
2082,25,"15to18",101,2,1,1,1,0,0,1,0,0
2083,29,"20to22",105,2,2,0,1,0,0,1,0,0
2084,43,"20to22",259,6,6,5,1,0,0,1,0,0
2085,19,"15to18",19,1,0,0,1,0,0,1,0,0
2086,26,"22to25",34,1,1,0,1,0,0,1,0,0
2087,47,"22to25",256,2,2,2,1,0,0,1,0,0
2088,30,"22to25",79,2,2,0,1,0,0,1,0,0
2089,47,"20to22",314,2,2,1,1,0,0,1,0,0
2090,21,"18to20",22,1,0,0,1,0,0,1,0,0
2091,30,"20to22",114,1,2,0,1,0,0,1,0,0
2092,46,"20to22",250,4,4,2,0,0,0,1,0,0
2093,45,"18to20",325,4,4,1,0,0,0,1,0,0
2094,23,"22to25",12,1,1,0,1,0,0,1,0,0
2095,39,"20to22",232,3,3,1,1,0,0,1,0,0
2096,23,"18to20",42,1,1,1,1,0,0,1,0,0
2097,20,"15to18",54,1,1,1,1,0,0,1,0,0
2098,19,"18to20",10,1,1,1,1,0,0,1,0,0
2099,43,"15to18",316,5,5,3,0,0,0,1,0,0
2100,19,"18to20",6,1,0,0,1,0,0,1,0,0
2101,42,"22to25",242,4,4,2,1,0,0,1,0,0
2102,45,"22to25",254,2,2,2,1,0,0,1,0,0
2103,42,"22to25",161,1,1,1,1,0,0,1,0,0
2104,48,"18to20",353,3,3,0,1,0,0,1,0,0
2105,49,"22to25",310,1,1,1,1,0,0,1,0,0
2106,49,"22to25",103,1,1,0,1,0,0,1,0,0
2107,44,"25to30",200,1,1,0,1,0,0,1,0,0
2108,47,"20to22",306,1,1,1,0,0,0,1,0,0
2109,24,"18to20",53,1,1,1,1,0,0,1,0,0
2110,22,"18to20",31,0,0,0,1,0,0,1,0,0
2111,29,"15to18",154,2,2,0,1,0,0,1,0,0
2112,38,"25to30",113,2,2,2,0,0,0,1,0,0
2113,49,"30toInf",182,0,0,0,1,0,0,1,0,0
2114,28,"25to30",28,1,1,1,1,0,0,1,0,0
2115,49,"20to22",229,2,2,1,1,0,0,1,0,0
2116,41,"18to20",255,2,2,2,1,0,0,1,0,0
2117,25,"22to25",31,1,1,0,1,0,0,1,0,0
2118,30,"20to22",105,1,1,0,1,0,0,1,0,0
2119,28,"22to25",71,1,1,0,1,0,0,1,0,0
2120,30,"25to30",5,0,0,0,1,0,0,1,0,0
2121,28,"25to30",3,0,0,0,1,0,0,1,0,0
2122,45,"22to25",189,1,1,0,1,0,0,1,0,0
2123,30,"20to22",56,5,5,2,1,0,0,1,0,0
2124,44,"15to18",87,4,4,4,1,0,0,1,0,0
2125,47,"25to30",192,2,2,1,0,0,0,1,0,0
2126,41,"20to22",8,1,1,0,1,0,0,1,0,0
2127,41,"20to22",242,2,2,1,1,0,0,1,0,0
2128,40,"22to25",195,1,1,1,1,0,0,1,0,0
2129,45,"22to25",249,1,1,0,1,0,0,1,0,0
2130,25,"20to22",62,2,1,1,1,0,0,1,0,0
2131,40,"22to25",189,2,2,1,1,0,0,1,0,0
2132,27,"22to25",61,1,2,0,1,0,0,1,0,0
2133,41,"22to25",39,1,1,1,1,0,0,1,0,0
2134,36,"20to22",194,4,4,2,1,0,0,1,0,0
2135,47,"25to30",268,3,3,1,1,0,0,1,0,0
2136,24,"20to22",46,1,1,0,1,0,0,1,0,0
2137,47,"25to30",249,2,2,1,1,0,0,1,0,0
2138,28,"25to30",34,1,1,0,1,0,0,1,0,0
2139,35,"22to25",136,1,1,1,1,0,0,1,0,0
2140,44,"22to25",238,1,1,1,1,0,0,1,0,0
2141,47,"22to25",285,3,3,2,1,0,0,1,0,0
2142,21,"18to20",22,0,0,0,1,0,0,1,0,0
2143,44,"22to25",104,1,1,1,1,0,0,1,0,0
2144,49,"20to22",339,3,3,1,1,0,0,1,0,0
2145,33,"20to22",147,4,4,1,1,0,0,1,0,0
2146,42,"22to25",225,3,3,2,1,0,0,1,0,0
2147,35,"20to22",176,4,4,1,1,0,0,1,0,0
2148,42,"25to30",214,3,3,1,1,0,0,1,0,0
2149,34,"22to25",142,1,1,0,1,0,0,1,0,0
2150,44,"25to30",239,3,3,2,1,0,0,1,0,0
2151,39,"25to30",175,3,3,3,1,0,0,1,0,0
2152,31,"22to25",57,2,2,1,1,0,0,1,0,0
2153,39,"18to20",244,1,1,1,1,0,0,1,0,0
2154,46,"22to25",173,0,0,0,0,0,0,1,0,0
2155,21,"18to20",34,0,0,0,1,0,0,1,0,0
2156,41,"18to20",271,1,1,0,1,0,0,1,0,0
2157,44,"20to22",68,2,2,2,1,0,0,1,0,0
2158,45,"22to25",281,3,3,2,1,0,0,1,0,0
2159,36,"25to30",117,1,1,1,1,0,0,1,0,0
2160,41,"25to30",161,2,2,1,1,0,0,1,0,0
2161,46,"25to30",256,2,2,2,1,0,0,1,0,0
2162,48,"25to30",242,2,2,1,1,0,0,1,0,0
2163,40,"25to30",149,2,2,2,1,0,0,1,0,0
2164,44,"25to30",209,2,2,1,1,0,0,1,0,0
2165,47,"25to30",233,2,2,1,1,0,0,1,0,0
2166,38,"20to22",213,4,4,4,1,0,0,1,0,0
2167,41,"20to22",239,4,4,2,1,0,0,1,0,0
2168,36,"22to25",149,3,4,1,1,0,0,1,0,0
2169,23,"22to25",7,0,0,0,1,0,0,1,0,0
2170,34,"25to30",54,0,0,0,1,0,0,1,0,0
2171,46,"22to25",265,2,2,0,1,0,0,1,0,0
2172,34,"25to30",87,3,3,2,1,0,0,1,0,0
2173,43,"25to30",205,1,1,1,1,0,0,1,0,0
2174,37,"30toInf",30,1,1,1,1,0,0,1,0,0
2175,43,"30toInf",68,1,1,1,0,0,0,1,0,0
2176,40,"18to20",263,3,3,1,1,0,0,1,0,0
2177,35,"18to20",197,3,3,3,1,0,0,1,0,0
2178,30,"22to25",73,1,1,0,1,0,0,1,0,0
2179,49,"18to20",48,2,2,1,0,0,0,1,0,0
2180,45,"20to22",297,4,4,2,1,0,0,1,0,0
2181,29,"22to25",77,2,2,0,1,0,0,1,0,0
2182,19,"15to18",33,0,0,0,1,0,0,1,0,0
2183,36,"18to20",194,1,1,0,1,0,0,1,0,0
2184,46,"22to25",267,1,1,1,1,0,0,1,0,0
2185,24,"20to22",30,1,0,0,1,0,0,1,0,0
2186,40,"20to22",235,2,2,1,1,0,0,1,0,0
2187,41,"22to25",227,2,2,2,1,0,0,1,0,0
2188,33,"20to22",164,2,2,0,1,0,0,1,0,0
2189,24,"20to22",18,0,0,0,1,0,0,1,0,0
2190,46,"15to18",272,5,5,2,1,0,0,1,0,0
2191,48,"22to25",322,2,2,1,1,0,0,1,0,0
2192,45,"25to30",224,2,2,2,1,0,0,1,0,0
2193,32,"25to30",43,1,1,1,1,0,0,1,0,0
2194,45,"25to30",223,2,2,1,1,0,0,1,0,0
2195,29,"20to22",97,1,1,0,1,0,0,1,0,0
2196,22,"20to22",13,1,0,0,1,0,0,1,0,0
2197,26,"20to22",72,1,1,1,1,0,0,1,0,0
2198,34,"22to25",116,3,4,2,0,0,0,1,0,0
2199,38,"25to30",144,1,1,0,1,0,0,1,0,0
2200,22,"20to22",28,1,1,1,1,0,0,1,0,0
2201,18,"15to18",9,1,1,0,1,0,0,1,0,0
2202,43,"25to30",199,2,2,1,1,0,0,1,0,0
2203,29,"22to25",74,1,1,0,1,0,0,1,0,0
2204,30,"20to22",123,1,1,1,1,0,0,1,0,0
2205,31,"18to20",146,1,1,0,1,0,0,1,0,0
2206,19,"18to20",2,0,0,0,1,0,0,1,0,0
2207,43,"15to18",319,7,7,3,0,0,0,1,0,0
2208,41,"18to20",276,2,2,0,1,0,0,1,0,0
2209,41,"18to20",149,2,2,1,1,0,0,1,0,0
2210,42,"30toInf",132,0,0,0,1,0,0,1,0,0
2211,36,"22to25",157,1,1,0,1,0,0,1,0,0
2212,48,"20to22",333,2,2,1,1,0,0,1,0,0
2213,49,"22to25",259,1,1,1,1,0,0,1,0,0
2214,49,"20to22",326,0,0,0,1,0,0,1,0,0
2215,30,"25to30",28,1,1,1,1,0,0,1,0,0
2216,32,"20to22",84,1,1,0,1,0,0,1,0,0
2217,21,"20to22",9,0,0,0,1,0,0,1,0,0
2218,23,"15to18",70,3,3,2,1,0,0,1,0,0
2219,39,"0to15",292,4,4,2,1,0,0,1,0,0
2220,40,"22to25",197,2,2,1,1,0,0,1,0,0
2221,27,"15to18",115,2,2,1,1,0,0,1,0,0
2222,47,"18to20",337,0,0,0,1,0,0,1,0,0
2223,41,"22to25",221,1,1,1,1,0,0,1,0,0
2224,49,"0to15",431,1,1,1,1,0,0,1,0,0
2225,27,"22to25",65,1,1,1,1,0,0,1,0,0
2226,34,"15to18",202,1,1,0,1,0,0,1,0,0
2227,27,"20to22",73,2,2,1,1,0,0,1,0,0
2228,35,"15to18",216,1,1,1,1,0,0,1,0,0
2229,40,"25to30",145,1,2,2,1,0,0,1,0,0
2230,32,"22to25",96,1,1,0,1,0,0,1,0,0
2231,49,"25to30",257,1,1,0,1,0,0,1,0,0
2232,37,"22to25",181,3,3,1,1,0,0,1,0,0
2233,32,"22to25",116,2,2,0,1,0,0,1,0,0
2234,30,"25to30",40,1,2,1,1,0,0,1,0,0
2235,27,"15to18",137,3,3,2,1,0,0,1,0,0
2236,37,"18to20",233,3,3,2,1,0,0,1,0,0
2237,28,"22to25",76,2,2,1,1,0,0,1,0,0
2238,42,"22to25",246,2,2,2,1,0,0,1,0,0
2239,30,"18to20",146,3,3,1,1,0,0,1,0,0
2240,39,"22to25",211,3,3,2,1,0,0,1,0,0
2241,36,"30toInf",37,0,0,0,1,0,0,1,0,0
2242,44,"25to30",181,2,2,1,1,0,0,1,0,0
2243,24,"20to22",53,1,1,0,1,0,0,1,0,0
2244,45,"25to30",238,1,1,0,0,0,0,1,0,0
2245,33,"20to22",57,1,1,1,1,0,0,1,0,0
2246,47,"25to30",218,1,1,1,1,0,0,1,0,0
2247,40,"18to20",256,2,2,1,1,0,0,1,0,0
2248,33,"22to25",101,3,2,1,1,0,0,1,0,0
2249,40,"18to20",243,3,2,2,1,0,0,1,0,0
2250,28,"20to22",94,1,1,0,1,0,0,1,0,0
2251,46,"22to25",260,1,1,1,1,0,0,1,0,0
2252,28,"20to22",86,1,1,0,1,0,0,1,0,0
2253,27,"20to22",91,1,1,1,1,0,0,1,0,0
2254,35,"22to25",157,1,1,0,1,0,0,1,0,0
2255,29,"18to20",120,1,1,0,1,0,0,1,0,0
2256,35,"22to25",163,3,3,2,1,0,0,1,0,0
2257,42,"25to30",187,3,3,1,1,0,0,1,0,0
2258,36,"25to30",93,1,1,1,1,0,0,1,0,0
2259,43,"30toInf",70,0,0,0,1,0,0,1,0,0
2260,37,"22to25",173,3,3,2,1,0,0,1,0,0
2261,37,"25to30",104,1,1,0,1,0,0,1,0,0
2262,38,"18to20",227,3,3,1,1,0,0,1,0,0
2263,27,"20to22",72,2,1,0,1,0,0,1,0,0
2264,30,"25to30",41,1,1,0,1,0,0,1,0,0
2265,33,"25to30",41,1,1,1,1,0,0,1,0,0
2266,35,"25to30",37,1,1,0,1,0,0,1,0,0
2267,35,"22to25",149,2,2,2,1,0,0,1,0,0
2268,34,"25to30",110,1,1,1,1,0,0,1,0,0
2269,40,"18to20",251,3,3,1,1,0,0,1,0,0
2270,23,"15to18",88,5,4,4,1,0,0,1,0,0
2271,48,"22to25",298,2,2,2,1,0,0,1,0,0
2272,46,"20to22",312,3,3,3,0,0,0,1,0,0
2273,26,"22to25",30,1,1,1,1,0,0,1,0,0
2274,29,"25to30",44,0,0,0,1,0,0,1,0,0
2275,47,"20to22",279,1,1,0,1,0,0,1,0,0
2276,24,"18to20",18,1,1,1,1,0,0,1,0,0
2277,38,"18to20",238,2,2,2,0,0,0,1,0,0
2278,35,"18to20",154,1,1,0,1,0,0,1,0,0
2279,40,"18to20",255,2,2,1,1,0,0,1,0,0
2280,37,"22to25",176,2,2,2,1,0,0,1,0,0
2281,23,"15to18",98,1,1,1,1,0,0,1,0,0
2282,27,"18to20",101,1,1,0,1,0,0,1,0,0
2283,35,"30toInf",47,1,1,1,1,0,0,1,0,0
2284,40,"25to30",128,2,2,0,1,0,0,1,0,0
2285,45,"25to30",204,0,0,0,1,0,0,1,0,0
2286,26,"20to22",65,2,2,1,1,0,0,1,0,0
2287,35,"18to20",203,1,1,1,1,0,0,1,0,0
2288,48,"30toInf",88,0,0,0,0,0,0,1,0,0
2289,45,"22to25",249,3,3,1,1,0,0,1,0,0
2290,33,"18to20",169,2,2,1,1,0,0,1,0,0
2291,23,"18to20",63,1,1,1,1,0,0,1,0,0
2292,30,"20to22",11,1,1,0,1,0,0,1,0,0
2293,28,"25to30",16,1,1,1,1,0,0,1,0,0
2294,47,"22to25",275,2,2,1,1,0,0,1,0,0
2295,21,"20to22",17,1,1,1,1,0,0,1,0,0
2296,47,"30toInf",146,1,1,1,0,0,0,1,0,0
2297,45,"30toInf",104,1,1,0,1,0,0,1,0,0
2298,45,"25to30",211,1,1,1,1,0,0,1,0,0
2299,36,"30toInf",71,1,1,1,1,0,0,1,0,0
2300,32,"15to18",195,2,2,1,1,0,0,1,0,0
2301,46,"22to25",287,3,3,1,1,0,0,1,0,0
2302,23,"20to22",20,1,1,1,1,0,0,1,0,0
2303,36,"20to22",174,2,2,2,1,0,0,1,0,0
2304,29,"15to18",148,2,2,2,1,0,0,1,0,0
2305,27,"15to18",76,0,0,0,1,0,0,1,0,0
2306,34,"18to20",118,1,1,1,1,0,0,1,0,0
2307,43,"15to18",313,4,4,2,1,0,0,1,0,0
2308,40,"22to25",203,2,2,0,1,0,0,1,0,0
2309,28,"18to20",125,0,0,0,1,0,0,1,0,0
2310,47,"22to25",292,1,1,0,1,0,0,1,0,0
2311,31,"20to22",126,3,3,1,1,0,0,1,0,0
2312,33,"20to22",138,2,2,0,1,0,0,1,0,0
2313,25,"22to25",6,1,0,0,1,0,0,1,0,0
2314,48,"22to25",293,2,2,1,1,0,0,1,0,0
2315,45,"22to25",252,2,2,2,1,0,0,1,0,0
2316,44,"20to22",196,0,0,0,1,0,0,1,0,0
2317,46,"22to25",210,2,2,2,1,0,0,1,0,0
2318,47,"30toInf",68,2,2,1,1,0,0,1,0,0
2319,40,"22to25",195,1,1,1,1,0,0,1,0,0
2320,39,"25to30",74,1,1,1,1,0,0,1,0,0
2321,34,"22to25",147,7,7,2,1,0,0,1,0,0
2322,45,"20to22",116,1,1,1,1,0,0,1,0,0
2323,43,"25to30",214,3,3,2,1,0,0,1,0,0
2324,39,"25to30",176,1,1,1,1,0,0,1,0,0
2325,34,"22to25",137,2,2,0,1,0,0,1,0,0
2326,35,"22to25",140,3,3,2,0,0,0,1,0,0
2327,20,"18to20",22,1,1,1,1,0,0,1,0,0
2328,45,"25to30",211,2,2,1,1,0,0,1,0,0
2329,34,"20to22",172,3,3,1,1,0,0,1,0,0
2330,47,"30toInf",31,0,0,0,1,0,0,1,0,0
2331,22,"18to20",53,1,1,1,1,0,0,1,0,0
2332,42,"22to25",84,2,2,1,0,0,0,1,0,0
2333,32,"18to20",137,2,2,1,1,0,0,1,0,0
2334,32,"22to25",92,2,2,1,1,0,0,1,0,0
2335,42,"22to25",246,6,6,5,0,0,0,1,0,0
2336,35,"15to18",213,3,3,2,0,0,0,1,0,0
2337,37,"15to18",239,7,7,5,0,0,0,1,0,0
2338,46,"15to18",350,8,8,7,0,0,0,1,0,0
2339,31,"15to18",160,5,5,4,1,0,0,1,0,0
2340,41,"22to25",175,4,4,2,1,0,0,1,0,0
2341,34,"22to25",126,2,2,0,1,0,0,1,0,0
2342,33,"22to25",125,0,0,0,0,0,0,1,0,0
2343,23,"20to22",38,2,2,1,1,0,0,1,0,0
2344,29,"22to25",72,1,1,1,1,0,0,1,0,0
2345,31,"25to30",70,1,1,0,1,0,0,1,0,0
2346,47,"22to25",248,6,6,1,0,0,0,1,0,0
2347,23,"18to20",44,2,2,0,1,0,0,1,0,0
2348,41,"22to25",94,2,2,0,0,0,0,1,0,0
2349,46,"22to25",268,1,1,1,0,0,0,1,0,0
2350,34,"22to25",118,3,3,2,1,0,0,1,0,0
2351,44,"22to25",256,2,2,1,0,0,0,1,0,0
2352,37,"22to25",184,9,9,4,1,0,0,1,0,0
2353,45,"25to30",242,2,2,0,1,0,0,1,0,0
2354,19,"18to20",14,1,1,0,1,0,0,1,0,0
2355,32,"25to30",66,1,1,1,1,0,0,1,0,0
2356,42,"22to25",242,2,2,2,1,0,0,1,0,0
2357,48,"25to30",262,2,2,1,1,0,0,1,0,0
2358,37,"20to22",206,3,3,1,1,0,0,1,0,0
2359,48,"18to20",353,2,2,0,1,0,0,1,0,0
2360,24,"18to20",72,2,2,1,1,0,0,1,0,0
2361,45,"22to25",272,2,2,1,1,0,0,1,0,0
2362,17,"15to18",13,1,1,0,1,0,0,1,0,0
2363,35,"18to20",192,2,2,1,1,0,0,1,0,0
2364,44,"25to30",221,4,4,4,1,0,0,1,0,0
2365,30,"25to30",61,1,1,0,1,0,0,1,0,0
2366,45,"25to30",150,3,3,2,1,0,0,1,0,0
2367,34,"20to22",83,1,1,0,1,0,0,1,0,0
2368,26,"20to22",66,2,2,2,1,0,0,1,0,0
2369,26,"20to22",42,0,0,0,1,0,0,1,0,0
2370,31,"20to22",129,1,1,1,1,0,0,1,0,0
2371,43,"25to30",178,2,2,0,1,0,0,1,0,0
2372,42,"22to25",230,2,2,1,1,0,0,1,0,0
2373,22,"20to22",13,0,0,0,1,0,0,1,0,0
2374,45,"25to30",240,4,4,3,1,0,0,1,0,0
2375,43,"22to25",249,6,6,3,1,0,0,1,0,0
2376,44,"22to25",259,1,1,1,1,0,0,1,0,0
2377,42,"25to30",199,2,2,1,1,0,0,1,0,0
2378,38,"20to22",210,1,1,1,1,0,0,1,0,0
2379,36,"22to25",163,2,2,2,1,0,0,1,0,0
2380,47,"22to25",275,1,1,1,1,0,0,1,0,0
2381,47,"30toInf",206,2,2,1,1,0,0,1,0,0
2382,43,"25to30",197,2,2,1,1,0,0,1,0,0
2383,49,"22to25",313,1,1,1,1,0,0,1,0,0
2384,41,"20to22",57,0,0,0,1,0,0,1,0,0
2385,36,"25to30",134,3,3,1,1,0,0,1,0,0
2386,39,"22to25",186,0,0,0,1,0,0,1,0,0
2387,44,"22to25",246,2,2,0,1,0,0,1,0,0
2388,42,"25to30",175,1,1,1,1,0,0,1,0,0
2389,47,"25to30",124,1,1,1,1,0,0,1,0,0
2390,43,"15to18",312,1,1,1,1,0,0,1,0,0
2391,41,"30toInf",134,1,1,1,1,0,0,1,0,0
2392,47,"18to20",349,2,2,0,1,0,0,1,0,0
2393,35,"25to30",127,2,2,2,1,0,0,1,0,0
2394,44,"22to25",246,3,3,1,1,0,0,1,0,0
2395,27,"20to22",52,1,1,0,1,0,0,1,0,0
2396,48,"18to20",353,1,1,0,1,0,0,1,0,0
2397,19,"15to18",33,1,1,1,1,0,0,1,0,0
2398,34,"25to30",71,2,2,1,1,0,0,1,0,0
2399,35,"20to22",189,2,3,2,1,0,0,1,0,0
2400,33,"22to25",104,2,2,1,1,0,0,1,0,0
2401,25,"22to25",15,1,1,1,1,0,0,1,0,0
2402,43,"18to20",109,2,2,1,1,0,0,1,0,0
2403,31,"20to22",126,2,2,1,1,0,0,1,0,0
2404,45,"25to30",215,0,0,0,1,0,0,1,0,0
2405,48,"22to25",298,0,0,0,1,0,0,1,0,0
2406,31,"20to22",123,1,1,1,1,0,0,1,0,0
2407,46,"25to30",237,4,4,4,1,0,0,1,0,0
2408,42,"22to25",221,2,2,1,1,0,0,1,0,0
2409,44,"20to22",268,2,2,2,1,0,0,1,0,0
2410,27,"22to25",60,1,1,1,1,0,0,1,0,0
2411,40,"0to15",311,2,2,1,1,0,0,1,0,0
2412,39,"30toInf",105,1,1,1,1,0,0,1,0,0
2413,47,"20to22",316,2,2,1,1,0,0,1,0,0
2414,27,"22to25",50,1,1,1,1,0,0,1,0,0
2415,22,"20to22",17,0,0,0,1,0,0,1,0,0
2416,44,"22to25",245,3,3,3,1,0,0,1,0,0
2417,27,"22to25",26,0,0,0,1,0,0,1,0,0
2418,28,"22to25",44,2,2,1,1,0,0,1,0,0
2419,32,"18to20",159,2,2,0,1,0,0,1,0,0
2420,30,"20to22",117,3,3,1,1,0,0,1,0,0
2421,47,"22to25",79,1,1,1,1,0,0,1,0,0
2422,33,"25to30",32,0,0,0,1,0,0,1,0,0
2423,45,"15to18",358,4,4,3,0,0,0,1,0,0
2424,21,"18to20",41,2,1,1,1,0,0,1,0,0
2425,46,"22to25",275,1,1,1,1,0,0,1,0,0
2426,20,"20to22",3,1,0,0,1,0,0,1,0,0
2427,38,"18to20",238,3,3,1,1,0,0,1,0,0
2428,45,"18to20",331,6,6,3,1,0,0,1,0,0
2429,35,"22to25",133,2,2,2,1,0,0,1,0,0
2430,25,"20to22",56,1,1,0,1,0,0,1,0,0
2431,25,"22to25",44,0,0,0,1,0,0,1,0,0
2432,27,"20to22",76,1,1,0,1,0,0,1,0,0
2433,43,"30toInf",141,0,0,0,0,0,0,1,0,0
2434,24,"18to20",53,0,0,0,1,0,0,1,0,0
2435,29,"22to25",59,2,2,0,1,0,0,1,0,0
2436,29,"22to25",59,2,2,0,1,0,0,1,0,0
2437,41,"18to20",269,1,1,0,1,0,0,1,0,0
2438,41,"18to20",260,2,2,0,1,0,0,1,0,0
2439,23,"18to20",50,1,1,0,1,0,0,1,0,0
2440,43,"20to22",259,2,2,1,1,0,0,1,0,0
2441,47,"22to25",287,2,2,1,1,0,0,1,0,0
2442,38,"15to18",249,2,2,1,1,0,0,1,0,0
2443,40,"18to20",250,1,1,1,1,0,0,1,0,0
2444,42,"20to22",265,2,2,0,1,0,0,1,0,0
2445,19,"18to20",6,0,0,0,1,0,0,1,0,0
2446,21,"18to20",42,1,1,1,1,0,0,1,0,0
2447,37,"20to22",201,2,2,1,1,0,0,1,0,0
2448,31,"22to25",109,2,2,0,1,0,0,1,0,0
2449,23,"22to25",6,0,0,0,1,0,0,1,0,0
2450,44,"25to30",128,2,2,1,0,0,0,1,0,0
2451,46,"22to25",248,0,0,0,1,0,0,1,0,0
2452,39,"20to22",224,2,2,1,1,0,0,1,0,0
2453,25,"18to20",91,1,1,1,1,0,0,1,0,0
2454,46,"15to18",342,2,2,1,1,0,0,1,0,0
2455,47,"22to25",283,1,1,0,1,0,0,1,0,0
2456,29,"25to30",35,0,0,0,1,0,0,1,0,0
2457,43,"25to30",206,3,3,1,1,0,0,0,1,0
2458,46,"22to25",279,1,1,0,1,0,0,0,1,0
2459,20,"0to15",72,2,2,2,1,0,0,0,1,0
2460,45,"0to15",374,2,2,1,0,0,0,0,1,0
2461,36,"25to30",121,2,2,1,1,0,0,0,1,0
2462,26,"18to20",91,2,2,0,1,0,0,0,1,0
2463,20,"18to20",18,0,0,0,1,0,0,0,1,0
2464,40,"20to22",226,3,3,2,1,0,0,0,1,0
2465,48,"20to22",334,1,1,1,1,0,0,0,1,0
2466,43,"25to30",208,2,2,2,1,0,0,0,1,0
2467,27,"25to30",8,0,0,0,1,0,0,0,1,0
2468,20,"15to18",34,2,2,1,1,0,0,0,1,0
2469,25,"22to25",13,1,1,0,1,0,0,0,1,0
2470,27,"22to25",54,2,3,1,1,0,0,0,1,0
2471,25,"22to25",14,1,1,1,1,0,0,0,1,0
2472,43,"22to25",241,0,0,0,1,0,0,0,1,0
2473,35,"20to22",168,1,1,1,1,0,0,0,1,0
2474,29,"18to20",128,2,2,2,1,0,0,0,1,0
2475,37,"18to20",222,3,3,0,1,0,0,0,1,0
2476,25,"18to20",69,2,2,2,1,0,0,0,1,0
2477,24,"20to22",27,1,1,1,1,0,0,0,1,0
2478,26,"22to25",30,3,2,2,1,0,0,0,1,0
2479,34,"15to18",211,2,2,1,0,0,0,0,1,0
2480,25,"18to20",75,1,1,0,1,0,0,0,1,0
2481,24,"22to25",18,1,1,1,1,0,0,0,1,0
2482,23,"18to20",48,1,1,0,1,0,0,0,1,0
2483,33,"20to22",159,2,2,2,1,0,0,0,1,0
2484,25,"18to20",67,1,1,1,1,0,0,0,1,0
2485,28,"20to22",91,2,2,0,1,0,0,0,1,0
2486,47,"18to20",336,1,1,0,1,0,0,0,1,0
2487,37,"22to25",179,2,2,1,1,0,0,0,1,0
2488,38,"18to20",241,1,1,1,0,0,0,0,1,0
2489,41,"20to22",235,2,2,1,1,0,0,0,1,0
2490,33,"22to25",126,2,2,1,1,0,0,0,1,0
2491,32,"18to20",161,3,3,3,1,0,0,0,1,0
2492,45,"20to22",291,2,2,1,1,0,0,0,1,0
2493,32,"18to20",150,2,2,1,1,0,0,0,1,0
2494,48,"25to30",271,2,2,0,1,0,0,0,1,0
2495,47,"20to22",326,2,2,1,1,0,0,0,1,0
2496,25,"20to22",54,1,1,1,1,0,0,0,1,0
2497,33,"18to20",179,2,2,1,1,0,0,0,1,0
2498,46,"25to30",243,2,2,2,1,0,0,0,1,0
2499,49,"30toInf",173,2,2,1,0,0,0,0,1,0
2500,36,"30toInf",41,1,1,1,1,0,0,0,1,0
2501,47,"18to20",348,2,2,1,0,0,0,0,1,0
2502,43,"25to30",207,3,3,2,1,0,0,0,1,0
2503,41,"25to30",138,4,4,3,1,0,0,0,1,0
2504,42,"18to20",268,5,5,2,1,0,0,0,1,0
2505,49,"22to25",153,1,1,0,1,0,0,0,1,0
2506,29,"25to30",27,1,1,0,1,0,0,0,1,0
2507,23,"22to25",12,1,0,0,1,0,0,0,1,0
2508,32,"22to25",114,1,1,1,1,0,0,0,1,0
2509,32,"20to22",133,2,2,1,1,0,0,0,1,0
2510,38,"22to25",181,2,2,0,1,0,0,0,1,0
2511,31,"22to25",99,2,2,1,1,0,0,0,1,0
2512,25,"22to25",44,1,1,1,1,0,0,0,1,0
2513,28,"22to25",80,2,2,1,1,0,0,0,1,0
2514,34,"22to25",150,2,2,1,1,0,0,0,1,0
2515,32,"22to25",114,2,2,2,1,0,0,0,1,0
2516,41,"18to20",268,1,1,0,1,0,0,0,1,0
2517,21,"18to20",30,1,1,1,1,0,0,0,1,0
2518,47,"22to25",221,2,2,1,1,0,0,0,1,0
2519,42,"25to30",174,1,1,1,1,0,0,0,1,0
2520,47,"20to22",325,3,3,3,1,0,0,0,1,0
2521,41,"18to20",235,3,3,1,1,0,0,0,1,0
2522,44,"25to30",216,3,3,1,1,0,0,0,1,0
2523,29,"25to30",30,1,1,1,1,0,0,0,1,0
2524,21,"18to20",18,1,1,0,1,0,0,0,1,0
2525,33,"18to20",179,1,1,0,1,0,0,0,1,0
2526,26,"22to25",45,1,1,0,1,0,0,0,1,0
2527,35,"22to25",150,1,1,0,1,0,0,0,1,0
2528,39,"30toInf",109,1,1,0,1,0,0,0,1,0
2529,48,"22to25",303,2,2,1,1,0,0,0,1,0
2530,42,"25to30",191,2,2,1,1,0,0,0,1,0
2531,47,"25to30",216,1,1,0,1,0,0,0,1,0
2532,24,"20to22",53,1,1,1,1,0,0,0,1,0
2533,34,"25to30",99,2,2,1,1,0,0,0,1,0
2534,32,"0to15",216,3,3,3,1,0,0,0,1,0
2535,34,"25to30",101,2,2,1,1,0,0,0,1,0
2536,29,"25to30",16,2,1,1,1,0,0,0,1,0
2537,27,"22to25",61,1,1,0,1,0,0,0,1,0
2538,41,"15to18",284,3,3,1,1,0,0,0,1,0
2539,25,"22to25",15,0,0,0,1,0,0,0,1,0
2540,46,"30toInf",171,0,0,0,1,0,0,0,1,0
2541,32,"18to20",166,2,2,2,1,0,0,0,1,0
2542,38,"20to22",210,2,2,0,1,0,0,0,1,0
2543,42,"25to30",203,2,2,2,1,1,0,0,0,0
2544,46,"30toInf",191,1,1,1,1,1,0,0,0,0
2545,37,"22to25",188,3,3,1,1,1,0,0,0,0
2546,48,"22to25",289,2,2,2,1,1,0,0,0,0
2547,40,"22to25",219,2,2,2,1,1,0,0,0,0
2548,48,"20to22",319,2,2,0,1,1,0,0,0,0
2549,41,"15to18",286,5,5,3,1,1,0,0,0,0
2550,43,"20to22",259,2,2,2,1,1,0,0,0,0
2551,43,"22to25",243,3,3,1,1,1,0,0,0,0
2552,43,"18to20",289,2,2,1,1,1,0,0,0,0
2553,39,"18to20",246,2,2,1,1,1,0,0,0,0
2554,32,"18to20",166,2,2,1,1,1,0,0,0,0
2555,43,"18to20",77,5,5,2,0,1,0,0,0,0
2556,46,"22to25",257,4,4,3,1,1,0,0,0,0
2557,35,"15to18",217,4,4,1,1,1,0,0,0,0
2558,49,"25to30",241,2,2,2,1,1,0,0,0,0
2559,37,"30toInf",35,0,0,0,1,1,0,0,0,0
2560,48,"20to22",319,5,5,2,0,1,0,0,0,0
2561,35,"22to25",141,1,1,1,1,1,0,0,0,0
2562,44,"22to25",241,1,1,1,1,1,0,0,0,0
2563,48,"22to25",308,4,4,0,1,1,0,0,0,0
2564,36,"25to30",123,1,1,1,1,1,0,0,0,0
2565,48,"22to25",155,4,4,2,1,0,0,0,1,0
2566,46,"25to30",237,1,1,0,1,0,0,0,1,0
2567,22,"18to20",48,1,1,0,1,0,0,0,1,0
2568,49,"25to30",240,1,1,0,1,0,0,0,1,0
2569,32,"25to30",61,1,1,1,1,0,0,0,1,0
2570,49,"25to30",279,2,2,2,1,0,0,0,1,0
2571,40,"20to22",194,4,4,3,1,0,0,0,1,0
2572,37,"18to20",223,2,2,1,1,0,0,0,1,0
2573,27,"18to20",111,1,1,0,1,0,0,0,1,0
2574,39,"22to25",179,0,0,0,1,0,0,0,1,0
2575,45,"30toInf",139,1,1,0,1,0,0,0,1,0
2576,34,"25to30",114,1,1,0,1,0,0,0,1,0
2577,31,"22to25",102,2,2,1,1,0,0,0,1,0
2578,37,"30toInf",71,2,2,1,1,0,0,0,1,0
2579,29,"20to22",87,3,2,2,1,0,0,0,1,0
2580,33,"20to22",145,2,3,2,1,0,0,0,1,0
2581,39,"18to20",240,2,2,1,1,0,0,0,1,0
2582,45,"22to25",276,2,2,1,1,0,0,0,1,0
2583,41,"22to25",225,2,2,0,0,0,0,0,1,0
2584,46,"25to30",256,2,2,2,1,0,0,0,1,0
2585,40,"30toInf",94,1,1,1,1,0,0,0,1,0
2586,40,"22to25",219,3,3,1,0,0,0,0,1,0
2587,42,"22to25",222,2,2,2,1,0,0,0,1,0
2588,41,"22to25",202,2,2,0,1,0,0,0,1,0
2589,39,"25to30",84,3,3,1,1,0,0,0,1,0
2590,37,"18to20",222,3,3,3,1,0,0,0,1,0
2591,42,"25to30",212,3,3,1,1,0,0,0,1,0
2592,43,"20to22",260,1,1,1,1,0,0,0,1,0
2593,44,"22to25",242,3,3,3,1,0,0,0,1,0
2594,42,"22to25",207,4,4,1,1,0,0,0,1,0
2595,44,"22to25",257,2,2,2,1,0,0,0,1,0
2596,42,"22to25",213,2,2,2,1,0,0,0,1,0
2597,43,"25to30",207,2,2,0,1,0,0,0,1,0
2598,23,"18to20",55,2,2,1,1,0,0,0,1,0
2599,27,"20to22",78,2,2,1,1,0,0,0,1,0
2600,37,"20to22",191,1,1,1,1,0,0,0,1,0
2601,36,"22to25",154,2,2,0,1,0,0,0,1,0
2602,31,"20to22",118,2,2,1,1,0,0,0,1,0
2603,27,"22to25",61,2,2,1,1,0,0,0,1,0
2604,44,"25to30",205,1,1,0,1,0,0,0,1,0
2605,42,"25to30",138,0,0,0,1,0,0,0,1,0
2606,38,"25to30",118,2,2,2,0,0,0,0,1,0
2607,33,"20to22",144,1,1,1,1,0,0,0,1,0
2608,26,"22to25",38,0,0,0,1,0,0,0,1,0
2609,28,"20to22",83,2,2,0,1,0,0,0,1,0
2610,27,"22to25",54,1,1,0,1,0,0,0,1,0
2611,32,"25to30",42,1,1,1,1,0,0,0,1,0
2612,44,"0to15",353,4,4,2,1,0,0,0,1,0
2613,28,"18to20",59,1,1,0,1,0,0,0,1,0
2614,40,"15to18",299,3,3,2,1,0,0,0,1,0
2615,22,"15to18",84,3,3,2,1,0,0,0,1,0
2616,34,"20to22",162,1,1,1,1,0,0,0,1,0
2617,24,"18to20",75,1,1,0,1,0,0,0,1,0
2618,32,"20to22",146,3,3,2,1,0,0,0,1,0
2619,28,"0to15",168,5,5,4,1,0,0,0,1,0
2620,34,"22to25",135,1,1,0,1,0,0,0,1,0
2621,30,"22to25",97,2,2,0,1,0,0,0,1,0
2622,28,"22to25",66,1,1,0,1,0,1,0,0,0
2623,32,"22to25",111,2,2,1,1,0,0,0,1,0
2624,28,"15to18",126,2,2,1,1,0,0,0,1,0
2625,36,"18to20",215,2,2,0,1,0,0,0,1,0
2626,30,"20to22",103,1,1,1,1,0,0,0,1,0
2627,32,"15to18",192,2,2,0,1,0,0,0,1,0
2628,37,"22to25",169,2,2,1,1,0,0,0,1,0
2629,27,"20to22",73,1,1,0,1,0,0,0,1,0
2630,24,"0to15",124,2,2,0,1,0,0,0,1,0
2631,23,"18to20",47,2,2,1,1,0,0,0,1,0
2632,30,"25to30",39,1,1,0,1,0,0,0,1,0
2633,35,"18to20",197,2,2,1,1,0,0,0,1,0
2634,28,"22to25",64,1,1,1,1,0,0,0,1,0
2635,25,"20to22",53,2,2,1,1,0,0,0,1,0
2636,33,"25to30",62,0,0,0,1,0,0,0,1,0
2637,25,"18to20",79,3,2,0,1,0,0,0,1,0
2638,24,"20to22",27,1,1,0,1,0,0,0,1,0
2639,48,"20to22",325,2,2,0,0,0,0,0,1,0
2640,36,"22to25",156,1,1,0,1,0,0,0,1,0
2641,32,"22to25",105,2,2,0,1,0,0,0,1,0
2642,34,"18to20",174,2,2,1,1,0,0,0,1,0
2643,36,"20to22",179,2,2,1,1,0,0,0,1,0
2644,22,"22to25",3,1,0,0,1,0,0,0,1,0
2645,44,"15to18",323,1,1,0,1,0,0,0,1,0
2646,39,"20to22",218,4,4,4,1,0,0,0,1,0
2647,32,"15to18",106,2,2,1,1,0,0,0,1,0
2648,39,"22to25",209,1,1,0,1,0,0,0,1,0
2649,23,"18to20",57,2,2,1,1,0,0,0,1,0
2650,42,"15to18",317,0,0,0,1,0,0,0,1,0
2651,40,"25to30",140,1,1,0,1,0,0,0,1,0
2652,28,"18to20",124,3,3,2,1,0,0,0,1,0
2653,34,"22to25",126,2,2,1,1,0,0,0,1,0
2654,45,"22to25",246,1,1,0,1,0,0,0,1,0
2655,24,"20to22",27,1,1,0,1,0,0,0,1,0
2656,49,"22to25",317,2,2,1,1,0,0,0,1,0
2657,47,"25to30",246,1,1,1,1,0,0,0,1,0
2658,41,"20to22",246,3,3,1,1,0,0,0,1,0
2659,45,"22to25",256,1,1,1,1,0,0,0,1,0
2660,32,"18to20",153,1,1,1,1,0,0,0,1,0
2661,43,"15to18",311,1,1,0,1,0,0,0,1,0
2662,30,"20to22",110,1,1,0,1,0,0,0,1,0
2663,30,"25to30",55,0,0,0,1,0,0,0,1,0
2664,41,"22to25",219,0,0,0,1,0,0,0,1,0
2665,49,"30toInf",151,1,1,1,1,0,0,0,1,0
2666,44,"30toInf",146,2,2,1,1,0,0,0,1,0
2667,23,"20to22",35,1,1,0,1,0,0,0,1,0
2668,18,"15to18",38,0,0,0,1,0,1,0,0,0
2669,22,"18to20",57,1,1,1,1,0,1,0,0,0
2670,34,"25to30",99,2,2,2,1,0,1,0,0,0
2671,33,"22to25",112,1,1,1,1,0,1,0,0,0
2672,23,"18to20",61,2,2,1,1,0,1,0,0,0
2673,35,"18to20",198,2,2,1,1,0,1,0,0,0
2674,35,"18to20",194,1,1,0,1,0,1,0,0,0
2675,46,"22to25",293,2,2,2,0,0,1,0,0,0
2676,49,"25to30",271,1,1,0,1,0,1,0,0,0
2677,31,"22to25",95,2,2,1,1,0,1,0,0,0
2678,31,"25to30",55,2,1,1,1,0,1,0,0,0
2679,48,"30toInf",224,0,0,0,0,0,0,0,1,0
2680,38,"22to25",190,2,2,1,1,0,1,0,0,0
2681,30,"15to18",150,2,2,1,1,0,1,0,0,0
2682,24,"20to22",38,0,0,0,1,0,1,0,0,0
2683,28,"22to25",51,1,1,1,1,0,1,0,0,0
2684,21,"20to22",5,0,0,0,1,0,1,0,0,0
2685,44,"18to20",308,2,2,1,1,0,1,0,0,0
2686,20,"18to20",19,0,0,0,1,0,1,0,0,0
2687,32,"20to22",87,1,1,1,1,0,1,0,0,0
2688,30,"22to25",94,1,1,0,1,0,1,0,0,0
2689,34,"25to30",102,1,1,1,1,0,1,0,0,0
2690,26,"20to22",71,2,2,0,1,0,1,0,0,0
2691,29,"20to22",93,1,1,0,1,0,1,0,0,0
2692,39,"18to20",250,2,2,2,1,0,1,0,0,0
2693,28,"22to25",56,2,2,1,1,0,1,0,0,0
2694,25,"22to25",5,0,0,0,1,0,1,0,0,0
2695,22,"22to25",7,0,0,0,1,0,1,0,0,0
2696,27,"22to25",49,1,1,0,1,0,1,0,0,0
2697,18,"15to18",13,0,0,0,1,0,1,0,0,0
2698,31,"20to22",128,2,1,0,1,0,1,0,0,0
2699,27,"22to25",51,1,1,1,1,0,1,0,0,0
2700,34,"22to25",132,2,2,1,1,0,1,0,0,0
2701,28,"22to25",50,2,2,2,1,0,1,0,0,0
2702,37,"18to20",215,2,2,1,1,0,1,0,0,0
2703,34,"25to30",101,1,1,0,0,0,1,0,0,0
2704,26,"22to25",59,1,1,0,1,0,1,0,0,0
2705,45,"22to25",244,2,2,0,1,0,1,0,0,0
2706,32,"22to25",114,1,1,1,1,0,1,0,0,0
2707,34,"18to20",170,2,2,0,1,0,1,0,0,0
2708,36,"22to25",147,2,2,1,1,0,1,0,0,0
2709,28,"18to20",113,0,0,0,1,0,1,0,0,0
2710,26,"15to18",104,1,1,1,1,0,1,0,0,0
2711,31,"22to25",85,1,2,2,1,0,1,0,0,0
2712,37,"20to22",186,2,2,2,1,0,1,0,0,0
2713,26,"18to20",93,2,2,1,1,0,1,0,0,0
2714,29,"22to25",92,2,2,2,1,0,1,0,0,0
2715,34,"22to25",119,1,1,1,1,0,1,0,0,0
2716,44,"20to22",271,2,2,0,1,0,1,0,0,0
2717,29,"25to30",45,1,1,1,1,0,1,0,0,0
2718,36,"25to30",96,1,1,0,1,0,1,0,0,0
2719,37,"22to25",182,2,2,1,1,0,1,0,0,0
2720,32,"22to25",94,2,2,1,1,0,1,0,0,0
2721,31,"22to25",98,1,1,0,1,0,1,0,0,0
2722,32,"20to22",135,2,2,1,1,0,1,0,0,0
2723,31,"20to22",139,2,2,2,1,0,1,0,0,0
2724,48,"15to18",152,3,3,3,1,0,1,0,0,0
2725,35,"25to30",123,1,1,0,1,0,1,0,0,0
2726,47,"30toInf",170,1,1,1,1,0,1,0,0,0
2727,34,"18to20",176,2,2,2,1,0,1,0,0,0
2728,31,"22to25",85,2,2,1,1,0,1,0,0,0
2729,47,"25to30",217,2,2,0,1,0,1,0,0,0
2730,36,"25to30",92,1,1,0,1,0,1,0,0,0
2731,39,"30toInf",101,4,4,3,1,1,0,0,0,0
2732,39,"25to30",159,2,2,1,0,1,0,0,0,0
2733,45,"22to25",267,2,2,1,1,1,0,0,0,0
2734,45,"22to25",260,3,3,2,1,1,0,0,0,0
2735,48,"20to22",325,0,0,0,1,1,0,0,0,0
2736,30,"15to18",155,3,3,2,1,1,0,0,0,0
2737,40,"25to30",186,1,1,0,1,1,0,0,0,0
2738,42,"25to30",153,2,2,0,1,1,0,0,0,0
2739,27,"20to22",66,1,1,0,1,1,0,0,0,0
2740,42,"22to25",224,1,1,0,1,1,0,0,0,0
2741,36,"18to20",199,2,2,2,1,1,0,0,0,0
2742,38,"25to30",162,2,2,1,1,1,0,0,0,0
2743,44,"20to22",294,2,2,2,1,1,0,0,0,0
2744,32,"15to18",185,2,2,1,1,1,0,0,0,0
2745,44,"25to30",220,1,1,1,1,1,0,0,0,0
2746,47,"22to25",305,2,2,1,1,1,0,0,0,0
2747,35,"20to22",166,0,0,0,1,1,0,0,0,0
2748,40,"18to20",97,1,1,1,1,1,0,0,0,0
2749,36,"22to25",161,3,3,3,0,1,0,0,0,0
2750,25,"20to22",60,0,0,0,1,1,0,0,0,0
2751,37,"22to25",177,3,3,2,1,1,0,0,0,0
2752,30,"20to22",101,2,2,2,1,0,0,0,1,0
2753,40,"22to25",198,1,1,1,1,1,0,0,0,0
2754,37,"25to30",145,2,2,1,1,1,0,0,0,0
2755,27,"15to18",146,2,2,1,1,1,0,0,0,0
2756,34,"22to25",125,2,2,1,1,1,0,0,0,0
2757,26,"22to25",42,1,0,0,1,1,0,0,0,0
2758,31,"22to25",78,1,1,0,1,1,0,0,0,0
2759,46,"25to30",233,0,0,0,1,1,0,0,0,0
2760,32,"22to25",105,2,2,1,1,1,0,0,0,0
2761,35,"20to22",171,1,1,1,1,1,0,0,0,0
2762,32,"22to25",114,2,2,2,1,1,0,0,0,0
2763,35,"18to20",200,1,1,1,1,1,0,0,0,0
2764,22,"15to18",86,1,1,1,1,1,0,0,0,0
2765,42,"30toInf",144,3,3,0,1,1,0,0,0,0
2766,43,"20to22",256,2,2,1,1,1,0,0,0,0
2767,28,"20to22",87,2,2,2,1,1,0,0,0,0
2768,39,"22to25",203,2,2,1,1,1,0,0,0,0
2769,26,"22to25",36,0,0,0,1,1,0,0,0,0
2770,24,"22to25",11,0,0,0,1,1,0,0,0,0
2771,43,"25to30",179,0,0,0,1,0,0,0,1,0
2772,48,"30toInf",207,3,3,3,1,0,0,0,1,0
2773,41,"30toInf",93,2,2,2,1,0,0,0,1,0
2774,36,"20to22",193,2,3,1,1,0,0,0,1,0
2775,19,"18to20",2,0,0,0,1,0,0,0,1,0
2776,27,"22to25",43,1,1,0,1,0,0,0,1,0
2777,40,"18to20",267,2,2,0,1,0,0,0,1,0
2778,49,"30toInf",218,2,2,1,1,0,0,0,1,0
2779,38,"25to30",106,0,0,0,1,0,0,0,1,0
2780,32,"30toInf",27,1,1,1,1,0,0,0,1,0
2781,24,"15to18",103,2,2,2,1,0,0,0,1,0
2782,41,"18to20",270,2,2,2,1,0,1,0,0,0
2783,36,"22to25",172,2,2,0,1,0,1,0,0,0
2784,46,"25to30",245,1,1,0,1,0,1,0,0,0
2785,49,"18to20",361,2,2,0,0,0,1,0,0,0
2786,45,"20to22",287,4,4,1,1,0,1,0,0,0
2787,35,"15to18",220,2,2,2,1,0,1,0,0,0
2788,46,"25to30",248,1,1,1,1,0,1,0,0,0
2789,35,"22to25",132,2,2,2,1,0,1,0,0,0
2790,46,"22to25",268,2,2,0,1,0,1,0,0,0
2791,44,"25to30",180,1,1,1,1,0,1,0,0,0
2792,33,"20to22",137,2,2,2,1,0,1,0,0,0
2793,36,"22to25",135,1,1,1,1,0,1,0,0,0
2794,30,"18to20",149,0,0,0,1,0,1,0,0,0
2795,41,"22to25",220,2,2,2,1,0,1,0,0,0
2796,41,"22to25",208,2,2,0,1,0,1,0,0,0
2797,37,"20to22",189,3,3,1,1,0,1,0,0,0
2798,34,"18to20",197,0,0,0,1,0,1,0,0,0
2799,23,"18to20",29,2,2,2,1,0,1,0,0,0
2800,40,"22to25",204,2,2,1,1,0,1,0,0,0
2801,21,"18to20",42,1,1,0,1,0,1,0,0,0
2802,33,"18to20",173,2,2,1,0,0,1,0,0,0
2803,47,"18to20",338,1,1,1,1,0,1,0,0,0
2804,23,"22to25",2,1,0,0,1,0,1,0,0,0
2805,34,"25to30",107,2,2,0,1,0,1,0,0,0
2806,38,"25to30",158,2,2,1,1,0,1,0,0,0
2807,41,"20to22",245,1,1,0,1,0,0,1,0,0
2808,33,"22to25",128,1,1,1,1,0,1,0,0,0
2809,47,"22to25",290,2,2,1,1,0,1,0,0,0
2810,18,"18to20",2,0,0,0,1,0,1,0,0,0
2811,23,"22to25",8,0,0,0,1,0,1,0,0,0
2812,31,"18to20",143,2,2,2,1,1,0,0,0,0
2813,30,"20to22",123,2,2,1,1,1,0,0,0,0
2814,43,"30toInf",99,2,2,2,1,1,0,0,0,0
2815,35,"22to25",150,4,4,2,1,1,0,0,0,0
2816,37,"18to20",221,2,2,2,0,1,0,0,0,0
2817,27,"15to18",116,1,1,0,1,1,0,0,0,0
2818,18,"15to18",21,1,1,1,1,1,0,0,0,0
2819,26,"20to22",59,1,1,1,1,1,0,0,0,0
2820,36,"22to25",170,2,2,0,1,1,0,0,0,0
2821,31,"15to18",91,2,3,1,1,1,0,0,0,0
2822,31,"20to22",120,1,1,1,1,1,0,0,0,0
2823,34,"18to20",180,3,3,3,1,1,0,0,0,0
2824,46,"22to25",268,3,3,0,1,1,0,0,0,0
2825,33,"15to18",156,3,3,1,1,1,0,0,0,0
2826,36,"25to30",119,2,2,1,1,1,0,0,0,0
2827,43,"30toInf",152,3,3,1,1,1,0,0,0,0
2828,37,"25to30",119,1,1,0,1,1,0,0,0,0
2829,36,"15to18",228,2,2,0,1,1,0,0,0,0
2830,45,"20to22",299,4,4,2,0,1,0,0,0,0
2831,43,"18to20",296,3,3,1,1,1,0,0,0,0
2832,29,"0to15",196,4,4,1,1,1,0,0,0,0
2833,35,"15to18",238,5,4,1,1,1,0,0,0,0
2834,43,"20to22",207,4,4,2,1,1,0,0,0,0
2835,34,"22to25",131,2,2,0,1,1,0,0,0,0
2836,21,"18to20",19,0,0,0,1,1,0,0,0,0
2837,47,"18to20",353,4,4,3,1,1,0,0,0,0
2838,21,"20to22",7,0,0,0,1,1,0,0,0,0
2839,27,"22to25",45,2,2,0,1,1,0,0,0,0
2840,39,"22to25",197,1,1,0,1,1,0,0,0,0
2841,34,"18to20",184,3,3,3,1,1,0,0,0,0
2842,43,"22to25",249,3,3,3,1,1,0,0,0,0
2843,36,"18to20",205,2,2,1,1,1,0,0,0,0
2844,34,"20to22",167,2,2,2,1,1,0,0,0,0
2845,29,"25to30",18,1,0,0,1,1,0,0,0,0
2846,24,"20to22",42,0,0,0,1,1,0,0,0,0
2847,44,"22to25",242,1,1,0,1,1,0,0,0,0
2848,39,"20to22",224,1,1,1,1,1,0,0,0,0
2849,32,"15to18",179,2,2,0,1,1,0,0,0,0
2850,29,"18to20",114,1,1,1,1,1,0,0,0,0
2851,38,"25to30",120,1,1,0,1,1,0,0,0,0
2852,48,"30toInf",101,0,0,0,1,1,0,0,0,0
2853,43,"20to22",271,1,1,0,1,0,1,0,0,0
2854,41,"22to25",213,2,2,1,1,0,1,0,0,0
2855,39,"18to20",237,2,2,0,1,0,1,0,0,0
2856,41,"22to25",221,2,2,0,1,0,1,0,0,0
2857,36,"20to22",159,2,2,2,1,0,1,0,0,0
2858,23,"18to20",50,4,4,1,1,0,1,0,0,0
2859,28,"22to25",51,1,1,1,1,0,1,0,0,0
2860,29,"18to20",127,2,2,1,1,1,0,0,0,0
2861,40,"20to22",224,2,2,2,1,1,0,0,0,0
2862,40,"22to25",188,2,2,0,1,1,0,0,0,0
2863,33,"22to25",117,1,1,1,1,1,0,0,0,0
2864,37,"25to30",124,2,2,1,1,1,0,0,0,0
2865,32,"25to30",53,1,1,0,1,1,0,0,0,0
2866,39,"25to30",158,2,2,2,1,1,0,0,0,0
2867,37,"15to18",245,1,1,0,1,1,0,0,0,0
2868,24,"20to22",44,1,1,1,1,1,0,0,0,0
2869,36,"20to22",184,2,2,1,1,1,0,0,0,0
2870,26,"22to25",33,1,1,1,1,1,0,0,0,0
2871,45,"25to30",130,2,2,1,1,0,1,0,0,0
2872,34,"20to22",151,2,2,0,1,0,1,0,0,0
2873,37,"22to25",156,2,2,2,1,0,1,0,0,0
2874,40,"25to30",145,2,2,0,1,0,1,0,0,0
2875,24,"22to25",8,0,0,0,1,0,1,0,0,0
2876,42,"25to30",165,2,2,0,0,0,1,0,0,0
2877,29,"15to18",141,1,1,1,1,0,1,0,0,0
2878,31,"22to25",108,2,2,0,1,0,1,0,0,0
2879,21,"18to20",31,1,1,0,1,0,1,0,0,0
2880,30,"22to25",90,1,1,0,1,0,1,0,0,0
2881,22,"20to22",20,0,0,0,1,0,1,0,0,0
2882,25,"18to20",83,2,2,1,1,0,1,0,0,0
2883,40,"22to25",220,2,2,1,1,0,1,0,0,0
2884,28,"22to25",80,2,2,1,1,0,1,0,0,0
2885,29,"18to20",116,1,2,2,1,0,1,0,0,0
2886,29,"22to25",54,2,2,2,1,0,1,0,0,0
2887,25,"18to20",73,1,1,1,1,0,1,0,0,0
2888,28,"20to22",94,2,2,1,1,0,1,0,0,0
2889,40,"25to30",102,2,2,2,1,0,1,0,0,0
2890,47,"20to22",325,2,2,1,1,0,1,0,0,0
2891,32,"22to25",120,2,3,1,1,0,1,0,0,0
2892,34,"25to30",56,1,1,1,1,0,1,0,0,0
2893,41,"25to30",159,2,2,1,1,0,1,0,0,0
2894,35,"22to25",151,2,2,1,1,0,1,0,0,0
2895,32,"22to25",118,0,0,0,1,0,1,0,0,0
2896,18,"18to20",5,0,0,0,1,0,1,0,0,0
2897,40,"18to20",244,2,2,2,0,0,1,0,0,0
2898,22,"15to18",54,1,1,1,1,0,1,0,0,0
2899,35,"22to25",153,3,3,1,0,0,1,0,0,0
2900,22,"15to18",75,3,3,1,1,0,1,0,0,0
2901,40,"15to18",279,5,5,0,1,0,1,0,0,0
2902,27,"22to25",60,1,1,1,1,0,1,0,0,0
2903,33,"18to20",170,2,2,1,1,0,1,0,0,0
2904,47,"18to20",339,3,3,2,0,0,1,0,0,0
2905,36,"22to25",151,1,1,1,1,0,1,0,0,0
2906,26,"18to20",81,1,1,0,1,0,1,0,0,0
2907,32,"18to20",155,2,2,2,1,0,1,0,0,0
2908,44,"18to20",305,3,3,2,0,0,1,0,0,0
2909,42,"30toInf",22,0,0,0,1,0,1,0,0,0
2910,48,"22to25",281,2,2,1,0,0,1,0,0,0
2911,40,"25to30",161,2,2,2,1,0,1,0,0,0
2912,44,"20to22",276,1,1,0,1,0,1,0,0,0
2913,37,"25to30",138,2,2,1,1,0,1,0,0,0
2914,36,"22to25",176,2,2,1,1,0,1,0,0,0
2915,39,"30toInf",63,2,2,2,1,0,1,0,0,0
2916,49,"18to20",360,1,1,0,1,0,1,0,0,0
2917,28,"22to25",57,1,1,0,1,0,1,0,0,0
2918,35,"18to20",199,2,2,0,1,0,1,0,0,0
2919,40,"20to22",245,2,2,2,1,0,1,0,0,0
2920,29,"22to25",63,1,1,0,1,0,1,0,0,0
2921,44,"30toInf",116,0,0,0,0,0,1,0,0,0
2922,45,"20to22",294,1,1,1,1,0,1,0,0,0
2923,38,"20to22",220,0,0,0,1,0,1,0,0,0
2924,23,"22to25",10,1,0,0,1,0,1,0,0,0
2925,28,"22to25",53,1,1,1,1,0,1,0,0,0
2926,45,"20to22",307,1,1,1,1,0,1,0,0,0
2927,47,"22to25",284,3,3,2,1,0,1,0,0,0
2928,23,"18to20",51,1,1,0,1,0,1,0,0,0
2929,38,"15to18",255,2,2,2,1,0,1,0,0,0
2930,23,"18to20",58,1,1,1,1,0,1,0,0,0
2931,46,"22to25",276,2,2,0,1,0,1,0,0,0
2932,45,"15to18",341,2,2,1,1,0,1,0,0,0
2933,43,"15to18",196,2,2,2,0,0,1,0,0,0
2934,42,"30toInf",64,0,0,0,1,0,1,0,0,0
2935,35,"15to18",99,2,2,0,1,0,1,0,0,0
2936,46,"18to20",330,2,2,2,0,0,1,0,0,0
2937,26,"20to22",61,1,1,1,1,0,1,0,0,0
2938,33,"20to22",155,2,2,2,1,1,0,0,0,0
2939,39,"20to22",234,1,1,0,1,1,0,0,0,0
2940,38,"20to22",203,2,2,1,1,1,0,0,0,0
2941,22,"20to22",27,1,1,1,1,1,0,0,0,0
2942,41,"20to22",241,1,1,1,1,1,0,0,0,0
2943,45,"22to25",256,0,0,0,1,1,0,0,0,0
2944,39,"25to30",164,3,3,3,1,1,0,0,0,0
2945,38,"22to25",178,1,1,1,1,1,0,0,0,0
2946,32,"22to25",112,2,2,1,1,1,0,0,0,0
2947,39,"20to22",210,2,2,1,1,1,0,0,0,0
2948,36,"25to30",125,1,1,0,1,1,0,0,0,0
2949,19,"18to20",13,1,1,1,1,1,0,0,0,0
2950,25,"15to18",36,1,1,1,1,1,0,0,0,0
2951,40,"22to25",193,3,3,3,1,1,0,0,0,0
2952,47,"30toInf",208,1,1,1,1,1,0,0,0,0
2953,37,"30toInf",71,0,0,0,1,1,0,0,0,0
2954,31,"22to25",82,2,2,0,1,1,0,0,0,0
2955,46,"25to30",206,2,2,1,1,1,0,0,0,0
2956,31,"22to25",99,2,2,1,1,1,0,0,0,0
2957,40,"18to20",153,4,4,4,1,1,0,0,0,0
2958,47,"18to20",67,2,2,1,1,1,0,0,0,0
2959,40,"25to30",159,1,1,0,1,1,0,0,0,0
2960,39,"30toInf",97,3,3,3,1,1,0,0,0,0
2961,28,"20to22",83,2,2,1,1,1,0,0,0,0
2962,44,"22to25",249,1,1,1,1,1,0,0,0,0
2963,37,"25to30",139,2,2,0,1,1,0,0,0,0
2964,39,"15to18",286,3,3,2,1,1,0,0,0,0
2965,34,"20to22",173,2,2,1,1,0,1,0,0,0
2966,48,"22to25",41,0,0,0,1,0,0,0,1,0
2967,30,"25to30",37,0,0,0,1,0,0,0,1,0
2968,26,"20to22",61,1,1,0,1,0,0,0,1,0
2969,24,"22to25",29,1,0,0,1,0,0,0,1,0
2970,43,"18to20",287,7,7,4,0,0,0,0,1,0
2971,25,"20to22",51,1,1,1,1,0,0,0,1,0
2972,35,"22to25",141,2,2,1,1,0,0,0,1,0
2973,27,"20to22",82,1,1,1,1,0,0,0,1,0
2974,31,"20to22",131,1,1,0,1,0,0,0,1,0
2975,35,"25to30",90,1,1,1,1,0,0,0,1,0
2976,29,"15to18",140,2,2,2,1,0,0,0,1,0
2977,29,"20to22",106,3,3,2,1,0,0,0,1,0
2978,37,"22to25",182,2,2,1,1,0,0,0,1,0
2979,34,"22to25",155,1,1,0,1,0,0,0,1,0
2980,27,"22to25",61,1,1,1,1,0,0,0,1,0
2981,41,"22to25",222,2,2,0,1,0,0,0,1,0
2982,45,"25to30",197,2,2,1,1,0,0,0,1,0
2983,30,"20to22",111,2,2,2,1,0,0,0,1,0
2984,43,"20to22",214,2,2,1,1,0,0,0,1,0
2985,39,"30toInf",32,2,1,1,1,0,0,0,1,0
2986,31,"25to30",78,1,1,0,1,0,0,0,1,0
2987,27,"22to25",61,3,3,1,1,0,0,0,1,0
2988,35,"22to25",151,2,2,1,1,0,0,0,1,0
2989,33,"22to25",115,2,1,1,1,0,0,0,1,0
2990,30,"20to22",118,2,2,1,1,0,0,0,1,0
2991,32,"22to25",125,3,3,1,1,0,0,0,1,0
2992,29,"22to25",80,1,1,1,1,0,0,0,1,0
2993,46,"25to30",239,3,3,2,1,0,0,0,1,0
2994,32,"22to25",88,3,3,0,1,0,0,0,1,0
2995,38,"25to30",111,2,2,0,1,0,0,0,1,0
2996,49,"25to30",274,1,1,1,1,0,0,0,1,0
2997,49,"25to30",243,1,1,0,1,0,0,0,1,0
2998,49,"18to20",377,1,1,0,1,0,0,0,1,0
2999,46,"25to30",238,1,1,1,1,0,0,0,1,0
3000,34,"25to30",99,1,1,0,1,0,0,0,1,0
3001,39,"20to22",227,1,1,1,1,0,0,0,1,0
3002,42,"25to30",168,1,1,1,1,0,0,0,1,0
3003,35,"22to25",155,2,2,0,1,0,0,0,1,0
3004,39,"22to25",201,3,3,1,1,0,0,0,1,0
3005,41,"22to25",235,2,2,2,1,0,0,0,1,0
3006,39,"25to30",151,3,3,3,1,0,0,0,1,0
3007,46,"20to22",318,3,3,2,1,0,0,0,1,0
3008,36,"20to22",176,1,1,1,1,0,0,0,1,0
3009,37,"22to25",186,2,2,0,1,0,0,0,1,0
3010,45,"25to30",237,1,1,1,1,0,0,0,1,0
3011,41,"25to30",150,1,1,0,1,0,0,0,1,0
3012,49,"30toInf",227,2,2,0,1,0,0,0,1,0
3013,41,"22to25",226,1,1,1,1,0,0,0,1,0
3014,48,"25to30",279,1,1,0,1,0,0,0,1,0
3015,40,"22to25",199,1,0,0,1,0,0,0,1,0
3016,27,"25to30",30,0,0,0,1,0,0,0,1,0
3017,28,"25to30",5,0,0,0,1,0,0,0,1,0
3018,47,"25to30",215,1,1,0,1,0,0,0,1,0
3019,30,"18to20",132,2,2,0,1,0,0,0,1,0
3020,35,"18to20",186,1,1,1,1,0,0,0,1,0
3021,32,"22to25",102,1,1,1,1,0,0,0,1,0
3022,20,"18to20",11,1,0,0,1,0,0,0,1,0
3023,40,"22to25",201,1,1,0,1,0,0,0,1,0
3024,32,"22to25",104,2,2,1,1,0,0,0,1,0
3025,42,"25to30",196,4,4,0,1,0,0,0,1,0
3026,28,"18to20",110,2,2,1,1,0,0,0,1,0
3027,29,"22to25",78,2,1,1,1,0,0,0,1,0
3028,30,"22to25",93,2,2,0,1,0,0,0,1,0
3029,39,"22to25",180,2,2,0,1,0,0,0,1,0
3030,36,"22to25",167,2,2,0,1,0,0,0,1,0
3031,30,"22to25",90,2,2,2,1,0,0,0,1,0
3032,39,"30toInf",93,2,2,1,1,0,0,0,1,0
3033,29,"22to25",64,1,1,0,1,0,0,0,1,0
3034,34,"25to30",86,2,2,1,1,0,0,0,1,0
3035,33,"25to30",85,1,1,0,1,0,0,0,1,0
3036,29,"20to22",90,1,1,1,1,0,0,0,1,0
3037,45,"20to22",294,2,2,2,1,0,0,0,1,0
3038,31,"22to25",88,1,1,1,1,0,0,0,1,0
3039,32,"20to22",132,1,1,1,1,0,0,0,1,0
3040,22,"15to18",55,2,2,1,1,0,0,0,1,0
3041,29,"22to25",73,1,1,1,1,0,0,0,1,0
3042,28,"15to18",130,1,1,1,1,0,0,0,1,0
3043,33,"22to25",133,1,1,1,1,0,0,0,1,0
3044,35,"30toInf",66,1,1,0,1,0,0,0,1,0
3045,34,"18to20",188,1,1,1,1,0,0,0,1,0
3046,26,"20to22",53,1,1,0,1,0,0,0,1,0
3047,30,"15to18",176,2,2,1,1,0,0,0,1,0
3048,40,"22to25",199,4,4,1,1,0,0,0,1,0
3049,36,"22to25",166,1,1,0,1,0,0,0,1,0
3050,28,"25to30",38,1,0,0,1,0,0,0,1,0
3051,40,"22to25",213,2,2,1,1,0,0,0,1,0
3052,32,"22to25",121,1,2,0,1,0,0,0,1,0
3053,28,"15to18",134,2,2,0,1,0,0,0,1,0
3054,26,"0to15",141,2,2,0,1,0,0,0,1,0
3055,40,"22to25",189,3,3,1,1,0,0,0,1,0
3056,38,"18to20",223,5,6,2,1,0,0,0,1,0
3057,43,"20to22",267,10,11,8,1,0,0,0,1,0
3058,43,"20to22",259,11,11,4,1,0,0,0,1,0
3059,42,"20to22",267,4,4,1,1,0,0,0,1,0
3060,43,"20to22",268,6,6,2,1,0,0,0,1,0
3061,49,"22to25",304,7,7,4,1,0,0,0,1,0
3062,48,"30toInf",206,7,7,2,1,0,0,0,1,0
3063,41,"18to20",267,6,6,3,1,0,0,0,1,0
3064,43,"22to25",230,4,4,3,1,0,0,0,1,0
3065,44,"25to30",222,6,6,5,1,0,0,0,1,0
3066,34,"22to25",148,3,4,2,1,0,0,0,1,0
3067,44,"25to30",236,8,8,5,1,0,0,0,1,0
3068,40,"20to22",231,4,4,3,1,0,0,0,1,0
3069,44,"22to25",242,4,4,2,1,0,0,0,1,0
3070,48,"18to20",359,5,5,0,1,0,0,0,1,0
3071,39,"22to25",187,4,4,2,1,0,0,0,1,0
3072,45,"20to22",281,4,4,1,1,0,0,0,1,0
3073,25,"22to25",21,1,1,1,1,0,0,0,1,0
3074,49,"25to30",262,6,6,0,1,0,0,0,1,0
3075,44,"25to30",222,4,5,5,1,0,0,0,1,0
3076,42,"20to22",251,4,4,4,1,0,0,0,1,0
3077,42,"25to30",193,4,4,2,1,0,0,0,1,0
3078,45,"25to30",195,3,3,1,1,0,0,0,1,0
3079,43,"20to22",265,4,4,3,1,0,0,0,1,0
3080,21,"18to20",26,1,1,0,1,0,0,0,1,0
3081,41,"22to25",234,4,4,2,1,0,0,0,1,0
3082,36,"20to22",185,4,4,1,1,0,0,0,1,0
3083,42,"20to22",258,4,4,0,1,0,0,0,1,0
3084,17,"15to18",20,1,1,0,1,0,0,0,1,0
3085,45,"30toInf",166,4,4,3,1,0,0,0,1,0
3086,29,"15to18",93,2,2,1,1,0,0,0,1,0
3087,31,"18to20",148,3,3,2,1,0,0,0,1,0
3088,40,"20to22",186,3,3,3,1,0,0,0,1,0
3089,43,"22to25",189,1,1,1,1,0,0,0,1,0
3090,44,"22to25",239,3,3,1,1,0,0,0,1,0
3091,44,"22to25",255,1,1,1,1,0,0,0,1,0
3092,28,"20to22",98,1,1,0,0,0,0,0,1,0
3093,28,"25to30",18,0,0,0,1,0,0,0,1,0
3094,29,"20to22",101,2,2,0,1,0,0,0,1,0
3095,22,"18to20",36,1,1,1,1,0,0,0,1,0
3096,26,"25to30",15,0,0,0,1,0,0,0,1,0
3097,25,"18to20",90,1,1,0,1,0,0,0,1,0
3098,23,"20to22",39,2,2,1,1,0,0,0,1,0
3099,37,"18to20",148,4,4,2,0,0,0,0,1,0
3100,31,"20to22",125,2,2,0,1,0,0,0,1,0
3101,29,"18to20",119,3,3,1,0,0,0,0,1,0
3102,44,"30toInf",134,0,0,0,1,0,0,0,1,0
3103,21,"20to22",6,0,0,0,1,0,0,0,1,0
3104,32,"20to22",141,2,2,2,1,0,0,0,1,0
3105,44,"30toInf",62,0,0,0,0,0,0,0,1,0
3106,32,"22to25",101,4,4,2,1,0,0,0,1,0
3107,47,"0to15",387,7,7,3,1,0,0,0,1,0
3108,39,"18to20",256,5,5,1,1,0,0,0,1,0
3109,46,"22to25",269,3,3,1,1,0,0,0,1,0
3110,38,"25to30",161,2,2,2,1,0,0,0,1,0
3111,39,"22to25",197,2,2,1,1,0,0,0,1,0
3112,36,"22to25",147,2,2,2,1,0,0,0,1,0
3113,31,"22to25",117,2,2,1,1,0,0,0,1,0
3114,37,"22to25",170,2,4,3,1,0,0,0,1,0
3115,42,"22to25",229,4,4,1,1,0,0,0,1,0
3116,31,"22to25",89,2,2,2,1,0,0,0,1,0
3117,31,"20to22",137,1,1,1,1,0,0,0,1,0
3118,35,"22to25",143,2,2,0,1,0,0,0,1,0
3119,28,"20to22",93,2,2,1,1,0,0,0,1,0
3120,33,"22to25",118,4,4,3,1,0,0,0,1,0
3121,27,"18to20",88,2,1,1,1,0,0,0,1,0
3122,39,"25to30",177,1,1,1,1,0,0,0,1,0
3123,32,"18to20",153,2,2,1,1,0,0,0,1,0
3124,31,"25to30",77,1,1,1,1,0,0,0,1,0
3125,42,"30toInf",143,2,2,0,1,0,0,0,1,0
3126,41,"20to22",239,3,3,1,0,0,0,0,1,0
3127,31,"18to20",157,3,3,2,1,0,0,0,1,0
3128,36,"30toInf",80,2,2,2,1,0,0,0,1,0
3129,28,"0to15",170,3,4,1,0,0,0,0,1,0
3130,38,"22to25",197,3,3,1,0,0,0,0,1,0
3131,38,"20to22",203,4,5,4,1,0,0,0,1,0
3132,47,"25to30",225,2,2,0,1,0,0,0,1,0
3133,31,"18to20",146,6,6,3,1,0,0,0,1,0
3134,32,"22to25",118,2,2,0,1,0,0,0,1,0
3135,25,"18to20",83,2,2,1,1,0,0,0,1,0
3136,30,"22to25",94,2,2,2,1,0,0,0,1,0
3137,34,"18to20",177,2,2,2,1,0,0,0,1,0
3138,43,"15to18",321,3,3,2,1,0,0,0,1,0
3139,47,"25to30",244,4,4,2,1,0,0,0,1,0
3140,25,"15to18",119,2,2,2,1,0,0,0,1,0
3141,33,"20to22",151,3,3,2,1,0,0,0,1,0
3142,30,"18to20",137,2,2,2,1,0,0,0,1,0
3143,38,"22to25",199,2,2,1,1,0,0,0,1,0
3144,36,"22to25",165,2,2,2,1,0,0,0,1,0
3145,44,"25to30",181,2,2,1,1,0,0,0,1,0
3146,31,"20to22",120,2,2,0,1,0,0,0,1,0
3147,48,"22to25",290,2,2,0,1,1,0,0,0,0
3148,30,"25to30",54,1,1,0,1,1,0,0,0,0
3149,32,"18to20",159,4,4,2,1,1,0,0,0,0
3150,33,"20to22",150,3,3,2,1,1,0,0,0,0
3151,31,"20to22",136,2,2,0,1,1,0,0,0,0
3152,48,"18to20",339,6,6,4,0,1,0,0,0,0
3153,31,"20to22",120,1,1,1,1,1,0,0,0,0
3154,38,"22to25",191,2,2,1,1,1,0,0,0,0
3155,43,"15to18",320,2,2,2,1,1,0,0,0,0
3156,43,"25to30",208,2,2,1,1,1,0,0,0,0
3157,26,"20to22",67,1,1,0,1,1,0,0,0,0
3158,34,"22to25",134,2,2,2,1,1,0,0,0,0
3159,33,"25to30",87,1,1,0,1,1,0,0,0,0
3160,36,"20to22",186,1,1,1,1,1,0,0,0,0
3161,25,"22to25",23,1,1,0,1,1,0,0,0,0
3162,28,"22to25",58,1,1,1,1,1,0,0,0,0
3163,29,"25to30",46,0,0,0,1,1,0,0,0,0
3164,38,"25to30",118,2,2,1,1,1,0,0,0,0
3165,40,"25to30",162,1,1,1,1,1,0,0,0,0
3166,40,"18to20",249,3,3,0,0,1,0,0,0,0
3167,45,"18to20",324,2,2,0,1,1,0,0,0,0
3168,41,"30toInf",71,1,1,0,1,0,0,0,1,0
3169,34,"25to30",98,2,2,1,1,0,0,0,1,0
3170,45,"22to25",270,1,1,0,1,0,0,0,1,0
3171,45,"22to25",275,2,2,2,1,0,0,0,1,0
3172,36,"25to30",130,1,1,1,1,0,0,0,1,0
3173,37,"15to18",151,3,3,0,0,0,0,0,1,0
3174,37,"25to30",134,2,2,1,1,0,0,0,1,0
3175,28,"25to30",35,1,1,1,1,0,0,0,1,0
3176,32,"22to25",115,1,1,0,1,0,0,0,1,0
3177,29,"18to20",115,2,2,1,1,0,0,0,1,0
3178,22,"18to20",29,1,1,1,1,0,0,0,1,0
3179,33,"20to22",138,2,2,1,1,0,0,0,1,0
3180,44,"15to18",318,1,1,1,0,0,0,0,1,0
3181,27,"25to30",8,1,1,1,1,0,0,0,1,0
3182,31,"22to25",90,2,2,1,1,0,0,0,1,0
3183,31,"15to18",162,1,1,1,1,0,0,0,1,0
3184,32,"22to25",129,3,3,1,1,0,0,0,1,0
3185,36,"20to22",197,3,3,3,1,0,0,0,1,0
3186,37,"22to25",162,2,2,1,1,0,0,0,1,0
3187,43,"25to30",196,3,3,2,1,0,0,0,1,0
3188,44,"25to30",211,1,1,0,1,0,0,0,1,0
3189,34,"22to25",145,1,2,2,1,0,0,0,1,0
3190,34,"18to20",134,5,5,3,1,0,0,0,1,0
3191,31,"18to20",139,3,3,1,1,0,0,0,1,0
3192,34,"15to18",207,2,2,1,1,0,0,0,1,0
3193,34,"22to25",131,2,2,2,1,0,0,0,1,0
3194,28,"22to25",48,2,2,0,1,0,0,0,1,0
3195,42,"22to25",221,2,2,1,1,0,0,0,1,0
3196,38,"22to25",179,3,3,2,0,0,0,0,1,0
3197,23,"15to18",78,1,1,0,1,0,0,0,1,0
3198,33,"18to20",172,2,2,2,1,0,0,0,1,0
3199,26,"18to20",92,0,0,0,1,0,0,0,1,0
3200,28,"25to30",20,0,0,0,1,0,0,0,1,0
3201,30,"18to20",127,3,3,1,1,0,0,0,1,0
3202,26,"20to22",73,2,1,0,1,0,0,0,1,0
3203,37,"20to22",206,2,2,1,1,0,0,0,1,0
3204,46,"15to18",367,2,2,1,0,0,0,0,1,0
3205,41,"22to25",233,2,2,1,0,0,0,0,1,0
3206,25,"20to22",65,2,2,1,1,0,0,0,1,0
3207,32,"15to18",179,2,2,1,1,0,0,0,1,0
3208,32,"20to22",102,3,3,1,1,0,0,0,1,0
3209,32,"22to25",121,1,1,0,1,0,0,0,1,0
3210,29,"20to22",111,1,1,1,1,0,0,0,1,0
3211,30,"18to20",132,2,2,0,1,0,0,0,1,0
3212,38,"18to20",234,2,2,0,1,0,0,0,1,0
3213,42,"18to20",279,2,2,0,1,0,0,0,1,0
3214,34,"15to18",195,3,3,3,1,0,0,0,1,0
3215,23,"20to22",18,1,0,0,1,0,0,0,1,0
3216,39,"18to20",239,5,5,2,1,0,0,0,1,0
3217,45,"20to22",297,1,1,0,1,0,0,0,1,0
3218,33,"22to25",119,1,1,1,1,0,0,0,1,0
3219,40,"18to20",257,2,2,0,1,0,0,0,1,0
3220,26,"20to22",61,2,2,1,1,0,0,0,1,0
3221,40,"20to22",232,2,2,1,1,0,0,0,1,0
3222,28,"20to22",79,2,2,2,1,0,0,0,1,0
3223,37,"18to20",232,2,2,2,1,0,0,0,1,0
3224,43,"22to25",255,2,2,2,1,0,0,0,1,0
3225,28,"22to25",61,1,1,0,1,0,1,0,0,0
3226,39,"25to30",125,2,2,2,1,0,1,0,0,0
3227,45,"18to20",335,2,2,2,1,0,1,0,0,0
3228,40,"15to18",286,2,2,0,1,0,1,0,0,0
3229,27,"22to25",34,1,1,1,1,0,1,0,0,0
3230,33,"22to25",138,2,2,1,1,0,1,0,0,0
3231,46,"30toInf",55,2,2,1,1,0,1,0,0,0
3232,30,"25to30",62,2,1,1,1,0,1,0,0,0
3233,44,"22to25",275,1,1,1,1,0,1,0,0,0
3234,46,"22to25",287,5,5,2,0,0,1,0,0,0
3235,46,"25to30",208,1,1,1,1,0,1,0,0,0
3236,39,"18to20",234,2,2,1,1,0,1,0,0,0
3237,37,"15to18",245,0,0,0,1,0,1,0,0,0
3238,47,"25to30",239,0,0,0,1,0,1,0,0,0
3239,41,"22to25",229,2,2,1,1,0,1,0,0,0
3240,46,"25to30",239,1,1,0,1,0,1,0,0,0
3241,34,"15to18",211,1,1,1,1,0,1,0,0,0
3242,41,"20to22",251,2,2,1,1,0,1,0,0,0
3243,44,"18to20",291,0,0,0,1,0,1,0,0,0
3244,46,"25to30",236,1,1,1,1,0,1,0,0,0
3245,45,"25to30",235,1,1,0,0,0,1,0,0,0
3246,43,"22to25",239,2,2,1,1,0,1,0,0,0
3247,35,"22to25",154,1,1,1,1,0,1,0,0,0
3248,35,"25to30",119,1,1,1,1,0,1,0,0,0
3249,27,"15to18",127,2,2,0,1,0,1,0,0,0
3250,47,"25to30",232,1,1,1,1,0,1,0,0,0
3251,35,"25to30",107,1,1,0,1,0,1,0,0,0
3252,39,"22to25",185,1,1,1,1,0,1,0,0,0
3253,22,"18to20",55,1,1,1,1,0,1,0,0,0
3254,27,"20to22",87,1,1,0,1,0,1,0,0,0
3255,22,"15to18",28,2,1,1,1,0,1,0,0,0
3256,41,"20to22",240,1,1,1,1,0,1,0,0,0
3257,41,"22to25",219,2,2,0,1,0,1,0,0,0
3258,32,"22to25",119,2,2,1,1,0,1,0,0,0
3259,49,"22to25",326,2,2,0,1,0,1,0,0,0
3260,24,"22to25",5,1,0,0,1,0,1,0,0,0
3261,22,"18to20",50,1,1,1,1,0,1,0,0,0
3262,32,"20to22",119,0,0,0,1,0,1,0,0,0
3263,28,"20to22",92,2,2,1,1,0,1,0,0,0
3264,36,"25to30",113,2,2,2,1,0,1,0,0,0
3265,30,"22to25",98,1,1,0,1,0,1,0,0,0
3266,34,"25to30",68,2,2,1,1,0,1,0,0,0
3267,34,"15to18",169,2,2,2,1,0,1,0,0,0
3268,48,"25to30",281,3,3,2,1,0,1,0,0,0
3269,46,"22to25",277,2,2,2,1,0,1,0,0,0
3270,40,"22to25",197,2,2,2,1,0,0,0,1,0
3271,37,"18to20",226,3,3,1,1,0,0,0,1,0
3272,42,"25to30",159,1,1,1,1,0,0,0,1,0
3273,30,"22to25",66,2,2,1,1,0,0,0,1,0
3274,49,"22to25",313,2,2,1,1,0,0,0,1,0
3275,44,"25to30",233,0,0,0,1,0,0,0,1,0
3276,38,"25to30",119,2,2,2,1,0,0,0,1,0
3277,23,"18to20",46,0,0,0,1,0,0,0,1,0
3278,27,"18to20",100,2,2,1,1,0,0,0,1,0
3279,34,"20to22",46,3,3,2,1,0,0,0,1,0
3280,40,"22to25",215,2,2,1,1,0,0,0,1,0
3281,38,"22to25",186,2,2,1,1,0,0,0,1,0
3282,47,"20to22",324,3,3,2,0,0,0,0,1,0
3283,46,"22to25",271,3,3,3,1,0,0,0,1,0
3284,46,"18to20",327,2,2,0,0,0,0,0,1,0
3285,47,"20to22",236,2,2,1,1,0,0,0,1,0
3286,45,"25to30",236,4,4,3,1,0,0,0,1,0
3287,28,"18to20",114,1,1,1,1,0,0,0,1,0
3288,32,"20to22",143,2,2,1,1,0,0,0,1,0
3289,39,"25to30",157,1,1,0,0,0,0,0,1,0
3290,43,"22to25",243,3,3,3,1,0,0,0,1,0
3291,23,"18to20",51,1,1,1,1,0,0,0,1,0
3292,35,"22to25",161,2,2,1,1,0,0,0,1,0
3293,48,"18to20",358,1,1,1,1,0,0,0,1,0
3294,49,"25to30",239,1,1,0,1,0,0,0,1,0
3295,26,"25to30",10,0,0,0,1,0,0,0,1,0
3296,22,"20to22",6,0,0,0,1,0,0,0,1,0
3297,24,"22to25",5,1,0,0,1,0,0,0,1,0
3298,43,"15to18",340,2,2,0,0,0,0,0,1,0
3299,42,"15to18",304,2,2,0,1,0,0,0,1,0
3300,41,"22to25",225,0,0,0,1,0,0,0,1,0
3301,25,"22to25",41,0,0,0,1,0,0,0,1,0
3302,28,"20to22",89,3,2,1,1,0,0,0,1,0
3303,42,"18to20",290,3,3,1,1,0,0,0,1,0
3304,29,"22to25",85,2,2,2,1,0,0,0,1,0
3305,48,"20to22",336,3,3,1,0,0,0,0,1,0
3306,28,"20to22",98,1,1,1,1,0,0,0,1,0
3307,30,"25to30",14,2,2,2,0,0,0,0,1,0
3308,37,"18to20",215,2,2,0,0,0,0,0,1,0
3309,26,"18to20",87,1,1,0,1,0,0,0,1,0
3310,31,"20to22",138,2,2,2,1,0,0,0,1,0
3311,20,"15to18",32,1,1,1,1,0,0,0,1,0
3312,20,"15to18",57,2,2,1,1,0,0,0,1,0
3313,36,"22to25",162,2,2,2,1,0,0,0,1,0
3314,43,"15to18",311,3,3,1,0,0,0,0,1,0
3315,32,"20to22",154,1,1,1,1,0,0,0,1,0
3316,29,"22to25",68,1,1,1,1,0,0,0,1,0
3317,28,"15to18",126,2,2,2,1,0,0,0,1,0
3318,32,"20to22",145,1,1,1,1,0,0,0,1,0
3319,19,"15to18",26,1,1,1,1,0,0,0,1,0
3320,23,"18to20",52,1,1,1,1,0,0,0,1,0
3321,24,"22to25",6,0,0,0,1,0,0,0,1,0
3322,34,"22to25",121,2,2,2,0,0,0,0,1,0
3323,25,"22to25",8,0,0,0,1,0,0,0,1,0
3324,32,"25to30",75,3,3,3,1,0,0,0,1,0
3325,21,"15to18",46,1,1,0,1,0,0,0,1,0
3326,34,"20to22",158,2,2,1,1,0,0,0,1,0
3327,26,"18to20",93,2,2,1,1,0,0,0,1,0
3328,31,"25to30",56,0,0,0,1,0,0,0,1,0
3329,46,"30toInf",150,0,0,0,1,0,0,0,1,0
3330,31,"22to25",107,2,2,1,1,0,0,0,1,0
3331,28,"22to25",44,2,2,2,1,0,0,0,1,0
3332,28,"15to18",127,1,1,0,1,0,0,0,1,0
3333,29,"22to25",62,1,1,1,1,0,0,0,1,0
3334,29,"20to22",97,1,1,1,1,0,0,0,1,0
3335,22,"20to22",13,1,1,1,1,0,0,0,1,0
3336,29,"20to22",98,2,2,1,1,0,0,0,1,0
3337,34,"22to25",138,2,2,0,1,0,0,0,1,0
3338,25,"20to22",54,2,2,1,1,0,0,0,1,0
3339,29,"20to22",105,0,0,0,1,0,0,0,1,0
3340,49,"22to25",306,2,2,1,1,0,0,0,1,0
3341,20,"18to20",9,1,0,0,1,0,0,0,1,0
3342,36,"15to18",223,2,2,1,1,0,0,0,1,0
3343,38,"25to30",109,2,2,0,0,0,0,0,1,0
3344,26,"25to30",14,1,1,0,1,0,0,0,1,0
3345,26,"20to22",55,1,1,0,1,0,0,0,1,0
3346,34,"22to25",131,1,1,0,1,0,0,0,1,0
3347,41,"20to22",242,2,2,0,1,0,0,0,1,0
3348,32,"25to30",67,2,2,2,1,0,0,0,1,0
3349,21,"20to22",19,1,1,0,1,0,0,0,1,0
3350,36,"18to20",214,2,2,2,1,0,0,0,1,0
3351,43,"25to30",206,1,1,1,1,0,0,0,1,0
3352,20,"18to20",12,1,1,1,1,0,0,0,1,0
3353,27,"20to22",80,1,1,0,1,0,0,0,1,0
3354,36,"25to30",120,1,1,0,1,1,0,0,0,0
3355,32,"22to25",114,2,2,1,1,1,0,0,0,0
3356,34,"25to30",115,2,2,1,1,1,0,0,0,0
3357,23,"15to18",91,2,2,0,1,1,0,0,0,0
3358,42,"22to25",245,1,1,0,0,1,0,0,0,0
3359,31,"22to25",110,1,1,1,1,1,0,0,0,0
3360,25,"15to18",98,2,2,0,1,1,0,0,0,0
3361,35,"25to30",96,1,1,0,1,1,0,0,0,0
3362,42,"25to30",207,2,2,2,1,1,0,0,0,0
3363,30,"20to22",113,2,2,1,1,1,0,0,0,0
3364,33,"22to25",106,1,1,1,1,1,0,0,0,0
3365,39,"25to30",129,2,2,2,1,1,0,0,0,0
3366,47,"20to22",305,2,2,2,1,1,0,0,0,0
3367,42,"20to22",258,3,3,2,1,1,0,0,0,0
3368,44,"22to25",252,1,1,1,1,1,0,0,0,0
3369,27,"22to25",31,1,1,0,1,1,0,0,0,0
3370,31,"20to22",120,1,1,1,1,1,0,0,0,0
3371,44,"22to25",238,2,2,1,1,1,0,0,0,0
3372,24,"18to20",54,2,2,2,1,1,0,0,0,0
3373,37,"25to30",114,2,2,0,1,1,0,0,0,0
3374,27,"25to30",24,1,1,0,1,0,0,0,1,0
3375,40,"22to25",187,1,1,1,1,0,0,0,1,0
3376,30,"25to30",6,0,0,0,1,0,0,0,1,0
3377,44,"15to18",337,2,2,2,1,0,0,0,1,0
3378,21,"18to20",24,1,1,1,1,0,0,0,1,0
3379,47,"22to25",301,7,7,5,1,0,0,0,1,0
3380,25,"20to22",58,2,2,1,1,0,0,0,1,0
3381,25,"18to20",71,1,1,1,1,0,0,0,1,0
3382,42,"18to20",269,2,2,0,0,0,0,0,1,0
3383,35,"18to20",98,2,2,0,1,0,0,0,1,0
3384,34,"18to20",193,3,3,2,1,0,0,0,1,0
3385,35,"18to20",89,2,2,2,1,0,0,0,1,0
3386,41,"18to20",270,8,8,5,0,0,0,0,1,0
3387,45,"22to25",250,3,3,2,1,0,0,0,1,0
3388,26,"22to25",47,2,2,1,1,0,0,0,1,0
3389,22,"22to25",7,1,1,1,1,0,0,0,1,0
3390,29,"25to30",48,1,1,1,1,0,0,0,1,0
3391,43,"25to30",211,6,6,5,0,0,0,0,1,0
3392,33,"20to22",145,2,2,2,1,0,0,0,1,0
3393,38,"18to20",235,2,2,1,0,0,0,0,1,0
3394,20,"18to20",12,1,1,0,1,0,0,0,1,0
3395,49,"25to30",264,6,6,3,0,0,0,0,1,0
3396,42,"20to22",268,2,2,2,1,0,0,0,1,0
3397,43,"22to25",252,4,4,3,0,0,0,0,1,0
3398,48,"18to20",354,3,3,0,1,0,0,0,1,0
3399,28,"18to20",118,1,1,1,1,0,0,0,1,0
3400,31,"18to20",162,3,3,2,1,0,0,0,1,0
3401,42,"22to25",213,4,4,1,1,0,0,0,1,0
3402,27,"18to20",97,2,2,1,1,0,0,0,1,0
3403,32,"25to30",80,2,1,1,1,0,0,0,1,0
3404,35,"25to30",118,2,2,0,1,0,0,0,1,0
3405,25,"18to20",84,3,3,2,1,0,0,0,1,0
3406,30,"20to22",104,2,1,1,1,0,0,0,1,0
3407,41,"22to25",223,3,3,2,1,0,0,0,1,0
3408,25,"18to20",81,2,2,2,1,0,0,0,1,0
3409,43,"18to20",306,7,7,2,0,0,0,0,1,0
3410,49,"30toInf",166,3,3,3,1,0,0,0,1,0
3411,39,"22to25",192,3,3,1,1,0,0,0,1,0
3412,37,"20to22",191,2,2,0,1,0,0,0,1,0
3413,37,"22to25",179,3,3,2,1,0,0,0,1,0
3414,28,"25to30",34,1,1,0,1,0,0,0,1,0
3415,21,"15to18",47,1,1,1,1,0,0,0,1,0
3416,21,"18to20",43,1,1,0,1,0,0,0,1,0
3417,34,"20to22",160,5,5,4,1,0,0,0,1,0
3418,42,"20to22",257,2,2,1,1,0,0,0,1,0
3419,25,"20to22",70,2,2,2,1,0,0,0,1,0
3420,43,"22to25",232,2,2,1,0,0,0,0,1,0
3421,44,"25to30",220,2,2,1,1,0,0,0,1,0
3422,34,"22to25",150,2,2,1,1,0,0,0,1,0
3423,44,"18to20",297,8,8,2,1,0,0,0,1,0
3424,30,"25to30",66,2,2,2,1,0,0,0,1,0
3425,41,"22to25",230,1,1,1,1,0,0,0,1,0
3426,33,"15to18",187,3,4,1,1,0,0,0,1,0
3427,32,"18to20",153,3,3,2,1,0,0,0,1,0
3428,27,"20to22",77,2,2,1,1,0,0,0,1,0
3429,26,"20to22",80,2,2,0,1,0,0,0,1,0
3430,38,"20to22",201,4,4,2,1,0,0,0,1,0
3431,22,"18to20",56,4,4,1,1,0,0,0,1,0
3432,32,"20to22",127,3,2,1,1,0,0,0,1,0
3433,23,"0to15",128,2,2,1,0,0,0,0,1,0
3434,30,"0to15",214,2,2,2,1,0,0,0,1,0
3435,45,"15to18",364,6,6,3,0,0,0,0,1,0
3436,28,"20to22",94,2,1,1,1,0,0,0,1,0
3437,21,"20to22",14,1,0,0,1,0,0,0,1,0
3438,37,"25to30",112,2,2,1,1,0,0,0,1,0
3439,47,"18to20",343,5,5,4,0,0,0,0,1,0
3440,22,"15to18",56,2,2,1,1,0,0,0,1,0
3441,40,"20to22",223,4,4,2,1,0,0,0,1,0
3442,26,"22to25",41,1,1,1,1,0,0,0,1,0
3443,34,"22to25",136,2,2,1,1,0,0,0,1,0
3444,35,"25to30",104,2,2,1,1,0,0,0,1,0
3445,33,"25to30",78,0,0,0,1,0,0,0,1,0
3446,37,"25to30",105,0,0,0,1,0,0,0,1,0
3447,29,"20to22",106,1,1,1,1,0,0,0,1,0
3448,28,"18to20",120,3,3,1,1,0,0,0,1,0
3449,36,"22to25",150,2,2,1,1,0,0,0,1,0
3450,36,"22to25",154,2,2,2,1,0,0,0,1,0
3451,47,"20to22",310,7,7,3,1,0,0,0,1,0
3452,47,"22to25",305,3,3,2,1,0,0,0,1,0
3453,26,"25to30",14,1,0,0,1,0,0,0,1,0
3454,33,"25to30",94,2,2,2,1,0,0,0,1,0
3455,38,"22to25",184,3,3,0,1,0,0,0,1,0
3456,30,"20to22",103,3,4,2,1,0,0,0,1,0
3457,32,"20to22",142,4,4,2,1,0,0,0,1,0
3458,40,"25to30",174,2,2,0,1,0,0,0,1,0
3459,35,"20to22",169,2,2,1,1,0,0,0,1,0
3460,47,"18to20",349,5,5,3,1,0,0,0,1,0
3461,36,"15to18",232,2,2,2,1,0,0,0,1,0
3462,44,"25to30",6,1,1,1,0,0,0,0,1,0
3463,30,"25to30",64,1,1,0,1,0,0,0,1,0
3464,26,"20to22",52,1,1,0,1,0,0,0,1,0
3465,27,"22to25",39,1,1,0,1,0,0,0,1,0
3466,41,"18to20",275,2,2,0,1,0,0,0,1,0
3467,45,"20to22",305,4,4,3,1,0,0,0,1,0
3468,32,"22to25",124,2,2,1,1,0,0,0,1,0
3469,46,"25to30",228,2,3,2,1,0,0,0,1,0
3470,32,"20to22",134,3,3,1,1,0,0,0,1,0
3471,20,"15to18",29,1,0,0,1,0,0,0,1,0
3472,41,"25to30",176,2,2,2,1,0,0,0,1,0
3473,32,"25to30",84,1,1,0,1,0,0,0,1,0
3474,25,"18to20",69,1,1,1,1,0,0,0,1,0
3475,38,"22to25",160,5,5,2,1,0,0,0,1,0
3476,38,"20to22",209,5,5,4,1,0,0,0,1,0
3477,45,"22to25",247,0,0,0,0,0,0,0,1,0
3478,24,"20to22",34,1,1,0,1,0,0,0,1,0
3479,44,"20to22",278,3,3,0,1,0,0,0,1,0
3480,22,"18to20",33,1,1,1,1,0,0,0,1,0
3481,40,"22to25",216,2,2,1,1,0,0,0,1,0
3482,36,"15to18",249,2,2,0,1,0,0,0,1,0
3483,28,"20to22",101,2,2,0,1,0,0,0,1,0
3484,30,"25to30",57,1,1,0,1,0,0,0,1,0
3485,28,"20to22",79,2,2,0,1,0,0,0,1,0
3486,43,"22to25",243,2,2,0,1,0,0,0,1,0
3487,32,"25to30",64,1,1,0,1,0,0,0,1,0
3488,33,"18to20",169,2,2,1,1,0,0,0,1,0
3489,37,"25to30",106,2,2,1,1,0,0,0,1,0
3490,34,"18to20",189,2,2,2,1,0,0,0,1,0
3491,35,"25to30",110,2,2,1,1,0,0,0,1,0
3492,46,"25to30",250,1,1,1,1,0,0,0,1,0
3493,30,"25to30",21,0,0,0,1,0,0,0,1,0
3494,34,"22to25",121,1,1,1,1,0,0,0,1,0
3495,29,"22to25",65,1,1,0,1,0,0,0,1,0
3496,39,"22to25",178,3,3,2,1,0,0,0,1,0
3497,32,"22to25",110,4,3,3,1,0,0,0,1,0
3498,44,"30toInf",90,2,2,1,1,0,0,0,1,0
3499,43,"25to30",219,4,4,1,1,0,0,0,1,0
3500,29,"18to20",131,1,2,2,1,0,0,0,1,0
3501,37,"22to25",174,3,3,3,0,0,0,0,1,0
3502,26,"20to22",74,2,1,1,1,0,0,0,1,0
3503,23,"18to20",54,1,1,1,1,0,0,0,1,0
3504,39,"25to30",153,4,4,2,1,0,0,0,1,0
3505,41,"25to30",173,2,2,0,1,0,0,0,1,0
3506,32,"25to30",74,3,3,2,1,0,0,0,1,0
3507,35,"20to22",165,5,5,5,1,0,0,0,1,0
3508,34,"22to25",120,3,3,1,1,0,0,0,1,0
3509,24,"15to18",82,2,2,2,1,0,0,0,1,0
3510,40,"30toInf",1,0,0,0,1,0,0,0,1,0
3511,23,"20to22",22,1,1,1,1,0,0,0,1,0
3512,38,"20to22",220,7,7,2,1,0,0,0,1,0
3513,41,"20to22",239,2,2,2,1,0,0,0,1,0
3514,33,"22to25",120,4,4,4,1,0,0,0,1,0
3515,32,"20to22",144,2,2,2,1,0,0,0,1,0
3516,37,"22to25",136,3,3,3,1,0,0,0,1,0
3517,35,"22to25",155,4,4,2,1,0,0,0,1,0
3518,28,"18to20",62,1,1,0,1,0,0,0,1,0
3519,31,"22to25",102,2,2,1,1,0,0,0,1,0
3520,23,"20to22",42,1,1,0,1,0,0,0,1,0
3521,40,"18to20",181,5,5,4,0,0,0,0,1,0
3522,25,"22to25",34,1,1,0,1,0,0,0,1,0
3523,42,"18to20",270,3,3,3,1,0,0,0,1,0
3524,35,"18to20",195,5,5,2,1,0,0,0,1,0
3525,43,"25to30",216,4,4,4,0,0,0,0,1,0
3526,21,"15to18",53,2,2,0,1,0,0,0,1,0
3527,33,"22to25",128,1,1,0,1,0,0,0,1,0
3528,44,"22to25",239,6,6,3,1,0,0,0,1,0
3529,25,"20to22",54,2,2,2,1,0,0,0,1,0
3530,26,"15to18",118,2,2,2,1,0,0,0,1,0
3531,38,"25to30",129,2,2,1,1,0,0,0,1,0
3532,46,"18to20",322,7,7,4,1,0,0,0,1,0
3533,25,"22to25",23,0,0,0,1,0,0,0,1,0
3534,24,"20to22",54,1,1,0,1,0,0,0,1,0
3535,41,"20to22",239,7,7,3,1,0,0,0,1,0
3536,34,"22to25",127,1,1,0,1,0,0,0,1,0
3537,23,"18to20",48,1,1,0,1,0,0,0,1,0
3538,40,"20to22",239,2,2,2,1,0,0,0,1,0
3539,32,"25to30",89,1,1,0,1,0,0,0,1,0
3540,23,"20to22",26,1,1,0,1,0,0,0,1,0
3541,49,"25to30",287,6,6,3,0,0,0,0,1,0
3542,18,"18to20",9,0,0,0,1,0,0,0,1,0
3543,42,"15to18",305,2,2,1,1,0,0,0,1,0
3544,47,"22to25",270,3,3,1,1,0,0,0,1,0
3545,32,"20to22",131,2,2,1,1,0,0,0,1,0
3546,21,"18to20",41,1,1,0,1,0,0,0,1,0
3547,45,"20to22",305,7,7,5,0,0,0,0,1,0
3548,34,"22to25",149,3,3,1,1,0,0,0,1,0
3549,46,"15to18",226,4,4,2,1,0,0,0,1,0
3550,27,"15to18",122,2,2,1,1,0,0,0,1,0
3551,24,"15to18",77,1,1,0,1,0,0,0,1,0
3552,45,"22to25",267,3,3,1,1,0,0,0,1,0
3553,47,"25to30",261,2,2,1,0,0,0,0,1,0
3554,19,"18to20",4,1,0,0,1,0,0,0,1,0
3555,26,"15to18",122,2,2,1,1,0,0,0,1,0
3556,44,"22to25",273,5,5,3,0,0,0,0,1,0
3557,46,"20to22",188,0,0,0,1,0,0,0,1,0
3558,42,"22to25",235,1,1,0,1,0,0,0,1,0
3559,37,"20to22",215,0,0,0,1,0,0,0,1,0
3560,48,"18to20",353,1,1,1,1,0,0,0,1,0
3561,47,"22to25",299,2,2,0,1,0,0,0,1,0
3562,24,"22to25",30,1,1,0,1,0,0,0,1,0
3563,35,"15to18",214,4,4,2,1,0,0,0,1,0
3564,43,"22to25",245,4,4,3,1,0,0,0,1,0
3565,23,"18to20",48,2,1,0,1,0,0,0,1,0
3566,24,"20to22",48,2,1,1,1,0,0,0,1,0
3567,40,"22to25",219,3,3,2,1,0,0,0,1,0
3568,30,"18to20",136,1,1,0,1,0,0,0,1,0
3569,28,"20to22",91,2,2,1,1,0,0,0,1,0
3570,31,"18to20",145,2,2,1,1,0,0,0,1,0
3571,27,"22to25",55,1,1,1,1,0,0,0,1,0
3572,39,"22to25",206,2,2,2,1,0,0,0,1,0
3573,31,"22to25",96,2,2,1,1,0,0,0,1,0
3574,18,"15to18",13,0,0,0,1,0,0,0,1,0
3575,45,"22to25",270,5,5,4,1,0,0,0,1,0
3576,30,"22to25",74,3,3,0,1,0,0,0,1,0
3577,47,"22to25",302,2,2,2,0,0,0,0,1,0
3578,26,"20to22",62,1,1,0,1,0,0,0,1,0
3579,39,"18to20",239,2,2,2,1,0,0,0,1,0
3580,42,"30toInf",85,2,2,0,1,0,0,0,1,0
3581,30,"20to22",120,3,3,0,1,0,0,0,1,0
3582,42,"18to20",289,2,2,0,1,0,0,0,1,0
3583,48,"20to22",321,4,4,2,0,0,0,0,1,0
3584,45,"22to25",266,5,5,4,1,0,0,0,1,0
3585,34,"22to25",124,2,2,1,1,0,0,0,1,0
3586,29,"20to22",109,3,3,0,1,0,0,0,1,0
3587,37,"20to22",197,2,2,1,0,0,0,0,1,0
3588,41,"30toInf",119,1,1,1,0,0,0,0,1,0
3589,27,"22to25",46,1,1,1,1,0,0,0,1,0
3590,35,"25to30",104,1,1,1,1,0,0,0,1,0
3591,41,"25to30",173,0,0,0,1,0,0,0,1,0
3592,32,"15to18",182,3,3,0,1,0,0,0,1,0
3593,36,"22to25",177,4,4,3,1,0,0,0,1,0
3594,21,"18to20",33,1,1,0,1,0,0,0,1,0
3595,44,"18to20",309,4,4,2,1,0,0,0,1,0
3596,20,"20to22",3,0,0,0,1,0,0,0,1,0
3597,31,"18to20",148,3,3,2,1,0,0,0,1,0
3598,43,"20to22",276,3,3,2,1,0,0,0,1,0
3599,37,"20to22",186,3,3,2,1,0,0,0,1,0
3600,28,"20to22",103,3,3,1,1,0,0,0,1,0
3601,29,"18to20",133,2,2,2,1,0,0,0,1,0
3602,30,"25to30",58,2,1,1,1,0,0,0,1,0
3603,47,"30toInf",205,0,0,0,1,0,0,0,1,0
3604,44,"22to25",239,3,3,2,1,0,0,0,1,0
3605,46,"18to20",328,3,3,3,0,0,0,0,1,0
3606,41,"25to30",167,2,2,1,1,0,0,0,1,0
3607,24,"18to20",62,1,1,1,1,0,0,0,1,0
3608,28,"18to20",105,2,3,0,1,0,0,0,1,0
3609,20,"18to20",7,1,1,1,1,0,0,0,1,0
3610,45,"18to20",324,8,8,5,1,0,0,0,1,0
3611,43,"18to20",287,1,1,0,1,0,0,0,1,0
3612,39,"20to22",211,6,6,3,1,0,0,0,1,0
3613,25,"22to25",33,1,1,1,1,0,0,0,1,0
3614,47,"18to20",357,7,7,4,1,0,0,0,1,0
3615,35,"25to30",117,2,2,1,1,0,0,0,1,0
3616,29,"18to20",118,3,3,3,1,0,0,0,1,0
3617,36,"20to22",194,5,5,2,1,0,0,0,1,0
3618,36,"25to30",121,3,3,1,1,0,0,0,1,0
3619,34,"20to22",161,1,2,1,1,0,0,0,1,0
3620,48,"30toInf",213,2,2,2,1,0,0,0,1,0
3621,32,"22to25",101,1,2,0,1,0,0,0,1,0
3622,33,"30toInf",11,1,1,1,1,0,0,0,1,0
3623,22,"18to20",34,1,1,1,1,0,0,0,1,0
3624,47,"25to30",227,3,3,1,0,0,0,0,1,0
3625,33,"22to25",121,0,0,0,1,0,0,0,1,0
3626,23,"18to20",46,2,2,1,1,0,0,0,1,0
3627,25,"22to25",36,1,1,1,1,0,0,0,1,0
3628,22,"20to22",12,1,1,1,1,0,0,0,1,0
3629,44,"30toInf",37,0,0,0,1,0,0,0,1,0
3630,40,"20to22",245,0,0,0,1,0,0,0,1,0
3631,38,"25to30",137,3,3,2,1,0,0,0,1,0
3632,34,"25to30",99,3,4,2,1,0,0,0,1,0
3633,46,"25to30",221,3,3,1,1,0,0,0,1,0
3634,35,"30toInf",6,1,0,0,1,0,0,0,1,0
3635,30,"22to25",88,2,2,2,1,0,0,0,1,0
3636,39,"25to30",173,3,3,2,1,0,0,0,1,0
3637,31,"22to25",112,3,3,1,1,0,0,0,1,0
3638,32,"22to25",112,3,3,1,1,0,0,0,1,0
3639,45,"20to22",302,12,12,7,0,0,0,0,1,0
3640,46,"25to30",235,4,4,2,1,0,0,0,1,0
3641,40,"25to30",183,8,8,7,1,0,0,0,1,0
3642,24,"20to22",53,2,2,0,1,0,0,0,1,0
3643,32,"15to18",185,7,7,4,1,0,0,0,1,0
3644,32,"22to25",114,0,0,0,1,0,0,0,1,0
3645,28,"22to25",56,0,0,0,1,0,0,0,1,0
3646,39,"25to30",173,3,3,3,1,0,0,0,1,0
3647,30,"22to25",65,1,1,1,1,0,0,0,1,0
3648,29,"18to20",109,2,2,1,1,0,0,0,1,0
3649,49,"22to25",305,0,0,0,1,0,0,0,1,0
3650,27,"15to18",144,5,5,1,1,0,0,0,1,0
3651,36,"25to30",107,2,2,1,1,0,0,0,1,0
3652,44,"25to30",220,3,3,2,1,0,0,0,1,0
3653,44,"25to30",233,4,4,1,1,0,0,0,1,0
3654,41,"20to22",245,5,5,3,1,0,0,0,1,0
3655,20,"15to18",42,1,1,1,1,0,0,0,1,0
3656,39,"20to22",221,6,6,2,1,0,0,0,1,0
3657,45,"18to20",312,4,4,3,1,0,0,0,1,0
3658,37,"22to25",152,3,3,1,1,0,0,0,1,0
3659,40,"18to20",247,4,4,2,0,0,0,0,1,0
3660,38,"25to30",109,2,2,2,1,0,0,0,1,0
3661,35,"22to25",140,3,3,2,1,0,0,0,1,0
3662,40,"20to22",245,1,2,1,1,0,0,0,1,0
3663,49,"30toInf",14,0,0,0,1,0,0,0,1,0
3664,49,"22to25",311,1,1,0,1,0,0,0,1,0
3665,31,"0to15",209,3,3,1,1,0,0,0,1,0
3666,29,"18to20",76,2,2,0,1,0,0,0,1,0
3667,28,"25to30",29,2,1,1,1,0,0,0,1,0
3668,29,"22to25",71,2,2,0,1,0,0,0,1,0
3669,16,"15to18",7,1,0,0,1,0,0,0,1,0
3670,48,"20to22",333,1,1,0,1,0,0,0,1,0
3671,43,"25to30",211,3,3,2,1,0,0,0,1,0
3672,43,"25to30",201,1,1,0,1,0,0,0,1,0
3673,34,"22to25",117,2,2,0,1,0,0,0,1,0
3674,47,"25to30",232,2,2,2,1,0,0,0,1,0
3675,46,"22to25",281,1,1,0,1,0,0,0,1,0
3676,33,"22to25",135,1,2,0,1,0,0,0,1,0
3677,43,"25to30",222,2,2,1,1,0,0,0,1,0
3678,26,"15to18",116,1,1,1,1,0,0,0,1,0
3679,27,"18to20",113,4,3,2,1,0,0,0,1,0
3680,25,"22to25",21,2,1,0,1,0,0,0,1,0
3681,34,"20to22",159,1,1,1,1,0,0,0,1,0
3682,32,"22to25",95,2,2,2,1,0,0,0,1,0
3683,30,"22to25",69,1,1,0,1,0,0,0,1,0
3684,29,"20to22",106,2,2,2,1,0,0,0,1,0
3685,29,"18to20",125,2,2,1,1,0,0,0,1,0
3686,40,"18to20",267,1,1,0,1,0,0,0,1,0
3687,25,"22to25",18,0,0,0,1,0,0,0,1,0
3688,27,"22to25",30,2,1,1,1,0,0,0,1,0
3689,40,"25to30",163,2,2,1,0,0,0,0,1,0
3690,28,"25to30",2,0,0,0,1,0,0,0,1,0
3691,28,"22to25",80,1,1,1,1,0,0,0,1,0
3692,20,"15to18",44,1,1,1,1,0,0,0,1,0
3693,34,"15to18",209,2,2,1,1,0,0,0,1,0
3694,23,"18to20",56,2,2,1,1,0,0,0,1,0
3695,40,"22to25",200,3,3,1,1,0,0,0,1,0
3696,34,"15to18",209,2,2,1,1,0,0,0,1,0
3697,37,"18to20",211,0,0,0,1,0,0,0,1,0
3698,28,"18to20",121,1,1,1,1,0,0,0,1,0
3699,25,"18to20",63,1,1,1,1,0,0,0,1,0
3700,37,"18to20",217,2,2,1,1,0,0,0,1,0
3701,30,"15to18",171,3,3,3,1,0,0,0,1,0
3702,40,"30toInf",58,0,0,0,1,0,0,0,1,0
3703,43,"18to20",281,2,2,2,1,0,0,0,1,0
3704,39,"30toInf",94,2,2,2,1,0,0,0,1,0
3705,41,"30toInf",66,1,1,0,1,0,0,0,1,0
3706,22,"15to18",61,1,1,1,1,0,0,0,1,0
3707,44,"20to22",281,5,5,4,1,0,0,0,1,0
3708,31,"18to20",117,1,1,1,1,0,0,0,1,0
3709,43,"25to30",217,3,3,1,1,0,0,0,1,0
3710,36,"18to20",197,1,1,0,1,0,0,0,1,0
3711,48,"18to20",363,4,4,1,0,0,0,0,1,0
3712,23,"20to22",27,1,1,0,1,0,0,0,1,0
3713,29,"15to18",126,1,1,1,1,0,0,0,1,0
3714,23,"18to20",59,2,1,0,1,0,0,0,1,0
3715,36,"18to20",197,2,2,2,1,0,0,0,1,0
3716,36,"22to25",158,3,3,0,1,0,0,0,1,0
3717,36,"30toInf",55,2,2,1,1,0,0,0,1,0
3718,33,"22to25",121,2,2,0,0,0,0,0,1,0
3719,34,"20to22",163,3,3,0,1,0,0,0,1,0
3720,44,"22to25",242,2,2,0,1,0,0,0,1,0
3721,37,"22to25",161,2,2,0,1,0,0,0,1,0
3722,39,"22to25",173,3,3,3,1,0,0,0,1,0
3723,42,"25to30",185,2,2,1,1,0,0,0,1,0
3724,42,"18to20",284,2,2,1,1,0,0,0,1,0
3725,40,"20to22",232,7,7,6,1,0,0,0,1,0
3726,47,"25to30",230,2,2,0,1,0,0,0,1,0
3727,30,"20to22",115,2,2,0,1,0,0,0,1,0
3728,46,"20to22",305,1,1,0,1,0,0,0,1,0
3729,39,"18to20",245,2,2,1,1,0,0,0,1,0
3730,47,"22to25",278,2,2,1,1,0,0,0,1,0
3731,46,"25to30",252,3,3,2,1,0,0,0,1,0
3732,34,"22to25",133,3,3,2,1,0,0,0,1,0
3733,33,"25to30",89,2,2,0,1,0,0,0,1,0
3734,31,"25to30",60,2,2,0,1,0,0,0,1,0
3735,49,"20to22",298,3,3,1,1,0,0,0,1,0
3736,48,"25to30",283,3,3,1,1,0,0,0,1,0
3737,35,"22to25",139,2,2,2,1,0,0,0,1,0
3738,41,"25to30",175,2,2,1,1,0,0,0,1,0
3739,37,"22to25",168,2,2,1,1,0,0,0,1,0
3740,47,"22to25",295,1,1,1,1,0,0,0,1,0
3741,45,"22to25",272,2,2,1,1,0,0,0,1,0
3742,27,"25to30",9,1,1,1,1,0,0,0,1,0
3743,48,"25to30",235,6,6,3,1,0,0,0,1,0
3744,45,"20to22",298,4,4,3,1,0,0,0,1,0
3745,32,"18to20",152,4,4,3,1,0,0,0,1,0
3746,49,"25to30",260,2,2,2,1,0,0,0,1,0
3747,47,"25to30",221,2,2,1,1,0,0,0,1,0
3748,32,"20to22",151,3,4,2,1,0,0,0,1,0
3749,37,"25to30",96,2,1,1,1,0,0,0,1,0
3750,34,"18to20",180,2,2,0,1,0,0,0,1,0
3751,40,"25to30",176,2,2,1,1,0,0,0,1,0
3752,39,"20to22",213,3,3,2,1,0,0,0,1,0
3753,47,"25to30",254,0,0,0,0,0,0,0,1,0
3754,30,"25to30",57,1,1,1,1,0,0,0,1,0
3755,23,"18to20",44,1,1,1,1,0,0,0,1,0
3756,25,"22to25",34,1,1,1,1,0,0,0,1,0
3757,35,"20to22",174,3,3,1,1,0,0,0,1,0
3758,26,"22to25",24,1,1,0,1,0,0,0,1,0
3759,23,"18to20",53,1,1,1,1,0,0,0,1,0
3760,41,"22to25",206,2,2,1,1,0,0,0,1,0
3761,31,"22to25",98,2,2,2,1,0,0,0,1,0
3762,23,"18to20",54,2,2,1,1,0,1,0,0,0
3763,38,"25to30",162,4,4,2,1,0,1,0,0,0
3764,44,"22to25",226,1,1,1,1,0,1,0,0,0
3765,38,"20to22",203,2,2,1,1,0,1,0,0,0
3766,47,"30toInf",157,1,1,0,1,0,1,0,0,0
3767,45,"25to30",236,3,3,1,1,0,1,0,0,0
3768,25,"20to22",34,1,1,1,1,0,1,0,0,0
3769,33,"22to25",133,2,2,1,1,0,1,0,0,0
3770,37,"22to25",184,1,1,0,1,0,1,0,0,0
3771,49,"25to30",272,4,4,2,1,0,1,0,0,0
3772,36,"20to22",187,3,3,3,1,0,1,0,0,0
3773,38,"20to22",206,2,2,1,1,0,1,0,0,0
3774,47,"22to25",282,3,3,0,1,0,1,0,0,0
3775,37,"25to30",152,2,2,2,1,0,1,0,0,0
3776,46,"22to25",285,1,1,1,1,0,1,0,0,0
3777,36,"22to25",164,2,2,1,1,0,1,0,0,0
3778,38,"25to30",116,3,3,2,1,0,1,0,0,0
3779,31,"25to30",73,0,0,0,1,0,1,0,0,0
3780,48,"25to30",241,2,2,1,0,0,1,0,0,0
3781,29,"25to30",57,2,2,1,1,0,1,0,0,0
3782,45,"30toInf",7,1,1,0,1,0,1,0,0,0
3783,28,"20to22",84,2,2,1,1,0,1,0,0,0
3784,45,"25to30",248,1,1,1,1,0,1,0,0,0
3785,30,"20to22",131,2,2,2,1,0,1,0,0,0
3786,39,"22to25",19,1,1,0,1,0,1,0,0,0
3787,36,"30toInf",33,0,0,0,1,0,1,0,0,0
3788,31,"30toInf",6,1,0,0,1,0,1,0,0,0
3789,30,"20to22",103,1,1,1,1,0,1,0,0,0
3790,26,"20to22",77,3,3,2,1,0,1,0,0,0
3791,46,"20to22",295,1,1,1,1,0,1,0,0,0
3792,46,"18to20",320,1,1,1,1,0,1,0,0,0
3793,32,"18to20",153,2,2,2,1,0,0,0,1,0
3794,34,"18to20",189,3,3,0,1,0,0,0,1,0
3795,34,"18to20",197,3,3,2,1,0,0,0,1,0
3796,47,"22to25",302,2,2,1,1,0,0,0,1,0
3797,28,"22to25",45,1,1,1,1,0,0,0,1,0
3798,39,"20to22",220,2,2,1,1,0,0,0,1,0
3799,38,"25to30",156,2,2,1,1,0,0,0,1,0
3800,47,"22to25",290,3,3,2,1,0,0,0,1,0
3801,38,"15to18",248,2,2,2,1,0,0,0,1,0
3802,22,"22to25",2,1,0,0,1,0,0,0,1,0
3803,31,"20to22",126,2,2,1,1,0,0,0,1,0
3804,38,"20to22",201,2,2,1,1,0,0,0,1,0
3805,26,"18to20",74,2,2,1,1,0,0,0,1,0
3806,35,"22to25",137,2,2,1,1,0,0,0,1,0
3807,25,"18to20",90,1,1,1,1,0,0,0,1,0
3808,45,"20to22",287,2,2,2,1,0,0,0,1,0
3809,32,"22to25",110,2,2,0,1,0,0,0,1,0
3810,42,"15to18",305,4,4,1,1,0,0,0,1,0
3811,28,"20to22",92,2,2,1,1,0,0,0,1,0
3812,47,"20to22",305,6,6,3,1,0,0,0,1,0
3813,23,"20to22",33,1,1,1,1,0,0,0,1,0
3814,28,"20to22",8,1,1,0,1,0,0,0,1,0
3815,23,"18to20",48,2,2,1,1,0,0,0,1,0
3816,32,"22to25",127,2,2,1,1,0,0,0,1,0
3817,49,"25to30",240,1,1,1,1,0,0,0,1,0
3818,20,"15to18",27,1,1,1,1,0,0,0,1,0
3819,47,"25to30",268,2,2,1,0,0,0,0,1,0
3820,21,"18to20",24,1,1,0,1,0,0,0,1,0
3821,39,"20to22",232,4,5,3,0,0,0,0,1,0
3822,21,"18to20",38,2,1,0,1,0,0,0,1,0
3823,23,"20to22",47,1,1,0,1,0,0,0,1,0
3824,37,"18to20",209,2,2,1,1,0,0,0,1,0
3825,45,"20to22",50,1,1,0,0,0,0,0,1,0
3826,32,"18to20",162,2,2,1,1,0,0,0,1,0
3827,45,"22to25",261,2,2,2,1,0,0,0,1,0
3828,23,"18to20",49,1,1,0,1,0,0,0,1,0
3829,20,"18to20",24,1,1,1,1,0,0,0,1,0
3830,32,"20to22",28,2,2,0,1,0,0,0,1,0
3831,35,"18to20",194,2,2,2,1,0,0,0,1,0
3832,43,"22to25",235,2,2,1,1,0,0,0,1,0
3833,40,"22to25",190,2,2,2,1,0,0,0,1,0
3834,45,"22to25",246,2,2,1,1,0,0,0,1,0
3835,49,"22to25",295,4,4,3,1,0,0,0,1,0
3836,30,"22to25",102,1,2,2,1,0,0,0,1,0
3837,41,"22to25",220,3,3,2,1,0,0,0,1,0
3838,42,"30toInf",138,2,2,1,1,0,0,0,1,0
3839,45,"20to22",303,2,2,1,1,0,0,0,1,0
3840,23,"20to22",30,0,0,0,1,0,0,0,1,0
3841,37,"18to20",215,2,2,0,1,0,0,0,1,0
3842,23,"18to20",54,2,2,2,1,0,0,0,1,0
3843,48,"22to25",282,3,3,1,1,0,0,0,1,0
3844,31,"20to22",112,3,3,2,1,0,0,0,1,0
3845,29,"22to25",73,0,0,0,1,0,0,0,1,0
3846,33,"25to30",86,0,0,0,1,0,0,0,1,0
3847,46,"15to18",357,4,4,2,0,0,0,0,1,0
3848,43,"15to18",345,2,2,0,1,0,0,0,1,0
3849,44,"20to22",293,1,1,0,1,0,0,0,1,0
3850,24,"18to20",58,2,2,0,1,0,0,0,1,0
3851,47,"25to30",234,1,1,1,1,0,0,0,1,0
3852,41,"22to25",226,2,2,1,1,0,0,0,1,0
3853,39,"20to22",228,2,2,1,0,0,0,0,1,0
3854,37,"15to18",233,2,2,1,1,0,0,0,1,0
3855,43,"15to18",317,1,1,1,0,0,0,0,1,0
3856,30,"18to20",147,2,2,0,1,0,0,0,1,0
3857,35,"20to22",177,3,3,1,1,0,0,0,1,0
3858,34,"22to25",137,3,3,1,1,0,0,0,1,0
3859,25,"22to25",34,0,0,0,1,0,0,0,1,0
3860,42,"22to25",223,3,3,3,1,0,0,0,1,0
3861,47,"15to18",358,3,3,2,1,0,0,0,1,0
3862,38,"0to15",292,2,2,0,1,0,0,0,1,0
3863,42,"25to30",196,3,3,1,1,0,0,0,1,0
3864,44,"22to25",266,2,2,2,0,0,0,0,1,0
3865,42,"22to25",144,3,3,2,1,0,0,0,1,0
3866,36,"15to18",233,3,3,0,1,0,0,0,1,0
3867,31,"20to22",124,2,2,2,1,0,0,0,1,0
3868,36,"18to20",220,2,2,0,1,0,0,0,1,0
3869,31,"25to30",21,1,1,0,1,0,0,0,1,0
3870,36,"25to30",129,2,2,2,1,0,0,0,1,0
3871,42,"15to18",305,3,3,2,0,0,0,0,1,0
3872,35,"30toInf",49,0,0,0,1,0,0,0,1,0
3873,42,"22to25",234,2,2,1,1,0,0,0,1,0
3874,36,"20to22",187,2,2,0,1,0,0,0,1,0
3875,39,"20to22",222,3,3,2,0,0,0,0,1,0
3876,32,"22to25",96,2,2,1,1,0,0,0,1,0
3877,37,"20to22",192,2,2,1,1,0,0,0,1,0
3878,29,"22to25",62,2,2,2,1,0,0,0,1,0
3879,42,"22to25",242,2,2,0,0,0,0,0,1,0
3880,45,"22to25",278,4,4,4,1,0,0,0,1,0
3881,43,"18to20",281,2,2,1,1,0,0,0,1,0
3882,36,"20to22",185,3,3,2,1,0,0,0,1,0
3883,27,"20to22",86,1,1,1,1,0,0,0,1,0
3884,23,"18to20",55,1,1,1,1,0,0,0,1,0
3885,42,"25to30",206,1,1,1,0,0,0,0,1,0
3886,38,"15to18",257,1,1,1,1,0,0,0,1,0
3887,17,"15to18",9,2,1,0,1,0,0,0,1,0
3888,39,"20to22",226,2,2,0,1,0,0,0,1,0
3889,44,"18to20",300,2,2,1,0,0,0,0,1,0
3890,25,"20to22",53,1,1,1,1,0,0,0,1,0
3891,47,"18to20",299,1,1,0,0,0,0,0,1,0
3892,47,"25to30",221,2,2,1,1,0,0,0,1,0
3893,48,"25to30",267,3,3,2,1,0,0,0,1,0
3894,35,"18to20",202,2,2,1,1,0,0,0,1,0
3895,42,"20to22",259,2,2,1,1,0,0,0,1,0
3896,24,"20to22",39,1,1,0,1,0,0,0,1,0
3897,40,"22to25",194,1,1,1,0,0,0,0,1,0
3898,28,"20to22",106,0,0,0,1,0,0,0,1,0
3899,21,"18to20",25,1,1,1,1,0,0,0,1,0
3900,27,"15to18",93,3,3,2,1,0,0,0,1,0
3901,30,"15to18",160,4,4,2,0,0,0,0,1,0
3902,46,"20to22",323,7,7,4,0,0,0,0,1,0
3903,48,"25to30",221,2,2,2,0,0,0,0,1,0
3904,27,"18to20",95,2,1,1,1,0,0,0,1,0
3905,49,"22to25",327,6,6,4,1,0,0,0,1,0
3906,34,"25to30",93,1,1,0,1,0,0,0,1,0
3907,32,"22to25",121,2,2,2,1,0,0,0,1,0
3908,40,"20to22",224,2,2,1,1,0,0,0,1,0
3909,31,"22to25",113,1,1,1,1,0,0,0,1,0
3910,33,"18to20",167,3,3,2,1,0,0,0,1,0
3911,34,"18to20",188,4,4,2,1,0,0,0,1,0
3912,17,"15to18",7,0,0,0,1,0,0,0,1,0
3913,36,"22to25",153,1,1,0,1,0,0,0,1,0
3914,34,"20to22",158,3,3,1,1,0,0,0,1,0
3915,30,"20to22",98,2,2,2,1,0,0,0,1,0
3916,30,"20to22",112,2,2,2,1,0,0,0,1,0
3917,37,"22to25",152,2,2,2,1,0,0,0,1,0
3918,36,"15to18",233,4,4,2,1,0,0,0,1,0
3919,40,"25to30",166,3,3,1,0,0,0,0,1,0
3920,27,"20to22",84,3,2,2,0,0,0,0,1,0
3921,46,"18to20",334,4,4,0,1,0,0,0,1,0
3922,34,"22to25",134,3,3,2,1,0,0,0,1,0
3923,32,"18to20",154,5,5,1,1,0,0,0,1,0
3924,30,"20to22",110,4,4,1,1,0,0,0,1,0
3925,35,"25to30",125,3,3,2,1,0,0,0,1,0
3926,31,"22to25",94,2,2,1,1,0,0,0,1,0
3927,42,"22to25",227,5,5,3,0,0,0,0,1,0
3928,27,"20to22",77,2,2,0,1,0,0,0,1,0
3929,38,"20to22",214,1,1,1,1,0,0,0,1,0
3930,43,"18to20",287,3,3,2,1,0,0,0,1,0
3931,25,"18to20",65,1,1,1,1,0,0,0,1,0
3932,30,"20to22",108,2,2,1,1,0,0,0,1,0
3933,41,"25to30",172,1,1,1,1,0,0,0,1,0
3934,48,"25to30",238,1,1,1,1,0,0,0,1,0
3935,27,"22to25",41,1,1,1,1,0,0,0,1,0
3936,43,"25to30",191,3,3,2,0,0,0,0,1,0
3937,42,"25to30",169,1,1,0,1,0,0,0,1,0
3938,38,"22to25",184,2,2,1,1,0,0,0,1,0
3939,43,"18to20",303,1,1,0,1,0,0,0,1,0
3940,24,"18to20",57,2,2,1,1,0,0,0,1,0
3941,38,"20to22",217,3,3,2,1,0,0,0,1,0
3942,34,"18to20",187,0,0,0,1,0,0,0,1,0
3943,48,"20to22",339,1,1,0,1,0,0,0,1,0
3944,48,"25to30",273,3,3,3,1,0,0,0,1,0
3945,36,"20to22",190,0,0,0,1,0,0,0,1,0
3946,35,"25to30",115,2,2,2,1,0,0,0,1,0
3947,35,"20to22",171,2,2,2,1,0,0,0,1,0
3948,23,"15to18",80,2,2,0,1,0,0,0,1,0
3949,41,"25to30",62,1,1,0,1,0,0,0,1,0
3950,42,"25to30",197,2,2,1,1,0,0,0,1,0
3951,24,"20to22",31,1,1,1,1,0,0,0,1,0
3952,24,"18to20",54,1,1,1,1,0,0,0,1,0
3953,39,"20to22",214,2,2,1,1,0,0,0,1,0
3954,39,"20to22",229,7,7,4,1,0,0,0,1,0
3955,47,"22to25",293,7,7,2,1,0,0,0,1,0
3956,24,"22to25",27,1,1,0,1,0,0,0,1,0
3957,38,"20to22",223,4,4,2,1,0,0,0,1,0
3958,22,"22to25",1,1,0,0,1,0,0,0,1,0
3959,28,"22to25",64,1,1,0,1,0,0,0,1,0
3960,46,"20to22",292,9,9,3,0,0,0,0,1,0
3961,47,"22to25",308,4,4,2,0,0,0,0,1,0
3962,35,"18to20",187,2,2,2,0,0,0,0,1,0
3963,27,"22to25",60,2,2,1,1,0,0,0,1,0
3964,27,"20to22",88,1,1,0,1,0,0,0,1,0
3965,36,"20to22",178,3,3,2,0,0,0,0,1,0
3966,38,"18to20",242,4,4,3,1,0,0,0,1,0
3967,46,"25to30",230,6,7,4,1,0,0,0,1,0
3968,36,"30toInf",77,2,2,1,1,1,0,0,0,0
3969,36,"30toInf",41,2,2,1,1,1,0,0,0,0
3970,32,"30toInf",18,1,1,1,1,1,0,0,0,0
3971,28,"22to25",49,1,1,0,1,1,0,0,0,0
3972,44,"25to30",170,1,1,0,1,1,0,0,0,0
3973,34,"18to20",191,3,3,0,1,1,0,0,0,0
3974,20,"15to18",50,2,2,0,1,1,0,0,0,0
3975,29,"25to30",49,1,1,1,1,1,0,0,0,0
3976,23,"22to25",11,1,1,1,1,1,0,0,0,0
3977,29,"22to25",69,1,1,0,1,1,0,0,0,0
3978,35,"30toInf",40,1,1,1,1,1,0,0,0,0
3979,42,"18to20",48,2,2,0,1,1,0,0,0,0
3980,37,"20to22",120,2,3,2,1,1,0,0,0,0
3981,32,"15to18",187,2,2,1,1,1,0,0,0,0
3982,22,"20to22",26,1,1,1,1,1,0,0,0,0
3983,46,"22to25",279,2,2,1,1,1,0,0,0,0
3984,30,"20to22",128,2,2,1,1,1,0,0,0,0
3985,40,"22to25",208,2,2,1,1,1,0,0,0,0
3986,41,"20to22",233,1,1,0,1,1,0,0,0,0
3987,39,"25to30",164,1,1,1,1,1,0,0,0,0
3988,31,"15to18",98,2,2,2,1,1,0,0,0,0
3989,24,"20to22",58,2,2,2,1,0,0,0,1,0
3990,46,"22to25",241,5,5,2,1,0,0,0,1,0
3991,24,"20to22",46,1,1,0,1,0,0,0,1,0
3992,33,"25to30",76,2,2,2,1,0,0,0,1,0
3993,36,"22to25",149,2,2,0,0,0,0,0,1,0
3994,29,"22to25",61,2,2,2,1,0,0,0,1,0
3995,39,"25to30",139,3,3,0,1,0,0,0,1,0
3996,22,"22to25",4,1,0,0,1,0,0,0,1,0
3997,28,"18to20",106,2,2,1,1,0,0,0,1,0
3998,27,"22to25",46,1,1,1,1,0,0,0,1,0
3999,33,"22to25",132,2,2,1,1,0,0,0,1,0
4000,46,"25to30",246,5,5,5,1,0,0,0,1,0
4001,37,"18to20",209,5,5,3,1,0,0,0,1,0
4002,37,"25to30",139,1,1,0,1,0,0,0,1,0
4003,38,"20to22",201,2,2,1,1,0,0,0,1,0
4004,34,"22to25",130,2,2,1,1,0,0,0,1,0
4005,33,"15to18",190,2,2,2,1,0,0,0,1,0
4006,47,"18to20",349,3,3,3,1,0,0,0,1,0
4007,35,"15to18",212,2,2,1,1,0,0,0,1,0
4008,20,"18to20",10,1,1,0,1,0,0,0,1,0
4009,40,"20to22",191,3,3,0,0,0,0,0,1,0
4010,17,"15to18",22,0,0,0,1,0,0,0,1,0
4011,29,"22to25",65,2,1,1,1,0,0,0,1,0
4012,33,"20to22",167,2,2,0,0,0,0,0,1,0
4013,34,"22to25",142,2,2,1,1,0,0,0,1,0
4014,27,"18to20",113,2,2,0,1,0,0,0,1,0
4015,34,"20to22",151,3,3,1,1,0,0,0,1,0
4016,28,"22to25",71,1,1,1,1,0,0,0,1,0
4017,25,"18to20",88,1,1,0,1,0,0,0,1,0
4018,35,"15to18",210,2,2,2,1,0,0,0,1,0
4019,36,"25to30",135,2,2,2,1,0,0,0,1,0
4020,49,"20to22",336,3,3,3,0,0,0,0,1,0
4021,37,"22to25",177,2,2,1,1,0,0,0,1,0
4022,32,"22to25",109,2,3,3,1,0,0,0,1,0
4023,32,"22to25",89,1,1,1,1,0,0,0,1,0
4024,37,"18to20",233,4,4,3,1,0,0,0,1,0
4025,30,"20to22",121,3,2,0,1,0,0,0,1,0
4026,36,"22to25",165,2,2,1,1,0,0,0,1,0
4027,35,"25to30",120,2,2,1,1,0,0,0,1,0
4028,29,"22to25",68,2,2,2,1,0,0,0,1,0
4029,27,"20to22",93,2,1,0,1,0,0,0,1,0
4030,36,"15to18",225,2,2,0,1,0,0,0,1,0
4031,37,"20to22",187,1,1,0,1,0,0,0,1,0
4032,34,"25to30",95,2,2,2,1,0,0,0,1,0
4033,30,"18to20",144,2,2,0,1,0,0,0,1,0
4034,46,"20to22",317,4,4,2,0,0,0,0,1,0
4035,43,"20to22",260,4,4,0,1,0,0,0,1,0
4036,18,"15to18",15,0,0,0,1,0,0,0,1,0
4037,21,"15to18",42,1,1,1,1,0,0,0,1,0
4038,36,"22to25",165,2,2,1,1,0,0,0,1,0
4039,34,"18to20",175,5,5,1,1,0,0,0,1,0
4040,25,"20to22",64,1,1,0,1,0,0,0,1,0
4041,36,"25to30",120,2,2,1,1,0,0,0,1,0
4042,36,"20to22",181,2,2,0,1,0,0,0,1,0
4043,45,"25to30",210,2,2,2,1,0,0,0,1,0
4044,48,"22to25",304,2,2,0,1,0,0,0,1,0
4045,49,"30toInf",206,0,0,0,1,0,0,0,1,0
4046,48,"22to25",294,3,3,1,1,0,0,0,1,0
4047,17,"15to18",3,1,0,0,1,0,0,0,1,0
4048,26,"22to25",46,1,1,1,1,0,0,0,1,0
4049,46,"15to18",348,1,1,1,1,0,0,0,1,0
4050,26,"18to20",94,2,2,1,1,0,0,0,1,0
4051,46,"22to25",251,1,1,1,1,0,0,0,1,0
4052,39,"20to22",229,2,2,1,1,0,0,0,1,0
4053,34,"20to22",167,2,2,1,1,0,0,0,1,0
4054,48,"25to30",281,1,1,1,1,0,0,0,1,0
4055,40,"18to20",244,3,3,2,1,0,0,0,1,0
4056,43,"22to25",96,2,2,1,0,0,0,0,1,0
4057,19,"18to20",19,1,1,0,1,0,0,0,1,0
4058,36,"25to30",137,2,2,2,1,0,0,0,1,0
4059,27,"20to22",66,1,1,0,1,0,0,0,1,0
4060,24,"20to22",45,2,1,0,1,0,0,0,1,0
4061,30,"20to22",129,3,3,2,1,0,0,0,1,0
4062,27,"22to25",52,2,2,0,1,0,0,0,1,0
4063,25,"20to22",44,1,1,0,1,0,0,0,1,0
4064,24,"18to20",73,1,1,1,1,0,0,0,1,0
4065,47,"25to30",20,1,1,0,1,0,0,0,1,0
4066,44,"30toInf",172,2,2,0,1,0,0,0,1,0
4067,27,"20to22",76,2,2,2,1,0,0,0,1,0
4068,26,"15to18",120,3,3,1,1,0,0,0,1,0
4069,27,"20to22",69,2,2,1,1,0,0,0,1,0
4070,30,"20to22",106,1,1,1,1,0,0,0,1,0
4071,49,"22to25",292,1,1,0,1,0,0,0,1,0
4072,44,"22to25",267,2,2,1,1,0,0,0,1,0
4073,22,"18to20",35,1,1,0,1,0,0,0,1,0
4074,49,"22to25",331,2,2,1,1,0,0,0,1,0
4075,26,"22to25",53,1,1,0,1,0,0,0,1,0
4076,32,"18to20",164,2,2,2,1,0,0,0,1,0
4077,34,"20to22",169,2,2,0,1,0,0,0,1,0
4078,41,"20to22",252,2,2,2,1,0,0,0,1,0
4079,24,"20to22",40,2,1,1,1,0,0,0,1,0
4080,34,"20to22",158,2,2,1,1,0,0,0,1,0
4081,39,"22to25",205,4,5,3,0,0,0,0,1,0
4082,31,"25to30",47,1,1,0,1,0,0,0,1,0
4083,46,"22to25",293,2,2,1,1,0,0,0,1,0
4084,32,"22to25",114,3,3,2,1,0,0,0,1,0
4085,30,"25to30",41,1,1,0,1,0,0,0,1,0
4086,45,"30toInf",121,0,0,0,1,0,0,0,1,0
4087,24,"20to22",36,0,0,0,1,0,0,0,1,0
4088,34,"15to18",210,2,2,1,1,0,0,0,1,0
4089,40,"18to20",257,2,2,1,1,0,0,0,1,0
4090,40,"22to25",208,4,4,2,1,0,0,0,1,0
4091,32,"20to22",141,3,3,2,1,0,0,0,1,0
4092,39,"22to25",189,1,0,0,1,0,0,0,1,0
4093,45,"18to20",307,2,2,1,1,0,0,0,1,0
4094,49,"25to30",273,3,3,1,1,0,0,0,1,0
4095,43,"22to25",235,3,3,1,1,0,0,0,1,0
4096,30,"22to25",74,2,3,1,1,0,0,0,1,0
4097,29,"20to22",93,2,2,2,1,0,0,0,1,0
4098,38,"25to30",128,2,2,2,1,0,0,0,1,0
4099,43,"25to30",165,2,2,2,1,0,0,0,1,0
4100,45,"22to25",246,2,2,2,1,0,0,0,1,0
4101,36,"22to25",163,2,2,1,1,0,0,0,1,0
4102,43,"20to22",284,1,1,1,1,0,0,0,1,0
4103,29,"20to22",91,2,2,1,1,0,0,0,1,0
4104,27,"25to30",15,1,1,0,1,0,0,0,1,0
4105,28,"18to20",114,2,2,1,1,0,0,0,1,0
4106,34,"22to25",143,2,2,2,1,0,0,0,1,0
4107,28,"18to20",119,2,2,2,1,0,0,0,1,0
4108,29,"22to25",23,0,0,0,1,0,0,0,1,0
4109,36,"18to20",222,4,4,2,1,0,0,0,1,0
4110,30,"15to18",95,2,2,2,1,0,0,0,1,0
4111,28,"18to20",110,3,3,0,1,0,0,0,1,0
4112,48,"18to20",364,2,2,1,1,0,0,0,1,0
4113,30,"20to22",121,2,2,1,1,0,0,0,1,0
4114,27,"20to22",82,1,1,1,1,0,0,0,1,0
4115,23,"20to22",38,1,1,1,1,0,0,0,1,0
4116,29,"15to18",171,3,4,3,1,0,0,0,1,0
4117,24,"20to22",45,1,1,0,1,0,0,0,1,0
4118,48,"15to18",372,2,2,1,1,0,0,0,1,0
4119,22,"20to22",11,1,0,0,1,0,0,0,1,0
4120,35,"22to25",132,1,1,1,1,0,0,0,1,0
4121,19,"15to18",31,2,1,1,1,0,0,0,1,0
4122,21,"20to22",11,0,0,0,1,0,0,0,1,0
4123,30,"22to25",104,1,1,0,1,0,0,0,1,0
4124,32,"22to25",101,3,3,0,1,0,0,0,1,0
4125,31,"18to20",137,2,2,0,1,0,0,0,1,0
4126,29,"20to22",103,2,2,1,1,0,0,0,1,0
4127,33,"20to22",150,2,2,1,1,0,0,0,1,0
4128,28,"20to22",86,1,1,1,1,0,0,0,1,0
4129,42,"18to20",188,1,1,0,1,0,0,0,1,0
4130,28,"22to25",74,1,1,1,1,0,0,0,1,0
4131,23,"18to20",59,1,1,1,1,0,0,0,1,0
4132,30,"22to25",94,2,2,1,1,0,0,0,1,0
4133,28,"15to18",128,1,1,0,1,0,0,0,1,0
4134,24,"18to20",57,1,1,1,1,0,0,0,1,0
4135,27,"15to18",143,2,2,2,1,0,0,0,1,0
4136,21,"18to20",19,1,1,0,1,0,0,0,1,0
4137,29,"22to25",75,2,2,1,1,0,0,0,1,0
4138,39,"25to30",126,1,1,0,0,0,0,0,1,0
4139,20,"15to18",54,1,1,1,1,0,0,0,1,0
4140,20,"15to18",46,1,1,0,1,0,0,0,1,0
4141,35,"22to25",129,1,1,0,1,0,0,0,1,0
4142,49,"30toInf",140,1,1,1,1,0,0,0,1,0
4143,38,"22to25",188,3,3,1,1,0,0,0,1,0
4144,24,"22to25",18,1,1,0,1,0,0,0,1,0
4145,49,"25to30",277,4,4,2,1,0,0,0,1,0
4146,46,"22to25",278,2,2,1,1,0,0,0,1,0
4147,26,"22to25",53,1,1,1,1,0,0,0,1,0
4148,29,"25to30",37,1,1,0,1,0,0,0,1,0
4149,49,"22to25",216,7,7,3,0,0,0,0,1,0
4150,21,"15to18",51,2,2,2,1,0,0,0,1,0
4151,32,"22to25",103,1,1,0,1,0,0,0,1,0
4152,32,"18to20",155,2,2,1,1,0,0,0,1,0
4153,29,"20to22",94,1,1,1,1,0,0,0,1,0
4154,41,"22to25",222,2,2,2,1,0,0,0,1,0
4155,44,"15to18",330,2,2,1,1,0,0,0,1,0
4156,44,"22to25",269,2,2,1,0,0,0,0,1,0
4157,24,"20to22",30,1,1,0,1,0,0,0,1,0
4158,38,"22to25",174,1,1,1,1,0,0,0,1,0
4159,25,"20to22",51,1,1,1,1,0,0,0,1,0
4160,48,"20to22",331,4,4,2,1,0,0,0,1,0
4161,39,"20to22",226,3,3,3,1,0,0,0,1,0
4162,41,"22to25",211,4,4,1,1,0,0,0,1,0
4163,39,"25to30",125,1,1,1,1,0,0,0,1,0
4164,28,"20to22",89,2,2,1,1,0,0,0,1,0
4165,34,"22to25",127,1,1,1,1,0,0,0,1,0
4166,25,"22to25",8,1,1,0,1,0,0,0,1,0
4167,47,"0to15",395,5,5,2,0,0,0,0,1,0
4168,43,"20to22",265,4,4,2,0,0,0,0,1,0
4169,37,"22to25",173,1,1,0,1,0,0,0,1,0
4170,24,"18to20",68,1,1,0,1,0,0,0,1,0
4171,43,"20to22",265,2,2,2,1,0,0,0,1,0
4172,47,"25to30",241,1,1,0,0,0,0,0,1,0
4173,43,"22to25",245,1,1,0,0,0,0,0,1,0
4174,43,"20to22",277,2,2,2,0,0,0,0,1,0
4175,22,"20to22",9,1,0,0,1,0,0,0,1,0
4176,48,"22to25",305,1,1,0,0,0,0,0,1,0
4177,24,"22to25",3,1,0,0,1,0,0,0,1,0
4178,42,"20to22",248,2,2,1,1,0,0,0,1,0
4179,49,"22to25",327,3,3,2,1,0,0,0,1,0
4180,21,"20to22",5,1,0,0,1,0,0,0,1,0
4181,49,"30toInf",217,2,2,0,1,0,0,0,1,0
4182,27,"22to25",30,2,1,1,1,0,0,0,1,0
4183,36,"15to18",249,6,6,3,1,0,0,0,1,0
4184,30,"22to25",75,2,2,2,1,0,0,0,1,0
4185,34,"25to30",112,2,2,2,1,0,0,0,1,0
4186,33,"25to30",85,3,3,0,1,0,0,0,1,0
4187,42,"15to18",294,4,4,1,0,0,0,0,1,0
4188,22,"15to18",71,2,2,2,1,0,0,0,1,0
4189,41,"18to20",277,3,3,2,1,0,0,0,1,0
4190,43,"22to25",230,2,2,2,0,0,0,0,1,0
4191,22,"22to25",9,0,0,0,1,0,0,0,1,0
4192,41,"22to25",215,0,0,0,1,0,0,0,1,0
4193,40,"0to15",302,5,5,3,0,0,0,0,1,0
4194,49,"20to22",300,2,2,2,1,0,0,0,1,0
4195,23,"15to18",76,1,1,1,1,0,0,0,1,0
4196,33,"18to20",177,3,3,2,1,0,0,0,1,0
4197,47,"30toInf",125,1,1,0,1,0,0,0,1,0
4198,39,"22to25",206,3,3,0,1,0,0,0,1,0
4199,46,"22to25",186,2,2,1,0,0,0,0,1,0
4200,48,"30toInf",30,1,1,0,0,0,0,0,1,0
4201,27,"15to18",111,3,3,1,1,0,0,0,1,0
4202,37,"20to22",207,1,1,1,1,0,0,0,1,0
4203,23,"18to20",47,1,1,1,1,0,0,0,1,0
4204,32,"20to22",134,3,3,2,1,0,0,0,1,0
4205,31,"25to30",76,2,1,0,0,0,0,0,1,0
4206,37,"20to22",207,3,3,2,1,0,0,0,1,0
4207,35,"20to22",81,1,1,1,1,0,0,0,1,0
4208,47,"15to18",367,3,3,2,1,0,0,0,1,0
4209,25,"15to18",107,3,2,2,1,0,0,0,1,0
4210,28,"18to20",110,1,1,1,1,0,0,0,1,0
4211,30,"22to25",96,3,3,1,1,0,0,0,1,0
4212,27,"20to22",83,2,2,1,1,0,0,0,1,0
4213,32,"22to25",121,0,0,0,1,0,0,0,1,0
4214,40,"22to25",222,3,3,1,1,0,0,0,1,0
4215,48,"22to25",297,2,2,2,1,0,0,0,1,0
4216,31,"22to25",106,2,2,1,0,0,0,0,1,0
4217,29,"18to20",125,4,4,4,1,0,0,0,1,0
4218,41,"25to30",163,1,1,0,0,0,0,0,1,0
4219,32,"22to25",109,1,1,1,1,0,0,0,1,0
4220,21,"20to22",11,1,1,0,1,0,0,0,1,0
4221,34,"22to25",146,2,2,1,1,0,0,0,1,0
4222,37,"22to25",145,1,1,0,1,0,0,0,1,0
4223,21,"20to22",6,0,0,0,1,0,0,0,1,0
4224,33,"22to25",133,1,1,1,1,0,0,0,1,0
4225,43,"22to25",227,2,2,1,1,0,0,0,1,0
4226,44,"20to22",285,2,2,1,1,0,0,0,1,0
4227,32,"22to25",122,1,1,1,1,0,0,0,1,0
4228,33,"20to22",149,3,3,1,1,0,0,0,1,0
4229,30,"15to18",137,1,1,1,1,0,0,0,1,0
4230,44,"25to30",195,1,1,1,1,1,0,0,0,0
4231,43,"25to30",224,2,2,1,1,1,0,0,0,0
4232,47,"25to30",255,2,2,1,1,1,0,0,0,0
4233,18,"18to20",3,0,0,0,1,1,0,0,0,0
4234,27,"22to25",42,1,1,1,1,0,0,0,1,0
4235,37,"22to25",174,6,6,3,1,0,0,0,1,0
4236,35,"18to20",203,2,2,1,1,0,0,0,1,0
4237,27,"22to25",55,2,2,2,1,0,0,0,1,0
4238,45,"20to22",278,5,6,3,1,0,0,0,1,0
4239,28,"22to25",54,2,2,2,1,0,0,0,1,0
4240,26,"20to22",79,3,4,2,1,0,0,0,1,0
4241,44,"22to25",90,3,3,2,1,0,0,0,1,0
4242,42,"30toInf",140,4,4,3,1,0,0,0,1,0
4243,26,"22to25",44,1,1,0,1,0,0,0,1,0
4244,30,"22to25",90,2,2,1,1,0,0,0,1,0
4245,46,"15to18",352,5,5,4,1,0,0,0,1,0
4246,37,"25to30",124,2,2,1,1,0,0,0,1,0
4247,49,"20to22",352,2,2,0,1,0,0,0,1,0
4248,18,"0to15",49,2,1,1,1,0,0,0,1,0
4249,41,"18to20",260,2,2,1,1,1,0,0,0,0
4250,42,"20to22",251,1,1,0,0,1,0,0,0,0
4251,32,"22to25",34,2,2,1,1,1,0,0,0,0
4252,29,"22to25",61,1,1,1,1,1,0,0,0,0
4253,42,"25to30",173,2,2,1,1,1,0,0,0,0
4254,30,"20to22",107,2,2,1,1,1,0,0,0,0
4255,30,"22to25",91,1,1,0,1,1,0,0,0,0
4256,33,"18to20",178,5,5,2,1,1,0,0,0,0
4257,46,"20to22",298,4,4,2,1,1,0,0,0,0
4258,34,"30toInf",32,1,1,0,1,1,0,0,0,0
4259,46,"30toInf",65,0,0,0,1,1,0,0,0,0
4260,37,"30toInf",76,2,2,1,1,1,0,0,0,0
4261,30,"15to18",169,3,3,2,1,1,0,0,0,0
4262,22,"20to22",13,0,0,0,1,1,0,0,0,0
4263,37,"20to22",205,2,2,2,1,1,0,0,0,0
4264,42,"22to25",236,2,2,2,1,1,0,0,0,0
4265,49,"18to20",378,0,0,0,1,1,0,0,0,0
4266,45,"30toInf",152,0,0,0,0,1,0,0,0,0
4267,37,"20to22",203,4,4,1,0,1,0,0,0,0
4268,25,"22to25",19,1,1,1,1,1,0,0,0,0
4269,24,"18to20",66,1,1,1,1,1,0,0,0,0
4270,23,"20to22",31,1,1,1,1,0,0,0,1,0
4271,47,"22to25",287,3,3,3,1,0,0,0,1,0
4272,24,"20to22",35,1,1,1,1,0,0,0,1,0
4273,25,"22to25",19,1,1,0,1,0,0,0,1,0
4274,42,"25to30",199,1,1,1,1,0,0,0,1,0
4275,39,"22to25",196,2,2,1,1,0,0,0,1,0
4276,22,"18to20",32,2,2,0,1,0,0,0,1,0
4277,22,"18to20",35,1,1,1,1,0,0,0,1,0
4278,33,"22to25",121,3,3,1,1,0,0,0,1,0
4279,38,"22to25",167,2,2,1,0,0,0,0,1,0
4280,33,"18to20",169,2,2,2,1,0,0,0,1,0
4281,36,"25to30",136,4,4,1,1,0,0,0,1,0
4282,28,"25to30",33,1,1,0,1,0,0,0,1,0
4283,24,"20to22",50,1,1,0,1,0,0,0,1,0
4284,35,"22to25",155,3,3,1,1,0,0,0,1,0
4285,24,"20to22",45,0,0,0,1,0,0,0,1,0
4286,40,"20to22",237,2,2,2,0,0,0,0,1,0
4287,35,"18to20",205,2,2,1,1,0,0,0,1,0
4288,44,"22to25",243,3,3,1,1,0,0,0,1,0
4289,37,"25to30",152,2,3,2,1,0,0,0,1,0
4290,49,"20to22",348,2,2,1,1,0,0,0,1,0
4291,29,"22to25",80,2,2,0,1,0,0,0,1,0
4292,39,"22to25",191,1,1,1,1,0,0,0,1,0
4293,25,"18to20",64,1,0,0,1,0,0,0,1,0
4294,28,"25to30",32,1,1,1,1,0,0,0,1,0
4295,48,"30toInf",100,0,0,0,1,0,0,0,1,0
4296,26,"22to25",37,0,0,0,1,0,0,0,1,0
4297,32,"25to30",51,0,0,0,1,0,0,0,1,0
4298,28,"25to30",11,1,0,0,1,0,0,0,1,0
4299,26,"22to25",30,1,1,0,1,0,0,0,1,0
4300,28,"22to25",67,1,1,1,1,0,0,0,1,0
4301,26,"25to30",19,0,0,0,1,0,0,0,1,0
4302,32,"22to25",114,2,2,1,1,0,0,0,1,0
4303,22,"20to22",26,1,0,0,1,0,0,0,1,0
4304,26,"22to25",20,0,0,0,1,0,0,0,1,0
4305,40,"25to30",189,3,3,2,1,0,0,0,1,0
4306,39,"25to30",167,3,4,2,1,0,0,0,1,0
4307,43,"22to25",244,2,2,1,1,0,0,0,1,0
4308,20,"18to20",10,0,0,0,1,0,0,0,1,0
4309,33,"20to22",155,2,2,1,1,0,0,0,1,0
4310,38,"15to18",257,5,5,0,1,0,0,0,1,0
4311,28,"18to20",117,2,2,2,1,0,0,0,1,0
4312,35,"20to22",186,2,2,1,1,0,0,0,1,0
4313,43,"18to20",281,4,4,3,0,0,0,0,1,0
4314,30,"20to22",114,1,1,1,1,0,0,0,1,0
4315,22,"20to22",30,1,1,1,1,0,0,0,1,0
4316,28,"22to25",65,3,3,1,1,0,0,0,1,0
4317,25,"18to20",77,1,1,1,1,0,0,0,1,0
4318,21,"20to22",10,1,1,1,1,0,0,0,1,0
4319,33,"18to20",186,2,2,2,1,0,0,0,1,0
4320,22,"20to22",18,1,1,0,1,0,0,0,1,0
4321,42,"22to25",233,7,7,3,0,0,0,0,1,0
4322,44,"20to22",293,2,2,1,0,0,0,0,1,0
4323,49,"15to18",386,3,3,2,1,0,0,0,1,0
4324,30,"25to30",58,2,2,2,1,0,0,0,1,0
4325,37,"22to25",172,3,3,2,1,0,0,0,1,0
4326,47,"30toInf",161,1,1,1,1,0,0,0,1,0
4327,49,"25to30",293,1,1,1,0,0,0,0,1,0
4328,30,"20to22",102,2,2,2,1,0,0,0,1,0
4329,47,"25to30",235,4,4,1,0,0,0,0,1,0
4330,37,"20to22",195,2,2,0,1,0,0,0,1,0
4331,38,"22to25",187,2,2,1,1,0,0,0,1,0
4332,30,"25to30",42,1,1,0,1,0,0,0,1,0
4333,39,"20to22",144,3,3,2,1,0,0,0,1,0
4334,32,"20to22",125,2,2,2,1,0,0,0,1,0
4335,38,"20to22",209,3,3,1,1,0,0,0,1,0
4336,35,"20to22",185,2,2,1,1,0,0,0,1,0
4337,47,"15to18",365,3,3,2,1,0,0,0,1,0
4338,45,"25to30",233,2,2,1,1,0,0,0,1,0
4339,36,"20to22",185,3,3,1,1,0,0,0,1,0
4340,36,"22to25",174,2,2,0,1,0,0,0,1,0
4341,31,"18to20",161,2,2,1,1,0,0,0,1,0
4342,38,"25to30",144,1,1,1,1,0,0,0,1,0
4343,22,"20to22",22,1,1,1,1,0,0,0,1,0
4344,37,"25to30",120,3,4,4,1,0,0,0,1,0
4345,35,"25to30",93,4,4,3,1,0,0,0,1,0
4346,37,"22to25",180,2,2,1,1,0,0,0,1,0
4347,26,"18to20",88,2,2,1,1,0,0,0,1,0
4348,31,"20to22",131,2,2,1,1,0,0,0,1,0
4349,32,"20to22",141,2,2,0,1,0,0,0,1,0
4350,30,"22to25",78,1,1,1,1,0,0,0,1,0
4351,48,"22to25",291,4,4,4,0,0,0,0,1,0
4352,36,"22to25",165,3,3,2,1,0,0,0,1,0
4353,42,"20to22",256,2,2,0,1,0,0,0,1,0
4354,45,"25to30",236,1,1,1,0,0,0,0,1,0
4355,47,"20to22",308,3,3,3,0,0,0,0,1,0
4356,41,"25to30",148,3,3,1,0,0,0,0,1,0
4357,47,"20to22",314,8,8,2,0,0,0,0,1,0
4358,40,"18to20",248,2,2,1,0,0,0,0,1,0
4359,32,"25to30",70,3,2,1,1,0,0,0,1,0
4360,44,"30toInf",85,0,0,0,0,0,0,0,1,0
4361,29,"18to20",133,2,2,0,1,1,0,0,0,0
4362,29,"18to20",116,1,1,1,1,1,0,0,0,0
4363,49,"20to22",342,2,2,2,1,1,0,0,0,0
4364,47,"30toInf",144,2,2,0,1,1,0,0,0,0
4365,38,"25to30",154,2,2,1,1,1,0,0,0,0
4366,39,"20to22",214,4,4,1,1,1,0,0,0,0
4367,37,"25to30",22,1,1,1,1,1,0,0,0,0
4368,32,"22to25",114,2,2,1,1,1,0,0,0,0
4369,40,"20to22",241,0,0,0,1,1,0,0,0,0
4370,38,"20to22",164,2,2,2,1,1,0,0,0,0
4371,48,"30toInf",224,6,6,3,1,1,0,0,0,0
4372,33,"20to22",155,4,4,1,1,1,0,0,0,0
4373,34,"20to22",172,2,2,0,1,1,0,0,0,0
4374,37,"22to25",168,2,2,0,1,1,0,0,0,0
4375,46,"20to22",296,2,2,1,1,1,0,0,0,0
4376,39,"20to22",230,2,2,1,1,1,0,0,0,0
4377,42,"25to30",193,2,2,1,1,1,0,0,0,0
4378,31,"22to25",119,2,2,1,1,1,0,0,0,0
4379,40,"25to30",165,3,3,1,1,1,0,0,0,0
4380,45,"25to30",237,2,2,0,1,1,0,0,0,0
4381,47,"20to22",325,2,2,1,0,0,0,0,1,0
4382,45,"20to22",280,1,1,0,1,0,0,0,1,0
4383,48,"22to25",314,1,1,0,1,0,0,0,1,0
4384,25,"18to20",81,2,2,0,1,0,0,0,1,0
4385,44,"22to25",268,2,2,1,1,0,0,0,1,0
4386,42,"18to20",280,1,1,1,1,0,0,0,1,0
4387,43,"25to30",206,2,2,1,0,0,0,0,1,0
4388,46,"20to22",307,2,2,2,1,0,0,0,1,0
4389,42,"22to25",232,2,2,1,1,0,0,0,1,0
4390,21,"15to18",55,1,1,0,1,0,0,0,1,0
4391,45,"20to22",291,2,2,1,1,0,0,0,1,0
4392,36,"22to25",168,4,4,3,1,0,0,0,1,0
4393,23,"18to20",55,1,1,0,1,0,0,0,1,0
4394,47,"20to22",318,1,1,1,0,0,0,0,1,0
4395,45,"22to25",159,2,2,1,0,0,0,0,1,0
4396,45,"18to20",328,1,1,0,0,0,0,0,1,0
4397,23,"20to22",32,1,1,0,1,0,1,0,0,0
4398,29,"22to25",84,1,1,0,1,0,1,0,0,0
4399,38,"18to20",232,1,1,0,1,0,1,0,0,0
4400,30,"25to30",34,1,1,0,1,0,1,0,0,0
4401,33,"18to20",180,2,2,0,1,0,1,0,0,0
4402,40,"20to22",239,3,3,2,1,0,1,0,0,0
4403,49,"30toInf",192,0,0,0,0,0,1,0,0,0
4404,38,"22to25",176,2,2,1,1,0,0,0,1,0
4405,31,"25to30",46,3,3,3,1,0,0,0,1,0
4406,42,"22to25",232,2,2,2,1,0,0,0,1,0
4407,32,"18to20",166,4,4,0,1,0,0,0,1,0
4408,34,"18to20",178,2,2,1,1,0,0,0,1,0
4409,35,"15to18",219,3,3,3,1,0,0,0,1,0
4410,34,"18to20",179,3,3,2,1,0,0,0,1,0
4411,49,"15to18",383,3,3,2,1,0,0,0,1,0
4412,32,"22to25",96,1,1,0,1,0,0,0,1,0
4413,37,"22to25",162,2,2,1,1,0,0,0,1,0
4414,32,"20to22",129,3,3,1,1,0,0,0,1,0
4415,41,"22to25",215,0,0,0,1,0,0,0,1,0
4416,41,"20to22",245,3,3,0,1,0,0,0,1,0
4417,42,"25to30",201,2,2,2,1,0,0,0,1,0
4418,25,"22to25",33,1,1,1,1,0,0,0,1,0
4419,44,"0to15",355,1,1,1,1,0,0,0,1,0
4420,47,"20to22",317,3,3,2,1,0,0,0,1,0
4421,41,"22to25",210,6,6,5,1,0,0,0,1,0
4422,47,"15to18",357,6,6,5,0,0,0,0,1,0
4423,46,"20to22",294,2,2,1,1,0,0,0,1,0
4424,21,"18to20",30,1,1,0,1,0,0,0,1,0
4425,28,"20to22",97,2,2,1,0,0,0,0,1,0
4426,42,"20to22",261,7,7,6,0,0,0,0,1,0
4427,23,"20to22",34,1,1,0,1,0,0,0,1,0
4428,18,"15to18",31,1,1,0,1,0,0,0,1,0
4429,28,"22to25",73,1,1,0,1,0,0,0,1,0
4430,25,"18to20",82,2,2,1,1,0,0,0,1,0
4431,18,"15to18",22,1,1,0,1,0,0,0,1,0
4432,33,"22to25",103,1,1,1,1,0,0,0,1,0
4433,28,"25to30",29,1,1,1,1,0,0,0,1,0
4434,38,"18to20",229,1,1,1,1,0,0,0,1,0
4435,45,"15to18",333,3,3,0,0,0,0,0,1,0
4436,44,"18to20",303,1,1,1,0,0,0,0,1,0
4437,28,"15to18",129,2,2,1,1,0,0,0,1,0
4438,47,"20to22",327,3,3,3,0,0,0,0,1,0
4439,48,"20to22",315,4,4,3,0,0,0,0,1,0
4440,42,"22to25",229,4,4,1,0,0,0,0,1,0
4441,43,"30toInf",83,0,0,0,1,0,0,0,1,0
4442,38,"25to30",148,2,3,2,1,0,0,0,1,0
4443,37,"22to25",169,2,2,1,1,0,0,0,1,0
4444,36,"22to25",144,4,4,0,1,0,0,0,1,0
4445,23,"20to22",37,2,2,0,1,0,0,0,1,0
4446,46,"22to25",261,5,5,3,1,0,0,0,1,0
4447,30,"25to30",52,2,1,1,1,0,0,0,1,0
4448,33,"22to25",126,2,2,0,1,0,0,0,1,0
4449,35,"22to25",160,4,4,3,1,0,0,0,1,0
4450,45,"20to22",300,1,1,0,1,0,0,0,1,0
4451,48,"18to20",360,5,5,3,1,0,0,0,1,0
4452,49,"25to30",273,3,3,2,1,0,0,0,1,0
4453,39,"15to18",281,6,6,3,1,0,0,0,1,0
4454,32,"22to25",99,3,3,2,1,0,0,0,1,0
4455,28,"25to30",21,1,1,0,1,0,0,0,1,0
4456,44,"30toInf",92,3,2,0,1,0,0,0,1,0
4457,44,"22to25",178,2,2,1,1,0,0,0,1,0
4458,33,"30toInf",12,1,1,1,1,0,0,0,1,0
4459,31,"18to20",92,4,4,2,1,0,0,0,1,0
4460,46,"20to22",107,3,3,2,0,0,0,0,1,0
4461,40,"15to18",190,0,0,0,1,0,0,0,1,0
4462,31,"20to22",116,1,1,0,1,0,0,0,1,0
4463,20,"18to20",6,0,0,0,1,0,0,0,1,0
4464,24,"18to20",63,3,3,2,1,0,0,0,1,0
4465,31,"15to18",191,5,5,0,0,0,0,0,1,0
4466,40,"22to25",198,5,5,2,1,0,0,0,1,0
4467,49,"22to25",272,7,7,5,0,0,0,0,1,0
4468,34,"15to18",190,3,3,1,0,0,0,0,1,0
4469,36,"20to22",185,3,3,2,1,0,0,0,1,0
4470,46,"15to18",314,10,10,7,0,1,0,0,0,0
4471,34,"0to15",245,4,5,3,0,1,0,0,0,0
4472,39,"20to22",223,5,5,0,1,1,0,0,0,0
4473,23,"20to22",27,1,1,0,1,1,0,0,0,0
4474,37,"20to22",202,2,2,2,1,1,0,0,0,0
4475,44,"22to25",265,2,2,1,0,1,0,0,0,0
4476,28,"22to25",58,2,2,1,1,1,0,0,0,0
4477,28,"20to22",99,2,2,0,1,1,0,0,0,0
4478,30,"25to30",45,2,1,1,1,1,0,0,0,0
4479,26,"18to20",92,2,2,1,1,1,0,0,0,0
4480,26,"22to25",50,1,1,0,1,1,0,0,0,0
4481,45,"25to30",213,5,5,2,1,1,0,0,0,0
4482,28,"22to25",58,2,2,1,1,1,0,0,0,0
4483,36,"25to30",130,2,2,1,1,1,0,0,0,0
4484,39,"22to25",77,2,2,1,1,1,0,0,0,0
4485,44,"25to30",163,5,5,1,1,1,0,0,0,0
4486,35,"25to30",114,2,3,1,1,1,0,0,0,0
4487,31,"25to30",31,2,2,1,1,1,0,0,0,0
4488,30,"22to25",99,2,2,0,1,1,0,0,0,0
4489,32,"22to25",106,2,2,0,1,1,0,0,0,0
4490,36,"25to30",137,2,2,2,1,1,0,0,0,0
4491,47,"22to25",167,7,7,3,1,1,0,0,0,0
4492,31,"22to25",77,2,1,0,1,0,0,0,1,0
4493,34,"22to25",113,2,2,0,1,0,0,0,1,0
4494,33,"20to22",142,6,6,5,1,0,0,0,1,0
4495,44,"22to25",258,2,2,1,1,0,0,0,1,0
4496,43,"18to20",290,1,1,0,1,0,0,0,1,0
4497,38,"20to22",216,4,4,3,1,0,0,0,1,0
4498,43,"25to30",169,3,3,2,1,0,0,0,1,0
4499,42,"25to30",169,5,6,4,0,0,0,0,1,0
4500,20,"15to18",27,1,1,0,1,0,0,0,1,0
4501,31,"25to30",81,1,1,1,0,0,0,0,1,0
4502,46,"22to25",283,2,2,1,0,0,0,0,1,0
4503,47,"20to22",307,5,5,1,1,0,0,0,1,0
4504,33,"18to20",173,4,4,0,1,0,0,0,1,0
4505,42,"20to22",260,3,3,1,1,0,0,0,1,0
4506,42,"22to25",235,2,2,0,1,0,0,0,1,0
4507,39,"20to22",236,2,2,2,0,0,0,0,1,0
4508,45,"18to20",307,6,6,3,1,0,0,0,1,0
4509,43,"20to22",272,5,5,4,1,0,0,0,1,0
4510,38,"15to18",284,7,7,1,0,0,0,0,1,0
4511,40,"25to30",166,3,3,2,0,0,0,0,1,0
4512,27,"20to22",72,2,2,0,1,0,0,0,1,0
4513,28,"20to22",95,3,3,2,1,0,0,0,1,0
4514,44,"15to18",339,5,5,2,0,0,0,0,1,0
4515,24,"18to20",69,2,1,1,1,0,0,0,1,0
4516,45,"25to30",223,3,3,2,1,0,0,0,1,0
4517,23,"20to22",23,1,1,1,1,0,0,0,1,0
4518,46,"15to18",359,11,11,6,0,0,0,0,1,0
4519,42,"22to25",244,2,2,1,1,0,0,0,1,0
4520,45,"15to18",339,2,2,1,0,0,0,0,1,0
4521,38,"25to30",97,2,2,1,1,0,0,0,1,0
4522,43,"18to20",289,3,3,1,1,0,0,0,1,0
4523,42,"30toInf",145,3,3,3,1,0,0,0,1,0
4524,32,"25to30",77,3,3,3,1,0,0,0,1,0
4525,40,"0to15",312,7,7,3,0,0,0,0,1,0
4526,40,"30toInf",121,2,2,0,1,0,0,0,1,0
4527,38,"18to20",226,4,4,1,0,0,0,0,1,0
4528,40,"20to22",231,7,7,4,0,0,0,0,1,0
4529,44,"18to20",293,7,8,4,0,0,0,0,1,0
4530,49,"18to20",351,3,3,1,0,0,0,0,1,0
4531,38,"15to18",244,6,6,4,0,0,0,0,1,0
4532,44,"25to30",193,2,2,1,1,0,0,0,1,0
4533,42,"25to30",191,6,6,1,1,0,0,0,1,0
4534,46,"20to22",320,2,2,1,1,0,0,0,1,0
4535,26,"15to18",109,2,2,0,1,0,0,0,1,0
4536,31,"22to25",91,2,2,0,1,0,0,0,1,0
4537,26,"18to20",86,2,2,1,1,0,0,0,1,0
4538,22,"15to18",57,3,2,0,1,0,0,0,1,0
4539,48,"25to30",225,7,7,4,1,0,0,0,1,0
4540,22,"18to20",38,2,3,2,1,0,0,0,1,0
4541,19,"15to18",27,1,1,1,1,0,0,0,1,0
4542,45,"15to18",333,8,8,4,0,0,0,0,1,0
4543,39,"30toInf",96,3,3,2,1,0,0,0,1,0
4544,49,"20to22",339,2,2,1,1,0,0,0,1,0
4545,33,"25to30",102,3,3,2,1,0,0,0,1,0
4546,24,"18to20",80,3,3,3,1,0,0,0,1,0
4547,36,"22to25",148,3,3,2,1,0,0,0,1,0
4548,37,"25to30",148,5,5,3,1,0,0,0,1,0
4549,42,"25to30",200,2,2,1,1,0,0,0,1,0
4550,43,"20to22",268,10,10,1,1,0,0,0,1,0
4551,25,"18to20",73,2,2,0,1,0,0,0,1,0
4552,25,"22to25",7,0,0,0,0,0,0,0,1,0
4553,30,"22to25",78,2,2,1,1,0,0,0,1,0
4554,49,"30toInf",169,2,2,2,0,0,0,0,1,0
4555,49,"22to25",323,5,6,2,0,0,0,0,1,0
4556,32,"25to30",33,1,1,1,1,0,0,0,1,0
4557,48,"25to30",238,5,5,4,1,0,0,0,1,0
4558,46,"18to20",230,9,9,5,0,0,0,0,1,0
4559,45,"18to20",313,9,9,5,1,0,0,0,1,0
4560,33,"25to30",77,1,1,1,1,0,0,0,1,0
4561,42,"15to18",301,2,2,0,1,0,0,0,1,0
4562,23,"22to25",21,1,1,0,1,0,0,0,1,0
4563,43,"25to30",214,7,7,2,0,0,0,0,1,0
4564,44,"18to20",310,8,8,5,1,0,0,0,1,0
4565,30,"22to25",77,2,2,2,1,0,0,0,1,0
4566,33,"15to18",195,5,5,3,1,0,0,0,1,0
4567,37,"22to25",168,4,4,2,1,0,0,0,1,0
4568,44,"30toInf",6,1,1,0,0,0,0,0,1,0
4569,41,"18to20",255,5,5,4,0,0,0,0,1,0
4570,42,"22to25",222,4,4,0,1,0,0,0,1,0
4571,23,"20to22",39,1,1,1,1,0,0,0,1,0
4572,23,"20to22",28,2,2,0,1,0,0,0,1,0
4573,37,"18to20",216,4,4,3,1,0,0,0,1,0
4574,42,"25to30",184,3,3,1,1,0,0,0,1,0
4575,44,"20to22",268,4,4,1,0,0,0,0,1,0
4576,45,"25to30",211,2,2,1,0,0,0,0,1,0
4577,48,"25to30",268,4,4,2,0,0,0,0,1,0
4578,37,"22to25",181,4,4,1,1,0,0,0,1,0
4579,23,"18to20",47,2,1,1,1,0,0,0,1,0
4580,35,"15to18",219,8,8,5,1,0,0,0,1,0
4581,17,"15to18",5,1,0,0,1,0,0,0,1,0
4582,39,"22to25",198,8,8,6,1,0,0,0,1,0
4583,24,"22to25",31,1,1,0,1,0,0,0,1,0
4584,47,"30toInf",168,3,3,2,1,0,0,0,1,0
4585,44,"30toInf",170,5,5,4,0,0,0,0,1,0
4586,25,"20to22",47,2,2,0,1,0,0,0,1,0
4587,45,"30toInf",165,4,4,3,1,0,0,0,1,0
4588,38,"22to25",191,4,4,4,1,0,0,0,1,0
4589,41,"18to20",276,8,8,3,1,0,0,0,1,0
4590,29,"25to30",48,3,3,2,1,0,0,0,1,0
4591,43,"18to20",299,4,4,2,1,0,0,0,1,0
4592,32,"22to25",115,2,2,2,1,0,0,0,1,0
4593,30,"20to22",126,3,3,3,1,0,0,0,1,0
4594,29,"18to20",114,4,4,1,1,0,0,0,1,0
4595,28,"18to20",126,6,6,2,1,0,0,0,1,0
4596,25,"20to22",39,1,1,0,1,0,0,0,1,0
4597,31,"22to25",110,2,2,0,1,0,0,0,1,0
4598,28,"18to20",111,7,7,4,1,0,0,0,1,0
4599,48,"20to22",329,7,7,5,0,0,0,0,1,0
4600,42,"20to22",260,7,7,2,1,0,0,0,1,0
4601,27,"18to20",103,3,3,0,1,0,0,0,1,0
4602,48,"25to30",263,5,5,1,1,0,0,0,1,0
4603,49,"20to22",343,9,9,2,1,0,0,0,1,0
4604,45,"18to20",226,8,8,3,0,0,0,0,1,0
4605,42,"22to25",236,7,7,3,0,0,0,0,1,0
4606,42,"20to22",204,3,3,2,0,0,0,0,1,0
4607,27,"15to18",114,0,0,0,0,0,0,0,1,0
4608,46,"30toInf",171,0,0,0,0,0,0,0,1,0
4609,30,"20to22",125,3,3,2,1,0,0,0,1,0
4610,43,"22to25",236,5,5,4,1,0,0,0,1,0
4611,47,"22to25",293,9,10,6,1,0,0,0,1,0
4612,48,"20to22",337,4,4,2,1,0,0,0,1,0
4613,31,"22to25",92,2,2,0,1,0,0,0,1,0
4614,40,"22to25",185,2,2,2,1,0,0,0,1,0
4615,40,"22to25",212,3,3,3,1,0,0,0,1,0
4616,46,"25to30",237,2,2,0,1,0,0,0,1,0
4617,37,"22to25",179,1,1,1,1,0,0,0,1,0
4618,24,"22to25",10,0,0,0,1,0,0,0,1,0
4619,31,"20to22",118,1,1,0,1,0,0,0,1,0
4620,21,"20to22",5,0,0,0,1,0,0,0,1,0
4621,25,"18to20",69,1,1,1,1,0,0,0,1,0
4622,32,"20to22",140,2,2,0,0,0,0,0,1,0
4623,28,"25to30",32,0,0,0,1,0,0,0,1,0
4624,29,"25to30",15,1,1,0,1,0,0,0,1,0
4625,43,"20to22",283,0,0,0,1,0,0,0,1,0
4626,23,"18to20",68,3,3,1,1,0,0,0,1,0
4627,44,"18to20",311,2,2,0,1,0,0,0,1,0
4628,22,"15to18",57,2,2,1,1,0,0,0,1,0
4629,47,"30toInf",127,0,0,0,1,0,0,0,1,0
4630,31,"22to25",112,3,3,2,1,0,0,0,1,0
4631,48,"25to30",267,1,1,1,1,0,0,0,1,0
4632,25,"15to18",93,3,3,3,1,0,0,0,1,0
4633,42,"30toInf",134,4,3,1,0,0,0,0,1,0
4634,30,"25to30",49,1,1,0,1,0,0,0,1,0
4635,30,"20to22",113,2,2,2,1,0,0,0,1,0
4636,40,"20to22",234,1,1,0,1,0,0,0,1,0
4637,43,"20to22",253,2,2,0,0,0,0,0,1,0
4638,36,"22to25",164,2,2,2,1,0,0,0,1,0
4639,25,"18to20",70,2,1,0,1,0,0,0,1,0
4640,48,"22to25",302,3,3,1,0,0,0,0,1,0
4641,32,"15to18",181,7,7,5,1,0,0,0,1,0
4642,25,"20to22",49,1,0,0,1,0,0,0,1,0
4643,25,"15to18",88,3,3,2,1,0,0,0,1,0
4644,26,"20to22",57,3,3,0,1,0,0,0,1,0
4645,26,"15to18",107,5,5,4,1,0,0,0,1,0
4646,43,"22to25",83,4,4,4,0,0,0,0,1,0
4647,47,"0to15",397,7,7,6,1,0,0,0,1,0
4648,35,"15to18",215,7,7,4,1,0,0,0,1,0
4649,26,"22to25",57,1,1,0,1,0,0,0,1,0
4650,28,"22to25",58,2,1,1,1,0,0,0,1,0
4651,49,"22to25",320,7,7,4,1,0,0,0,1,0
4652,46,"18to20",338,9,9,5,1,0,0,0,1,0
4653,35,"22to25",124,4,4,2,1,0,0,0,1,0
4654,23,"18to20",56,3,3,1,1,0,0,0,1,0
4655,26,"22to25",31,1,1,0,0,0,0,0,1,0
4656,44,"18to20",304,9,9,3,0,0,0,0,1,0
4657,38,"18to20",234,4,4,3,1,0,0,0,1,0
4658,22,"20to22",31,3,3,2,1,0,0,0,1,0
4659,37,"18to20",221,5,5,2,0,0,0,0,1,0
4660,39,"15to18",279,7,8,5,0,0,0,0,1,0
4661,46,"20to22",315,3,3,2,0,0,0,0,1,0
4662,32,"25to30",89,3,3,0,1,0,0,0,1,0
4663,21,"18to20",34,1,1,1,0,0,0,0,1,0
4664,48,"20to22",335,5,5,2,0,0,0,0,1,0
4665,24,"20to22",34,1,1,0,1,0,0,0,1,0
4666,31,"15to18",190,10,10,5,1,0,0,0,1,0
4667,39,"15to18",278,5,5,2,0,0,0,0,1,0
4668,30,"15to18",157,5,5,5,0,0,0,0,1,0
4669,37,"18to20",214,3,3,1,1,0,0,0,1,0
4670,46,"20to22",305,3,3,1,1,0,0,0,1,0
4671,19,"18to20",9,1,0,0,1,0,0,0,1,0
4672,21,"15to18",77,2,2,1,1,0,0,0,1,0
4673,36,"15to18",237,3,3,1,0,0,0,0,1,0
4674,23,"18to20",69,2,2,0,1,0,0,0,1,0
4675,24,"18to20",59,1,1,1,1,0,0,0,1,0
4676,43,"20to22",211,8,8,4,0,0,0,0,1,0
4677,49,"25to30",292,4,4,2,1,0,0,0,1,0
4678,44,"22to25",246,3,3,1,1,0,0,0,1,0
4679,29,"22to25",77,2,2,1,1,0,0,0,1,0
4680,35,"20to22",162,3,3,0,1,0,0,0,1,0
4681,49,"22to25",306,6,6,3,1,0,0,0,1,0
4682,25,"22to25",33,1,1,1,1,0,0,0,1,0
4683,44,"30toInf",135,4,4,3,1,0,0,0,1,0
4684,26,"20to22",55,1,1,0,1,0,0,0,1,0
4685,35,"22to25",143,3,3,0,1,0,0,0,1,0
4686,46,"18to20",331,11,11,7,1,0,0,0,1,0
4687,29,"18to20",118,2,2,1,1,0,0,0,1,0
4688,40,"22to25",213,4,4,2,0,0,0,0,1,0
4689,48,"25to30",278,3,3,0,1,0,0,0,1,0
4690,45,"22to25",265,3,3,2,0,0,0,0,1,0
4691,44,"20to22",288,5,5,4,1,0,0,0,1,0
4692,41,"22to25",225,7,7,5,0,0,0,0,1,0
4693,33,"22to25",125,2,2,1,1,0,0,0,1,0
4694,45,"20to22",303,5,5,4,0,0,0,0,1,0
4695,41,"25to30",177,5,5,4,1,0,0,0,1,0
4696,31,"18to20",160,5,5,2,1,0,0,0,1,0
4697,30,"25to30",65,3,3,3,1,0,0,0,1,0
4698,35,"25to30",93,2,2,2,1,0,0,0,1,0
4699,31,"22to25",82,1,1,1,1,0,0,0,1,0
4700,29,"22to25",85,2,2,1,1,0,0,0,1,0
4701,46,"25to30",196,5,5,1,1,0,0,0,1,0
4702,32,"20to22",135,3,3,2,1,0,0,0,1,0
4703,47,"20to22",311,1,1,1,1,0,0,0,1,0
4704,44,"22to25",241,7,7,4,0,0,0,0,1,0
4705,44,"22to25",246,3,3,2,1,0,0,0,1,0
4706,20,"18to20",21,2,2,1,1,0,0,0,1,0
4707,21,"15to18",51,2,2,0,1,0,0,0,1,0
4708,26,"22to25",41,2,2,0,1,0,0,0,1,0
4709,40,"20to22",224,6,6,4,0,0,0,0,1,0
4710,27,"22to25",48,2,2,0,0,0,0,0,1,0
4711,49,"20to22",356,3,3,1,0,0,0,0,1,0
4712,34,"22to25",129,1,1,0,1,0,0,0,1,0
4713,29,"22to25",69,2,2,2,1,0,0,0,1,0
4714,44,"25to30",225,2,2,0,1,0,0,0,1,0
4715,23,"18to20",61,1,1,0,1,0,0,0,1,0
4716,47,"22to25",162,1,1,0,1,0,0,0,1,0
4717,47,"30toInf",207,1,1,1,1,0,0,0,1,0
4718,35,"20to22",161,4,4,2,1,0,0,0,1,0
4719,25,"20to22",56,2,2,1,1,0,0,0,1,0
4720,45,"20to22",303,3,3,1,1,0,0,0,1,0
4721,39,"18to20",237,2,2,2,1,0,0,0,1,0
4722,46,"30toInf",174,2,2,1,1,0,0,0,1,0
4723,38,"22to25",193,3,3,1,1,0,0,0,1,0
4724,36,"22to25",167,1,1,1,1,0,0,0,1,0
4725,34,"30toInf",32,0,0,0,1,0,0,0,1,0
4726,45,"25to30",239,2,2,1,0,0,0,0,1,0
4727,44,"22to25",241,3,3,2,1,0,0,0,1,0
4728,35,"20to22",187,5,5,2,1,0,0,0,1,0
4729,41,"20to22",231,2,2,1,1,0,0,0,1,0
4730,42,"25to30",200,5,5,4,1,0,0,0,1,0
4731,29,"25to30",11,1,0,0,1,0,0,0,1,0
4732,24,"15to18",78,3,3,2,0,0,0,0,1,0
4733,44,"22to25",239,1,1,0,1,0,0,0,1,0
4734,41,"20to22",233,4,4,2,1,0,0,0,1,0
4735,23,"20to22",37,2,2,0,1,0,0,0,1,0
4736,46,"18to20",330,8,8,4,0,0,0,0,1,0
4737,43,"25to30",57,2,3,1,1,0,0,0,1,0
4738,29,"22to25",74,2,2,0,1,0,0,0,1,0
4739,46,"22to25",258,2,2,1,0,0,0,0,1,0
4740,29,"18to20",136,2,2,1,1,0,0,0,1,0
4741,25,"18to20",60,2,3,0,1,0,0,0,1,0
4742,45,"30toInf",178,1,1,0,1,0,0,0,1,0
4743,41,"30toInf",122,4,4,2,1,0,0,0,1,0
4744,40,"25to30",120,2,2,1,0,0,0,0,1,0
4745,39,"25to30",114,1,1,1,0,0,0,0,1,0
4746,22,"20to22",28,1,1,0,1,0,0,0,1,0
4747,45,"20to22",296,3,3,0,1,0,0,0,1,0
4748,42,"22to25",242,4,4,3,1,0,0,0,1,0
4749,44,"25to30",230,3,3,0,1,0,0,0,1,0
4750,25,"22to25",13,1,1,1,1,0,0,0,1,0
4751,39,"18to20",257,4,4,1,1,0,0,0,1,0
4752,47,"22to25",307,3,3,2,0,0,0,0,1,0
4753,41,"20to22",232,1,1,1,1,0,0,0,1,0
4754,34,"20to22",177,1,1,1,1,0,0,0,1,0
4755,46,"18to20",327,4,4,1,1,0,0,0,1,0
4756,27,"20to22",62,1,1,1,1,0,0,0,1,0
4757,29,"18to20",133,2,2,0,1,0,0,0,1,0
4758,42,"20to22",262,2,2,1,1,0,0,0,1,0
4759,48,"15to18",340,6,6,3,1,0,0,0,1,0
4760,26,"20to22",60,1,1,0,1,0,0,0,1,0
4761,45,"25to30",236,3,3,2,1,0,0,0,1,0
4762,41,"20to22",233,2,2,1,1,0,0,0,1,0
4763,35,"25to30",121,2,2,0,1,0,0,0,1,0
4764,43,"20to22",278,2,2,2,1,0,0,0,1,0
4765,49,"25to30",283,2,2,1,1,0,0,0,1,0
4766,43,"25to30",171,3,3,1,1,0,0,0,1,0
4767,31,"15to18",168,4,4,2,1,0,0,0,1,0
4768,35,"20to22",177,3,3,2,1,0,0,0,1,0
4769,36,"20to22",196,3,3,2,1,0,0,0,1,0
4770,37,"15to18",237,2,2,1,1,0,0,0,1,0
4771,25,"15to18",93,4,4,1,1,0,0,0,1,0
4772,22,"20to22",10,0,0,0,1,0,0,0,1,0
4773,42,"25to30",182,2,2,2,0,0,0,0,1,0
4774,23,"20to22",25,1,1,0,1,0,0,0,1,0
4775,44,"18to20",318,3,3,3,0,0,0,0,1,0
4776,44,"15to18",88,1,1,1,1,0,0,0,1,0
4777,38,"18to20",218,1,1,1,1,0,0,0,1,0
4778,46,"20to22",309,0,0,0,0,0,0,0,1,0
4779,48,"25to30",259,1,1,1,1,0,0,0,1,0
4780,45,"25to30",244,6,6,4,0,0,0,0,1,0
4781,45,"20to22",288,3,3,0,1,0,0,0,1,0
4782,41,"22to25",223,1,1,0,1,0,0,0,1,0
4783,47,"18to20",253,3,3,2,1,0,0,0,1,0
4784,41,"20to22",251,2,2,1,0,0,0,0,1,0
4785,46,"25to30",242,0,0,0,1,0,0,0,1,0
4786,37,"20to22",190,2,2,2,1,0,0,0,1,0
4787,48,"15to18",380,3,3,2,0,0,0,0,1,0
4788,34,"20to22",174,1,1,0,1,0,0,0,1,0
4789,34,"22to25",118,2,2,2,1,0,0,0,1,0
4790,46,"18to20",336,2,2,1,0,0,0,0,1,0
4791,16,"15to18",10,1,1,0,1,0,0,0,1,0
4792,29,"22to25",74,1,1,0,1,0,0,0,1,0
4793,33,"22to25",128,0,0,0,1,0,0,0,1,0
4794,45,"20to22",296,2,2,1,0,0,0,0,1,0
4795,25,"22to25",34,1,1,1,1,0,0,0,1,0
4796,49,"15to18",398,6,6,3,1,0,0,0,1,0
4797,42,"18to20",297,7,7,4,0,0,0,0,1,0
4798,49,"18to20",358,2,2,2,1,0,0,0,1,0
4799,46,"30toInf",58,0,0,0,1,0,0,0,1,0
4800,36,"22to25",153,2,2,2,0,0,0,0,1,0
4801,36,"25to30",80,1,1,1,1,0,0,0,1,0
4802,47,"18to20",333,1,1,0,1,0,0,0,1,0
4803,42,"22to25",249,2,2,2,1,0,0,0,1,0
4804,45,"20to22",302,1,1,1,1,0,0,0,1,0
4805,47,"18to20",345,2,2,0,0,0,0,0,1,0
4806,19,"18to20",10,0,0,0,1,0,0,0,1,0
4807,36,"22to25",164,3,3,3,1,0,0,0,1,0
4808,32,"25to30",86,2,2,1,1,0,0,0,1,0
4809,41,"22to25",217,3,3,2,1,0,0,0,1,0
4810,37,"30toInf",80,1,1,0,1,0,0,0,1,0
4811,26,"18to20",93,2,2,2,1,0,0,0,1,0
4812,38,"18to20",225,1,1,1,1,0,0,0,1,0
4813,40,"20to22",242,4,4,2,0,0,0,0,1,0
4814,46,"22to25",266,2,2,1,0,0,0,0,1,0
4815,49,"25to30",261,2,2,1,1,0,0,0,1,0
4816,36,"20to22",177,2,2,1,1,0,0,0,1,0
4817,41,"22to25",202,2,2,2,1,0,0,0,1,0
4818,34,"22to25",140,1,1,0,1,0,0,0,1,0
4819,35,"22to25",161,2,2,2,1,1,0,0,0,0
4820,29,"22to25",81,2,1,1,1,1,0,0,0,0
4821,34,"18to20",179,2,2,1,1,1,0,0,0,0
4822,37,"25to30",104,2,2,0,1,1,0,0,0,0
4823,46,"18to20",333,3,3,1,0,1,0,0,0,0
4824,27,"20to22",89,1,1,0,1,1,0,0,0,0
4825,38,"22to25",161,1,1,0,1,1,0,0,0,0
4826,43,"25to30",204,1,1,0,1,1,0,0,0,0
4827,29,"22to25",74,1,1,1,1,0,0,0,1,0
4828,24,"18to20",70,2,2,1,1,1,0,0,0,0
4829,20,"18to20",15,0,0,0,1,0,0,0,1,0
4830,47,"30toInf",200,2,2,1,0,1,0,0,0,0
4831,22,"20to22",25,1,1,0,1,1,0,0,0,0
4832,32,"22to25",128,1,1,1,1,1,0,0,0,0
4833,49,"22to25",305,2,2,1,1,1,0,0,0,0
4834,31,"25to30",68,3,3,2,1,0,0,0,1,0
4835,34,"18to20",181,2,2,1,1,0,0,0,1,0
4836,38,"18to20",230,4,4,2,1,0,0,0,1,0
4837,27,"20to22",87,1,1,1,1,0,0,0,1,0
4838,48,"18to20",359,2,2,1,0,0,0,0,1,0
4839,20,"18to20",12,1,1,1,1,0,0,0,1,0
4840,25,"18to20",70,2,2,0,1,0,0,0,1,0
4841,25,"15to18",89,3,3,2,1,0,0,0,1,0
4842,45,"15to18",355,4,4,2,0,0,0,0,1,0
4843,42,"30toInf",121,2,2,0,1,0,0,0,1,0
4844,21,"15to18",54,2,2,1,1,0,0,0,1,0
4845,18,"0to15",46,3,3,1,1,0,0,0,1,0
4846,33,"25to30",83,3,3,1,1,0,0,0,1,0
4847,43,"22to25",236,2,2,1,0,0,0,0,1,0
4848,49,"25to30",249,2,2,0,0,0,0,0,1,0
4849,18,"18to20",9,0,0,0,1,0,0,0,1,0
4850,39,"20to22",223,2,2,2,1,0,0,0,1,0
4851,28,"22to25",69,1,1,0,1,0,0,0,1,0
4852,39,"25to30",176,2,2,2,1,0,0,0,1,0
4853,39,"25to30",152,2,2,1,0,0,0,0,1,0
4854,40,"20to22",236,1,1,1,1,0,0,0,1,0
4855,42,"22to25",241,1,1,1,1,0,0,0,1,0
4856,40,"20to22",235,2,2,2,1,0,0,0,1,0
4857,29,"22to25",93,1,1,0,1,0,0,0,1,0
4858,37,"25to30",120,1,1,1,1,0,1,0,0,0
4859,46,"22to25",285,2,2,2,1,0,1,0,0,0
4860,35,"20to22",180,2,2,0,1,0,1,0,0,0
4861,45,"22to25",246,2,2,2,1,0,1,0,0,0
4862,45,"25to30",226,3,3,2,1,0,1,0,0,0
4863,45,"18to20",308,1,1,0,1,0,1,0,0,0
4864,40,"15to18",277,2,2,1,1,0,1,0,0,0
4865,24,"15to18",110,3,3,2,1,0,1,0,0,0
4866,39,"18to20",151,2,2,1,1,0,1,0,0,0
4867,25,"20to22",69,2,1,1,1,0,1,0,0,0
4868,24,"20to22",51,1,1,1,1,0,1,0,0,0
4869,30,"25to30",58,2,2,2,1,0,1,0,0,0
4870,29,"25to30",45,1,1,0,1,0,1,0,0,0
4871,26,"22to25",47,1,1,1,1,0,1,0,0,0
4872,25,"18to20",71,2,1,1,1,0,1,0,0,0
4873,27,"22to25",46,1,1,0,1,0,1,0,0,0
4874,39,"20to22",224,2,2,0,1,0,1,0,0,0
4875,21,"20to22",9,0,0,0,1,0,1,0,0,0
4876,24,"20to22",42,1,1,1,1,0,1,0,0,0
4877,18,"15to18",14,0,0,0,1,0,1,0,0,0
4878,33,"25to30",67,2,2,2,1,0,1,0,0,0
4879,31,"22to25",87,2,2,1,1,0,1,0,0,0
4880,43,"25to30",214,1,1,1,1,0,1,0,0,0
4881,26,"20to22",60,2,2,1,1,0,1,0,0,0
4882,30,"25to30",59,1,1,1,1,0,1,0,0,0
4883,46,"25to30",225,0,0,0,1,0,1,0,0,0
4884,27,"22to25",58,2,2,1,1,0,1,0,0,0
4885,26,"20to22",72,2,2,2,1,0,1,0,0,0
4886,48,"30toInf",173,1,1,1,1,0,1,0,0,0
4887,35,"22to25",149,1,1,1,1,0,1,0,0,0
4888,27,"22to25",54,2,1,1,1,0,1,0,0,0
4889,25,"20to22",58,3,2,1,1,0,1,0,0,0
4890,35,"25to30",91,2,2,2,1,0,1,0,0,0
4891,32,"20to22",144,4,4,2,1,0,1,0,0,0
4892,26,"22to25",34,1,1,1,1,0,1,0,0,0
4893,30,"25to30",33,4,4,3,1,0,1,0,0,0
4894,41,"25to30",177,2,2,2,1,0,1,0,0,0
4895,41,"25to30",162,1,1,1,1,0,1,0,0,0
4896,42,"20to22",269,5,5,0,1,0,1,0,0,0
4897,36,"25to30",116,2,2,2,1,0,1,0,0,0
4898,26,"22to25",57,1,1,1,1,0,1,0,0,0
4899,29,"22to25",80,1,1,0,1,0,1,0,0,0
4900,37,"25to30",143,2,2,0,1,0,1,0,0,0
4901,49,"30toInf",221,4,4,1,1,0,1,0,0,0
4902,38,"20to22",195,2,2,0,1,0,1,0,0,0
4903,34,"20to22",174,1,1,0,1,0,1,0,0,0
4904,34,"22to25",114,2,2,0,1,0,1,0,0,0
4905,40,"25to30",170,1,1,0,1,0,1,0,0,0
4906,35,"18to20",215,3,3,2,1,0,1,0,0,0
4907,47,"22to25",280,3,3,1,1,0,1,0,0,0
4908,48,"15to18",376,4,4,3,1,0,1,0,0,0
4909,17,"15to18",10,0,0,0,1,0,1,0,0,0
4910,37,"22to25",185,3,3,2,1,0,1,0,0,0
4911,36,"18to20",207,2,2,1,1,0,1,0,0,0
4912,43,"22to25",84,4,4,2,1,0,1,0,0,0
4913,36,"18to20",215,7,6,4,0,0,1,0,0,0
4914,44,"20to22",275,2,2,1,1,0,1,0,0,0
4915,32,"15to18",188,2,2,2,1,0,1,0,0,0
4916,44,"18to20",301,2,2,1,1,0,1,0,0,0
4917,34,"18to20",195,2,2,0,1,0,1,0,0,0
4918,40,"18to20",261,6,6,3,1,0,1,0,0,0
4919,48,"25to30",281,3,3,1,0,0,1,0,0,0
4920,36,"20to22",179,3,3,2,1,0,1,0,0,0
4921,33,"20to22",151,3,3,2,1,0,1,0,0,0
4922,37,"22to25",177,3,3,1,0,0,1,0,0,0
4923,46,"20to22",298,1,1,0,1,0,1,0,0,0
4924,49,"15to18",382,3,3,0,0,0,1,0,0,0
4925,21,"18to20",24,1,1,1,1,0,1,0,0,0
4926,40,"15to18",201,3,3,3,1,0,1,0,0,0
4927,48,"25to30",272,2,2,2,0,0,1,0,0,0
4928,47,"22to25",293,3,3,0,1,0,1,0,0,0
4929,35,"22to25",139,3,3,1,1,0,1,0,0,0
4930,45,"22to25",245,3,3,3,1,0,1,0,0,0
4931,45,"20to22",297,2,2,2,0,0,1,0,0,0
4932,34,"22to25",144,1,1,0,1,0,1,0,0,0
4933,40,"20to22",247,3,3,0,1,0,1,0,0,0
4934,41,"20to22",223,2,2,2,1,0,1,0,0,0
4935,23,"18to20",51,1,1,1,1,0,1,0,0,0
4936,34,"20to22",167,3,3,0,1,0,1,0,0,0
4937,34,"25to30",89,3,3,0,1,0,0,0,1,0
4938,41,"22to25",157,1,1,1,1,0,0,0,1,0
4939,43,"30toInf",36,0,0,0,0,0,0,0,1,0
4940,49,"25to30",288,1,1,1,0,0,0,0,1,0
4941,37,"15to18",236,0,0,0,1,0,0,0,1,0
4942,38,"15to18",264,1,1,1,0,0,0,0,1,0
4943,34,"18to20",46,2,2,1,0,0,0,0,1,0
4944,24,"22to25",32,1,1,0,1,0,0,0,1,0
4945,44,"18to20",206,1,1,0,1,0,0,0,1,0
4946,48,"25to30",269,4,4,2,1,0,0,0,1,0
4947,22,"20to22",22,2,2,1,1,0,0,0,1,0
4948,43,"22to25",229,3,3,2,0,0,0,0,1,0
4949,33,"22to25",115,3,3,2,1,0,0,0,1,0
4950,44,"20to22",279,3,3,1,0,0,0,0,1,0
4951,48,"25to30",238,1,1,1,1,0,0,0,1,0
4952,36,"25to30",123,2,3,1,1,0,0,0,1,0
4953,40,"20to22",236,2,2,1,1,0,0,0,1,0
4954,44,"18to20",300,4,4,1,0,0,0,0,1,0
4955,21,"18to20",36,2,2,0,1,0,0,0,1,0
4956,43,"20to22",282,4,4,3,1,0,0,0,1,0
4957,23,"18to20",50,0,0,0,1,0,0,0,1,0
4958,27,"25to30",20,1,1,1,1,0,0,0,1,0
4959,32,"18to20",172,0,0,0,1,0,0,0,1,0
4960,29,"22to25",63,1,1,0,0,0,0,0,1,0
4961,49,"22to25",297,1,1,1,1,0,0,0,1,0
4962,34,"20to22",164,2,2,1,1,0,0,0,1,0
4963,31,"22to25",102,3,3,1,1,0,0,0,1,0
4964,39,"18to20",237,2,2,2,1,0,0,0,1,0
4965,45,"25to30",227,2,2,1,1,0,0,0,1,0
4966,27,"18to20",110,1,2,2,1,0,0,0,1,0
4967,33,"18to20",179,5,5,3,1,0,0,0,1,0
4968,43,"25to30",216,2,2,0,1,0,0,0,1,0
4969,43,"22to25",246,5,5,4,1,0,0,0,1,0
4970,22,"20to22",14,1,1,1,1,0,0,0,1,0
4971,48,"30toInf",184,2,2,1,1,0,0,0,1,0
4972,33,"30toInf",16,1,1,1,1,0,0,0,1,0
4973,48,"18to20",356,2,2,1,1,0,0,0,1,0
4974,27,"22to25",38,2,1,1,1,0,0,0,1,0
4975,32,"22to25",117,3,3,1,1,0,0,0,1,0
4976,24,"0to15",120,2,2,0,1,0,0,0,1,0
4977,43,"22to25",237,2,2,2,1,0,0,0,1,0
4978,44,"18to20",308,2,2,0,0,0,0,0,1,0
4979,21,"18to20",27,1,1,0,1,0,0,0,1,0
4980,41,"22to25",223,2,2,1,1,0,0,0,1,0
4981,23,"15to18",96,1,1,1,1,0,0,0,1,0
4982,49,"22to25",322,2,2,0,1,0,0,0,1,0
4983,25,"15to18",115,2,2,0,1,0,0,0,1,0
4984,36,"18to20",197,1,1,0,1,0,0,0,1,0
4985,47,"25to30",249,2,2,1,0,0,0,0,1,0
4986,38,"18to20",223,1,1,0,1,0,0,0,1,0
4987,24,"18to20",74,1,1,0,1,0,0,0,1,0
4988,38,"18to20",232,2,2,1,1,0,0,0,1,0
4989,41,"15to18",297,4,4,3,1,0,0,0,1,0
4990,46,"22to25",276,3,3,2,0,0,0,0,1,0
4991,28,"22to25",61,1,1,1,1,0,0,0,1,0
4992,26,"18to20",87,2,2,2,1,0,0,0,1,0
4993,22,"18to20",49,1,1,0,1,0,0,0,1,0
4994,42,"20to22",215,7,7,5,1,0,0,0,1,0
4995,43,"25to30",186,3,3,3,1,0,0,0,1,0
4996,40,"18to20",244,9,10,4,0,0,0,0,1,0
4997,36,"25to30",111,3,3,2,1,0,0,0,1,0
4998,43,"25to30",216,1,1,0,1,0,0,0,1,0
4999,47,"25to30",266,3,3,2,1,0,0,0,1,0
5000,25,"18to20",74,1,1,1,1,0,0,0,1,0
5001,45,"22to25",272,2,2,0,0,0,0,0,1,0
5002,38,"20to22",213,2,2,2,1,0,0,0,1,0
5003,22,"15to18",58,2,2,2,1,0,0,0,1,0
5004,48,"25to30",251,3,3,2,1,0,0,0,1,0
5005,39,"25to30",157,3,3,1,1,0,0,0,1,0
5006,48,"22to25",283,2,2,0,1,0,0,0,1,0
5007,19,"0to15",59,1,1,1,1,0,0,0,1,0
5008,43,"18to20",302,2,2,1,1,0,0,0,1,0
5009,19,"18to20",4,0,0,0,1,0,0,0,1,0
5010,41,"25to30",178,2,2,1,0,0,0,0,1,0
5011,34,"18to20",201,1,1,1,1,0,0,0,1,0
5012,48,"18to20",341,1,1,1,0,0,0,0,1,0
5013,35,"15to18",216,2,2,1,1,0,0,0,1,0
5014,34,"25to30",33,1,1,1,1,0,0,0,1,0
5015,47,"18to20",349,4,4,3,1,0,0,0,1,0
5016,46,"22to25",271,2,2,0,0,0,0,0,1,0
5017,33,"22to25",133,5,5,2,1,0,0,0,1,0
5018,42,"20to22",265,1,1,1,0,0,0,0,1,0
5019,37,"25to30",139,1,1,0,1,0,0,0,1,0
5020,36,"22to25",152,2,2,0,1,0,0,0,1,0
5021,22,"20to22",28,0,0,0,1,0,0,0,1,0
5022,23,"20to22",22,1,1,0,1,0,0,0,1,0
5023,42,"30toInf",81,2,2,1,0,0,0,0,1,0
5024,31,"22to25",80,1,1,1,1,0,0,0,1,0
5025,27,"15to18",126,3,3,3,1,0,0,0,1,0
5026,34,"22to25",119,2,2,1,1,0,0,0,1,0
5027,44,"25to30",188,3,3,2,0,0,0,0,1,0
5028,22,"15to18",70,1,1,1,1,0,0,0,1,0
5029,30,"18to20",133,0,0,0,1,0,0,0,1,0
5030,45,"22to25",250,2,2,1,0,0,0,0,1,0
5031,27,"18to20",100,1,1,1,1,0,0,0,1,0
5032,30,"20to22",114,2,2,2,1,0,0,0,1,0
5033,25,"15to18",94,2,2,0,1,0,0,0,1,0
5034,36,"22to25",154,5,5,2,1,0,0,0,1,0
5035,40,"20to22",136,4,5,0,1,0,0,0,1,0
5036,33,"15to18",212,2,2,2,1,0,0,0,1,0
5037,20,"15to18",51,2,2,0,1,0,0,0,1,0
5038,22,"15to18",48,2,2,1,1,0,0,0,1,0
5039,30,"18to20",130,2,2,1,0,0,0,0,1,0
5040,34,"18to20",170,4,4,2,1,0,0,0,1,0
5041,45,"22to25",251,5,5,2,0,0,0,0,1,0
5042,40,"22to25",218,6,6,2,0,0,0,0,1,0
5043,34,"0to15",264,3,3,3,1,0,0,0,1,0
5044,41,"20to22",250,3,3,2,0,0,0,0,1,0
5045,33,"22to25",113,2,2,1,1,0,0,0,1,0
5046,23,"15to18",75,2,2,1,1,0,0,0,1,0
5047,47,"25to30",265,0,0,0,1,0,0,0,1,0
5048,33,"25to30",68,1,1,1,1,0,0,0,1,0
5049,44,"18to20",298,3,3,1,1,0,0,0,1,0
5050,48,"22to25",284,2,2,1,0,0,0,0,1,0
5051,45,"22to25",261,4,4,4,0,0,0,0,1,0
5052,45,"25to30",235,3,3,0,1,0,0,0,1,0
5053,32,"22to25",107,2,2,2,1,0,0,0,1,0
5054,30,"22to25",89,2,2,1,1,0,0,0,1,0
5055,36,"30toInf",69,0,0,0,0,0,0,0,1,0
5056,48,"22to25",307,1,1,1,1,0,0,0,1,0
5057,27,"18to20",87,2,2,1,1,0,0,0,1,0
5058,31,"15to18",167,4,4,3,0,0,0,0,1,0
5059,29,"25to30",58,2,2,0,1,0,0,0,1,0
5060,35,"22to25",139,6,6,6,1,0,0,0,1,0
5061,43,"30toInf",102,1,1,0,0,0,0,0,1,0
5062,43,"25to30",213,1,1,1,0,0,0,0,1,0
5063,41,"20to22",249,2,2,1,1,0,0,0,1,0
5064,39,"25to30",134,2,2,2,1,0,0,0,1,0
5065,34,"22to25",123,2,2,0,1,0,0,0,1,0
5066,34,"22to25",122,1,1,1,1,0,0,0,1,0
5067,34,"30toInf",54,1,1,0,1,0,0,0,1,0
5068,46,"20to22",312,2,2,1,0,0,0,0,1,0
5069,32,"22to25",126,3,3,2,1,0,0,0,1,0
5070,47,"22to25",301,1,1,0,1,0,0,0,1,0
5071,48,"22to25",317,2,2,2,1,0,0,0,1,0
5072,47,"20to22",309,2,2,2,1,0,0,0,1,0
5073,29,"25to30",44,1,1,0,1,0,0,0,1,0
5074,28,"22to25",58,1,1,0,1,0,0,0,1,0
5075,45,"25to30",201,2,2,2,0,0,0,0,1,0
5076,20,"18to20",13,1,1,0,1,0,0,0,1,0
5077,34,"22to25",122,1,1,1,1,0,0,0,1,0
5078,44,"20to22",282,5,5,4,0,0,0,0,1,0
5079,48,"22to25",295,3,3,2,0,0,0,0,1,0
5080,43,"25to30",182,2,2,2,1,0,1,0,0,0
5081,48,"25to30",265,3,3,2,1,0,1,0,0,0
5082,46,"25to30",244,2,2,2,1,0,1,0,0,0
5083,33,"25to30",73,1,1,1,1,0,0,0,1,0
5084,46,"22to25",287,3,3,1,1,0,1,0,0,0
5085,21,"18to20",39,2,2,1,1,0,1,0,0,0
5086,25,"22to25",37,1,1,1,1,0,1,0,0,0
5087,44,"20to22",282,2,2,2,1,0,1,0,0,0
5088,44,"25to30",200,1,1,1,1,0,1,0,0,0
5089,49,"25to30",252,1,2,2,1,0,1,0,0,0
5090,48,"25to30",227,1,1,0,1,0,1,0,0,0
5091,27,"22to25",52,1,1,1,1,0,1,0,0,0
5092,46,"25to30",207,2,2,1,1,0,1,0,0,0
5093,37,"25to30",125,1,1,0,1,0,0,0,1,0
5094,32,"20to22",133,1,1,0,1,0,0,0,1,0
5095,40,"15to18",278,1,1,1,1,0,0,0,1,0
5096,21,"18to20",38,1,1,0,1,0,0,0,1,0
5097,36,"22to25",153,2,2,1,1,0,0,0,1,0
5098,48,"20to22",316,3,3,1,0,0,0,0,1,0
5099,23,"20to22",21,1,1,0,1,0,0,0,1,0
5100,36,"22to25",174,0,0,0,1,0,0,0,1,0
5101,45,"20to22",284,2,2,0,1,0,0,0,1,0
5102,43,"20to22",258,6,6,3,1,0,0,0,1,0
5103,49,"25to30",274,2,2,2,0,0,0,0,1,0
5104,43,"20to22",269,3,3,2,1,0,0,0,1,0
5105,48,"22to25",305,3,3,2,1,0,0,0,1,0
5106,26,"20to22",55,2,1,1,1,0,0,0,1,0
5107,31,"18to20",154,1,1,0,1,0,0,0,1,0
5108,40,"20to22",234,0,0,0,1,0,0,0,1,0
5109,34,"20to22",158,3,3,2,1,0,0,0,1,0
5110,48,"22to25",302,2,2,1,1,0,0,0,1,0
5111,25,"20to22",55,2,2,1,1,0,0,0,1,0
5112,46,"20to22",307,0,0,0,1,0,0,0,1,0
5113,48,"30toInf",177,2,2,1,1,0,0,0,1,0
5114,38,"20to22",218,3,3,2,1,0,0,0,1,0
5115,40,"25to30",157,1,1,0,1,0,0,0,1,0
5116,45,"20to22",300,3,3,2,1,0,0,0,1,0
5117,21,"20to22",6,1,0,0,1,0,0,0,1,0
5118,24,"20to22",47,1,1,0,1,0,0,0,1,0
5119,48,"22to25",308,3,3,0,1,0,0,0,1,0
5120,26,"18to20",84,1,1,0,1,0,0,0,1,0
5121,47,"25to30",93,2,2,1,1,0,0,0,1,0
5122,30,"20to22",110,2,2,1,1,0,0,0,1,0
5123,20,"18to20",8,1,0,0,1,0,0,0,1,0
5124,37,"22to25",169,3,2,1,1,0,0,0,1,0
5125,31,"25to30",74,1,1,1,1,0,0,0,1,0
5126,48,"22to25",309,2,2,1,1,0,0,0,1,0
5127,34,"20to22",173,2,2,2,1,0,0,0,1,0
5128,42,"20to22",256,2,2,1,1,0,0,0,1,0
5129,22,"18to20",36,0,0,0,1,0,0,0,1,0
5130,44,"20to22",287,3,3,2,0,0,0,0,1,0
5131,32,"22to25",117,2,2,2,1,0,0,0,1,0
5132,39,"20to22",220,2,2,2,1,0,0,0,1,0
5133,32,"15to18",122,2,2,0,1,0,0,0,1,0
5134,25,"15to18",102,1,1,1,1,0,0,0,1,0
5135,46,"22to25",265,2,2,1,1,0,0,0,1,0
5136,38,"18to20",232,3,3,0,1,0,0,0,1,0
5137,48,"20to22",316,3,3,1,1,0,0,0,1,0
5138,17,"15to18",5,0,0,0,1,0,0,0,1,0
5139,32,"20to22",149,1,1,1,1,0,0,0,1,0
5140,34,"15to18",203,2,2,1,1,0,0,0,1,0
5141,36,"22to25",137,2,2,1,1,0,0,0,1,0
5142,26,"15to18",92,1,1,1,1,0,0,0,1,0
5143,25,"22to25",27,1,1,0,1,0,0,0,1,0
5144,28,"20to22",98,2,2,0,1,0,0,0,1,0
5145,24,"20to22",46,2,1,1,1,0,0,0,1,0
5146,26,"18to20",98,1,1,0,1,0,0,0,1,0
5147,21,"20to22",11,1,0,0,1,0,0,0,1,0
5148,33,"20to22",138,2,2,1,1,0,0,0,1,0
