"age","monthsSinceM","pregnancies","children","sons","literacy","ageMarried_15_18","ageMarried_18_20","ageMarried_20_22","ageMarried_22_25","ageMarried_25_30","ageMarried_30_plus","region_10_20k","region_20k_plus","region_lisbon","region_lt10k","region_porto"
43,242,3,3,2,1,0,0,0,1,0,0,0,0,0,1,0
32,124,1,1,0,1,0,0,0,1,0,0,0,0,0,1,0
22,59,1,1,1,1,1,0,0,0,0,0,0,0,0,1,0
28,63,1,1,0,1,0,0,0,1,0,0,0,0,0,1,0
30,169,2,2,2,1,1,0,0,0,0,0,0,0,0,1,0
37,226,2,2,1,1,0,1,0,0,0,0,0,0,0,1,0
41,266,14,15,8,0,0,1,0,0,0,0,0,0,0,1,0
44,315,1,1,0,1,0,1,0,0,0,0,0,0,0,1,0
46,239,1,1,0,0,0,0,0,0,1,0,0,0,0,1,0
21,30,1,1,0,1,0,1,0,0,0,0,0,0,0,1,0
42,251,1,1,1,1,0,0,1,0,0,0,0,0,0,1,0
49,351,2,2,1,0,0,0,1,0,0,0,0,0,0,1,0
23,31,0,0,0,1,0,0,1,0,0,0,0,0,0,1,0
28,73,1,1,0,1,0,0,0,1,0,0,0,0,0,1,0
24,74,2,2,1,1,0,1,0,0,0,0,0,0,0,1,0
40,197,2,2,2,0,0,0,0,1,0,0,0,0,0,1,0
32,146,2,2,0,1,0,0,1,0,0,0,0,0,0,1,0
17,16,1,1,1,0,1,0,0,0,0,0,0,0,0,1,0
26,81,2,2,1,1,0,1,0,0,0,0,0,0,0,1,0
40,233,1,1,1,0,0,0,1,0,0,0,0,0,0,1,0
34,123,2,2,1,1,0,0,0,1,0,0,0,0,0,1,0
41,209,3,3,1,1,0,0,0,1,0,0,0,0,0,1,0
46,311,3,3,2,1,0,0,1,0,0,0,0,0,0,1,0
18,16,1,1,0,1,1,0,0,0,0,0,0,0,0,1,0
43,285,2,2,1,1,0,0,1,0,0,0,0,0,0,1,0
45,270,1,1,0,1,0,0,0,1,0,0,0,0,0,1,0
48,347,2,2,1,1,0,1,0,0,0,0,0,0,0,1,0
39,241,3,3,2,1,0,1,0,0,0,0,0,0,0,1,0
35,159,2,2,1,1,0,0,0,1,0,0,0,0,0,1,0
27,18,1,1,0,1,0,0,0,0,1,0,0,0,0,1,0
38,99,2,2,1,1,0,0,0,0,0,1,0,0,0,1,0
36,209,0,0,0,1,0,1,0,0,0,0,0,0,0,1,0
45,273,3,3,2,1,0,0,0,1,0,0,0,0,0,1,0
24,1,0,0,0,1,0,0,0,1,0,0,0,0,0,1,0
30,132,2,2,0,1,0,1,0,0,0,0,0,0,0,1,0
43,292,3,3,1,1,1,0,0,0,0,0,0,0,0,1,0
30,64,1,1,1,1,0,0,0,0,1,0,0,0,0,1,0
47,329,3,3,3,1,0,1,0,0,0,0,0,0,0,1,0
41,195,2,2,1,1,0,0,0,0,1,0,0,0,0,1,0
30,74,2,2,1,1,0,0,0,1,0,0,0,0,0,1,0
32,126,1,1,1,1,0,0,0,1,0,0,0,0,0,1,0
39,240,2,2,1,1,0,1,0,0,0,0,0,0,0,1,0
43,162,3,3,2,1,0,0,0,1,0,0,0,0,0,1,0
46,303,1,1,0,0,0,0,1,0,0,0,0,1,0,0,0
24,22,0,0,0,1,0,0,0,1,0,0,0,1,0,0,0
39,184,2,2,1,1,0,0,0,1,0,0,0,1,0,0,0
38,191,2,2,2,1,0,0,0,1,0,0,0,1,0,0,0
40,219,2,2,2,1,0,0,0,1,0,0,0,1,0,0,0
37,209,3,3,3,1,1,0,0,0,0,0,0,1,0,0,0
41,297,5,5,3,0,1,0,0,0,0,0,0,1,0,0,0
42,258,2,2,2,1,0,0,1,0,0,0,0,1,0,0,0
43,135,2,2,2,1,0,0,0,0,0,1,0,1,0,0,0
40,145,2,2,1,1,0,0,0,0,1,0,0,1,0,0,0
40,238,1,1,1,1,0,0,1,0,0,0,0,1,0,0,0
31,163,1,1,1,1,0,1,0,0,0,0,0,1,0,0,0
37,193,2,2,1,1,0,0,1,0,0,0,0,1,0,0,0
26,97,2,2,0,1,1,0,0,0,0,0,0,1,0,0,0
31,123,3,3,3,1,0,0,1,0,0,0,0,1,0,0,0
26,22,0,0,0,1,0,0,0,0,1,0,0,1,0,0,0
22,43,1,1,1,1,0,1,0,0,0,0,0,1,0,0,0
33,84,2,2,1,1,0,0,0,0,1,0,0,1,0,0,0
29,99,1,1,1,1,0,0,1,0,0,0,0,1,0,0,0
37,151,2,2,1,0,0,0,0,0,1,0,0,1,0,0,0
41,168,1,1,0,1,0,0,0,0,1,0,0,1,0,0,0
38,207,2,2,0,1,0,0,1,0,0,0,0,1,0,0,0
29,176,2,2,1,1,0,0,0,0,0,0,0,1,0,0,0
37,220,3,3,0,1,0,1,0,0,0,0,0,1,0,0,0
46,207,1,1,1,1,0,0,0,0,1,0,0,1,0,0,0
21,70,1,1,1,1,1,0,0,0,0,0,0,1,0,0,0
49,367,3,3,2,1,0,1,0,0,0,0,0,1,0,0,0
36,225,1,1,0,1,1,0,0,0,0,0,0,0,0,1,0
27,95,1,1,1,1,1,0,0,0,0,0,0,0,0,1,0
24,55,3,3,1,1,0,0,1,0,0,0,0,0,0,1,0
32,189,2,2,2,1,1,0,0,0,0,0,0,0,0,1,0
15,11,1,1,0,1,0,0,0,0,0,0,0,0,0,1,0
36,239,2,2,0,1,1,0,0,0,0,0,0,0,0,1,0
28,77,1,1,1,1,0,0,0,1,0,0,0,1,0,0,0
48,234,1,1,1,0,0,0,0,0,1,0,0,1,0,0,0
44,295,1,1,1,1,0,1,0,0,0,0,0,1,0,0,0
43,274,2,2,2,0,0,0,1,0,0,0,0,1,0,0,0
46,229,1,1,0,1,0,0,0,0,1,0,0,1,0,0,0
26,50,1,1,1,1,0,0,0,1,0,0,0,1,0,0,0
26,65,1,1,1,1,0,0,1,0,0,0,0,1,0,0,0
40,175,1,1,1,0,0,0,1,0,0,0,0,1,0,0,0
23,48,1,1,1,1,0,1,0,0,0,0,0,1,0,0,0
28,57,1,1,1,1,0,0,0,1,0,0,0,1,0,0,0
33,223,2,2,1,1,1,0,0,0,0,0,0,1,0,0,0
27,123,2,2,1,1,1,0,0,0,0,0,0,1,0,0,0
23,42,2,2,1,1,0,0,1,0,0,0,0,0,0,1,0
21,48,2,3,1,1,1,0,0,0,0,0,0,0,0,1,0
22,52,3,2,2,1,0,1,0,0,0,0,0,0,0,1,0
20,19,1,1,0,1,0,1,0,0,0,0,0,0,0,1,0
25,38,0,0,0,1,0,0,0,1,0,0,0,0,0,1,0
28,42,0,0,0,1,0,0,0,1,0,0,0,0,0,1,0
48,256,1,1,0,0,0,0,0,0,1,0,0,0,0,1,0
33,199,2,2,1,0,1,0,0,0,0,0,0,0,0,1,0
34,240,5,5,4,1,0,0,0,0,0,0,0,0,0,1,0
46,312,1,1,0,1,0,0,1,0,0,0,0,0,0,1,0
42,207,2,2,0,1,0,0,0,1,0,0,0,0,0,1,0
32,205,4,4,2,1,1,0,0,0,0,0,0,0,0,1,0
46,222,1,1,1,1,0,0,0,0,1,0,0,0,0,1,0
33,109,2,2,1,1,0,0,0,1,0,0,0,0,0,1,0
37,227,2,2,2,1,0,1,0,0,0,0,0,0,0,1,0
28,73,0,0,0,1,0,0,0,1,0,0,0,0,0,1,0
27,4,0,0,0,1,0,0,0,0,1,0,0,0,0,1,0
42,291,1,1,0,1,0,1,0,0,0,0,0,0,0,1,0
33,103,1,1,0,1,0,0,0,1,0,0,0,0,0,1,0
22,48,2,2,2,1,0,1,0,0,0,0,0,0,0,1,0
24,50,1,0,0,1,0,1,0,0,0,0,0,0,0,1,0
24,57,2,2,2,1,0,1,0,0,0,0,0,0,0,1,0
35,202,6,5,2,1,0,1,0,0,0,0,0,0,0,1,0
46,257,2,2,1,1,0,0,0,1,0,0,0,0,0,1,0
23,17,1,1,0,1,0,0,0,1,0,0,0,0,0,1,0
36,222,4,4,1,1,1,0,0,0,0,0,0,0,0,1,0
23,69,2,2,1,1,1,0,0,0,0,0,0,0,0,1,0
33,154,1,1,1,1,0,0,1,0,0,0,0,0,0,1,0
30,102,1,1,1,1,0,0,1,0,0,0,0,0,0,1,0
28,46,1,1,0,1,0,0,0,0,1,0,0,0,0,1,0
32,66,1,1,0,1,0,0,0,0,1,0,0,0,0,1,0
33,133,1,1,1,1,0,0,0,1,0,0,0,0,0,1,0
41,270,9,9,6,1,0,1,0,0,0,0,0,0,0,1,0
37,54,0,0,0,1,0,0,0,0,0,1,0,0,0,1,0
35,135,3,3,2,0,0,0,0,1,0,0,0,0,0,1,0
25,117,3,3,1,1,1,0,0,0,0,0,0,0,0,1,0
34,119,5,4,1,0,0,0,0,1,0,0,0,0,0,1,0
37,231,3,3,1,1,0,1,0,0,0,0,0,0,0,1,0
39,229,2,2,1,1,0,0,1,0,0,0,0,0,0,1,0
29,173,3,3,2,1,1,0,0,0,0,0,0,0,0,1,0
24,125,3,3,2,1,0,0,0,0,0,0,0,0,0,1,0
30,100,2,2,1,1,0,0,1,0,0,0,0,0,0,1,0
29,77,1,1,0,1,0,0,0,1,0,0,0,0,0,1,0
28,127,1,1,1,1,0,1,0,0,0,0,0,0,0,1,0
39,242,4,4,2,1,0,1,0,0,0,0,0,0,0,1,0
32,144,3,3,1,1,0,0,1,0,0,0,0,0,0,1,0
30,64,1,1,1,1,0,0,0,1,0,0,0,0,0,1,0
34,117,2,2,1,1,0,0,0,1,0,0,0,0,0,1,0
33,166,0,0,0,1,0,1,0,0,0,0,0,0,0,1,0
37,248,1,1,1,1,1,0,0,0,0,0,0,0,0,1,0
41,193,2,2,2,1,0,0,0,0,1,0,0,0,0,1,0
30,93,2,2,0,1,0,0,0,1,0,0,0,0,0,1,0
28,58,1,1,0,1,0,0,0,1,0,0,0,0,0,1,0
49,289,2,2,1,1,0,0,0,0,1,0,0,0,0,1,0
23,19,1,1,1,1,0,0,1,0,0,0,0,0,0,1,0
26,76,2,2,2,1,0,0,1,0,0,0,0,0,0,1,0
20,10,1,1,0,1,0,1,0,0,0,0,0,0,0,1,0
46,227,2,2,1,1,0,0,0,0,1,0,0,0,0,1,0
33,106,2,2,0,1,0,0,0,1,0,0,0,0,0,1,0
42,217,0,0,0,1,0,0,0,1,0,0,0,0,0,1,0
37,182,2,2,0,1,0,0,1,0,0,0,0,1,0,0,0
40,249,1,1,0,1,0,1,0,0,0,0,0,1,0,0,0
43,133,1,1,1,0,0,0,0,0,0,1,0,1,0,0,0
31,144,1,1,0,1,0,1,0,0,0,0,0,1,0,0,0
23,54,1,1,1,1,0,1,0,0,0,0,0,1,0,0,0
28,42,2,2,2,1,0,0,0,1,0,0,0,1,0,0,0
39,219,1,1,1,1,0,0,1,0,0,0,0,1,0,0,0
30,120,6,6,3,1,0,0,1,0,0,0,0,1,0,0,0
32,156,6,6,3,1,0,1,0,0,0,0,0,1,0,0,0
29,82,1,1,1,1,0,0,0,1,0,0,0,1,0,0,0
39,189,2,2,1,1,0,0,0,1,0,0,0,1,0,0,0
43,244,4,4,1,1,0,0,0,1,0,0,0,1,0,0,0
40,219,2,2,1,1,0,0,0,1,0,0,0,1,0,0,0
46,291,0,0,0,1,0,0,0,1,0,0,0,1,0,0,0
40,195,4,4,3,1,0,0,0,1,0,0,0,1,0,0,0
40,206,2,2,1,1,0,0,0,1,0,0,0,1,0,0,0
34,182,2,2,1,1,0,1,0,0,0,0,0,1,0,0,0
42,158,1,1,0,1,0,0,0,0,1,0,0,1,0,0,0
32,168,2,2,2,1,0,1,0,0,0,0,0,1,0,0,0
41,232,0,0,0,1,0,0,0,1,0,0,0,1,0,0,0
27,82,1,1,1,1,0,0,1,0,0,0,0,1,0,0,0
31,158,2,2,2,1,1,0,0,0,0,0,0,1,0,0,0
39,144,2,2,1,1,0,0,0,0,1,0,0,1,0,0,0
25,61,1,1,0,1,0,0,1,0,0,0,0,1,0,0,0
48,353,2,2,1,1,0,1,0,0,0,0,0,1,0,0,0
40,181,2,2,1,1,0,0,0,0,1,0,0,1,0,0,0
21,16,0,0,0,1,0,0,1,0,0,0,0,1,0,0,0
41,147,1,1,0,1,0,0,0,0,1,0,0,1,0,0,0
43,211,2,2,2,1,0,1,0,0,0,0,0,1,0,0,0
37,137,1,1,1,1,0,0,0,0,1,0,0,1,0,0,0
41,196,2,2,2,1,0,0,0,1,0,0,0,1,0,0,0
35,140,2,2,0,1,0,0,0,1,0,0,0,1,0,0,0
36,187,2,2,1,1,0,0,1,0,0,0,0,1,0,0,0
39,157,2,2,1,1,0,0,0,0,1,0,0,1,0,0,0
38,203,2,2,1,1,0,0,1,0,0,0,0,1,0,0,0
33,148,2,2,0,1,0,0,1,0,0,0,0,1,0,0,0
24,56,1,1,1,1,0,0,1,0,0,0,0,0,0,1,0
36,130,2,2,0,1,0,0,0,0,1,0,0,0,0,1,0
31,87,2,2,1,1,0,0,0,1,0,0,0,0,0,1,0
25,89,2,2,1,0,0,1,0,0,0,0,0,0,0,1,0
45,323,2,2,2,1,0,1,0,0,0,0,0,0,0,1,0
44,277,2,2,1,1,0,0,1,0,0,0,0,0,0,1,0
46,313,1,1,0,1,0,0,1,0,0,0,0,0,0,1,0
46,311,4,4,1,1,0,0,1,0,0,0,0,0,0,1,0
16,32,1,1,1,1,0,0,0,0,0,0,0,0,0,1,0
45,297,1,1,0,1,0,0,1,0,0,0,0,0,0,1,0
23,60,0,0,0,1,1,0,0,0,0,0,0,0,0,1,0
29,82,1,1,1,1,0,0,0,1,0,0,0,0,0,1,0
41,269,2,2,1,1,0,1,0,0,0,0,0,0,0,1,0
41,225,1,1,0,1,0,0,0,1,0,0,0,0,0,1,0
35,205,2,2,1,1,0,1,0,0,0,0,0,0,0,1,0
38,211,1,1,1,1,0,0,1,0,0,0,0,0,0,1,0
48,225,0,0,0,1,0,0,0,1,0,0,0,0,0,1,0
47,307,1,1,0,1,0,0,1,0,0,0,0,0,0,1,0
21,2,1,1,0,1,0,0,1,0,0,0,0,0,0,1,0
47,173,3,3,1,1,0,0,0,1,0,0,0,0,0,1,0
49,287,1,1,1,1,0,0,0,0,1,0,0,0,0,1,0
26,125,2,2,0,1,1,0,0,0,0,0,0,0,0,1,0
33,81,4,5,1,1,0,0,0,0,1,0,0,0,0,1,0
35,174,1,1,1,1,0,0,1,0,0,0,1,0,0,0,0
48,294,2,2,1,0,0,0,0,1,0,0,1,0,0,0,0
43,280,2,2,1,1,0,0,1,0,0,0,1,0,0,0,0
36,229,7,7,4,1,1,0,0,0,0,0,1,0,0,0,0
23,93,3,3,0,1,1,0,0,0,0,0,1,0,0,0,0
26,82,4,3,3,0,0,1,0,0,0,0,1,0,0,0,0
49,224,11,11,7,1,1,0,0,0,0,0,1,0,0,0,0
22,110,5,4,1,0,0,0,0,0,0,0,1,0,0,0,0
15,43,2,1,1,1,0,0,0,0,0,0,1,0,0,0,0
39,205,4,4,2,0,0,0,0,1,0,0,1,0,0,0,0
26,58,3,3,1,1,0,0,0,1,0,0,1,0,0,0,0
33,91,1,1,1,1,0,1,0,0,0,0,1,0,0,0,0
39,271,2,2,1,1,1,0,0,0,0,0,1,0,0,0,0
19,19,1,1,1,1,1,0,0,0,0,0,1,0,0,0,0
42,146,2,2,1,1,0,0,0,0,1,0,1,0,0,0,0
34,168,1,1,1,1,0,0,1,0,0,0,1,0,0,0,0
33,99,1,1,0,1,0,0,0,0,1,0,1,0,0,0,0
25,30,1,1,0,1,0,0,0,1,0,0,1,0,0,0,0
27,76,2,2,1,1,0,0,1,0,0,0,1,0,0,0,0
32,145,1,1,0,1,0,0,1,0,0,0,1,0,0,0,0
24,75,2,2,1,1,0,1,0,0,0,0,1,0,0,0,0
28,57,1,1,0,1,0,0,0,1,0,0,1,0,0,0,0
34,106,1,1,1,1,0,0,0,0,1,0,1,0,0,0,0
25,64,1,1,1,1,0,0,1,0,0,0,1,0,0,0,0
48,345,2,2,2,1,0,0,1,0,0,0,1,0,0,0,0
23,83,3,3,1,0,1,0,0,0,0,0,1,0,0,0,0
31,139,5,4,2,1,0,1,0,0,0,0,1,0,0,0,0
30,85,1,1,0,1,0,0,0,1,0,0,1,0,0,0,0
49,337,4,4,2,0,0,0,1,0,0,0,1,0,0,0,0
48,176,1,1,1,1,0,0,0,0,0,1,1,0,0,0,0
40,64,1,1,1,1,0,0,0,0,0,1,1,0,0,0,0
37,268,1,1,1,0,1,0,0,0,0,0,1,0,0,0,0
46,365,2,2,0,1,1,0,0,0,0,0,1,0,0,0,0
31,169,3,3,1,1,1,0,0,0,0,0,1,0,0,0,0
41,216,1,1,0,1,0,1,0,0,0,0,1,0,0,0,0
25,16,0,0,0,1,0,0,0,1,0,0,0,1,0,0,0
39,105,1,1,0,1,0,0,0,0,0,1,0,1,0,0,0
30,168,2,2,2,1,1,0,0,0,0,0,0,1,0,0,0
33,89,1,1,0,1,0,0,0,0,1,0,0,1,0,0,0
48,356,1,1,1,1,0,1,0,0,0,0,0,1,0,0,0
36,203,2,3,2,1,0,1,0,0,0,0,0,1,0,0,0
35,171,1,1,1,1,1,0,0,0,0,0,0,1,0,0,0
48,344,1,1,1,1,0,0,1,0,0,0,0,1,0,0,0
42,289,2,2,0,1,0,1,0,0,0,0,0,1,0,0,0
42,190,1,1,0,0,0,0,0,0,1,0,0,1,0,0,0
42,221,1,1,1,1,0,0,0,1,0,0,0,1,0,0,0
39,152,3,3,0,1,0,0,0,0,1,0,0,1,0,0,0
42,22,0,0,0,1,0,0,0,0,0,1,0,1,0,0,0
47,297,1,1,0,1,0,0,0,1,0,0,0,1,0,0,0
45,321,2,2,0,1,0,1,0,0,0,0,0,1,0,0,0
26,8,1,1,0,0,0,0,1,0,0,0,0,1,0,0,0
42,272,2,2,1,1,0,1,0,0,0,0,0,1,0,0,0
30,81,1,1,0,1,0,0,0,1,0,0,0,1,0,0,0
37,158,3,3,2,1,0,0,0,1,0,0,0,1,0,0,0
25,75,1,1,1,1,0,1,0,0,0,0,0,1,0,0,0
19,15,1,1,0,1,0,1,0,0,0,0,0,1,0,0,0
38,239,4,4,2,1,0,1,0,0,0,0,0,1,0,0,0
42,249,2,2,2,1,0,0,1,0,0,0,0,1,0,0,0
23,15,0,0,0,1,0,0,0,1,0,0,0,0,0,1,0
31,41,2,2,1,1,0,0,0,0,1,0,0,0,0,1,0
47,346,1,1,0,1,0,1,0,0,0,0,0,0,0,1,0
29,140,1,1,1,1,1,0,0,0,0,0,0,0,0,1,0
41,316,3,3,1,0,1,0,0,0,0,0,0,0,0,1,0
24,46,1,1,0,1,0,0,1,0,0,0,0,0,0,1,0
43,204,2,2,1,0,0,0,0,0,1,0,0,0,0,1,0
33,239,4,4,2,0,0,0,0,0,0,0,0,0,0,1,0
29,69,2,2,2,1,0,0,0,1,0,0,0,0,0,1,0
23,80,3,3,0,1,1,0,0,0,0,0,0,0,0,1,0
40,234,3,3,2,0,0,0,1,0,0,0,0,0,0,1,0
34,134,1,1,1,1,0,0,0,1,0,0,0,0,0,1,0
46,303,1,1,1,1,0,0,1,0,0,0,0,0,0,1,0
47,343,3,3,0,1,0,1,0,0,0,0,0,0,0,1,0
39,267,2,2,1,1,1,0,0,0,0,0,0,0,0,1,0
41,186,1,1,1,0,0,0,0,0,1,0,0,0,0,1,0
37,205,1,1,1,1,0,0,1,0,0,0,0,0,0,1,0
42,136,1,1,1,1,0,0,0,0,1,0,0,0,0,1,0
47,262,3,3,2,0,0,0,0,0,1,0,0,0,0,1,0
39,206,1,1,1,1,0,0,0,1,0,0,0,0,0,1,0
49,62,0,0,0,1,0,0,0,0,0,1,0,0,0,1,0
31,129,1,1,0,1,0,0,1,0,0,0,0,0,0,1,0
42,232,4,4,2,0,0,0,0,1,0,0,0,0,0,1,0
34,160,2,2,2,1,0,0,1,0,0,0,0,0,0,1,0
31,110,1,1,0,1,0,0,1,0,0,0,0,0,0,1,0
37,225,4,4,1,1,0,1,0,0,0,0,0,0,0,1,0
37,146,2,2,2,1,0,0,0,0,1,0,0,0,0,1,0
23,16,1,0,0,1,0,0,0,1,0,0,0,0,0,1,0
37,197,1,1,0,1,0,0,1,0,0,0,0,0,0,1,0
27,116,2,2,2,1,0,1,0,0,0,0,0,0,0,1,0
41,290,2,2,1,1,1,0,0,0,0,0,0,0,0,1,0
26,51,1,1,0,1,0,0,0,1,0,0,0,0,0,1,0
23,67,1,1,1,1,0,1,0,0,0,0,0,0,0,1,0
47,274,3,3,2,1,0,0,0,1,0,0,0,0,0,1,0
21,27,1,1,1,1,0,1,0,0,0,0,0,0,0,1,0
27,125,2,2,2,1,1,0,0,0,0,0,0,0,0,1,0
43,239,2,2,1,1,0,0,0,1,0,0,0,0,0,1,0
41,139,2,2,1,1,0,0,0,0,1,0,0,0,0,1,0
38,169,2,2,1,1,0,0,0,1,0,0,0,0,0,1,0
25,64,1,1,0,1,0,1,0,0,0,0,0,0,0,1,0
48,328,1,1,0,0,0,0,1,0,0,0,0,0,0,1,0
45,294,2,2,2,1,0,0,1,0,0,0,0,0,0,1,0
36,139,1,1,0,1,0,0,0,0,1,0,0,0,0,1,0
33,121,1,1,0,1,0,0,0,1,0,0,0,0,0,1,0
39,182,2,2,0,1,0,0,0,1,0,0,0,0,0,1,0
42,278,5,5,3,1,0,1,0,0,0,0,0,0,0,1,0
29,146,2,2,2,1,1,0,0,0,0,0,0,0,0,1,0
34,143,1,1,1,1,0,0,0,1,0,0,0,0,0,1,0
33,120,2,2,1,1,0,0,0,1,0,0,0,0,0,1,0
45,219,2,2,0,1,0,0,0,0,1,0,0,0,0,1,0
21,60,1,1,1,1,1,0,0,0,0,0,0,0,0,1,0
48,185,1,1,0,1,0,0,0,0,1,0,0,0,0,1,0
24,71,2,2,1,1,0,1,0,0,0,0,0,0,0,1,0
46,303,4,4,3,0,0,0,1,0,0,0,0,0,0,1,0
42,64,0,0,0,1,0,0,0,0,0,1,0,0,0,1,0
42,126,1,1,1,1,0,0,0,0,0,1,0,0,0,1,0
35,209,2,2,2,1,0,1,0,0,0,0,0,0,0,1,0
32,116,1,1,0,1,0,0,0,1,0,0,0,0,0,1,0
47,287,2,2,2,1,0,0,0,1,0,0,0,0,0,1,0
48,321,2,2,1,0,0,0,0,1,0,0,0,0,0,1,0
25,79,1,1,1,1,0,1,0,0,0,0,0,0,0,1,0
32,98,1,1,1,1,0,0,0,1,0,0,0,0,0,1,0
37,248,2,2,2,1,1,0,0,0,0,0,0,0,0,1,0
41,220,2,2,1,1,0,0,0,1,0,0,1,0,0,0,0
42,304,4,4,3,1,1,0,0,0,0,0,1,0,0,0,0
25,59,4,4,0,1,0,0,1,0,0,0,1,0,0,0,0
32,141,3,3,1,1,0,1,0,0,0,0,1,0,0,0,0
30,128,2,2,1,1,0,1,0,0,0,0,1,0,0,0,0
39,225,2,2,1,1,0,0,1,0,0,0,1,0,0,0,0
30,95,2,2,1,1,0,0,0,1,0,0,1,0,0,0,0
32,133,2,2,2,1,0,0,1,0,0,0,1,0,0,0,0
27,79,2,2,1,1,0,0,1,0,0,0,1,0,0,0,0
34,191,2,2,1,1,0,1,0,0,0,0,1,0,0,0,0
34,108,1,1,1,1,0,0,0,0,1,0,1,0,0,0,0
34,190,6,6,4,1,0,1,0,0,0,0,1,0,0,0,0
23,51,3,3,2,1,0,1,0,0,0,0,1,0,0,0,0
37,180,1,1,1,1,0,0,0,1,0,0,1,0,0,0,0
33,72,2,2,2,1,0,0,0,0,1,0,1,0,0,0,0
39,159,2,2,0,0,0,0,0,0,1,0,1,0,0,0,0
22,28,2,1,1,1,0,0,1,0,0,0,1,0,0,0,0
31,114,2,2,2,1,0,0,1,0,0,0,1,0,0,0,0
30,109,2,2,0,1,0,0,1,0,0,0,1,0,0,0,0
35,154,1,1,0,1,0,0,0,1,0,0,1,0,0,0,0
21,15,0,0,0,1,0,0,1,0,0,0,1,0,0,0,0
34,121,1,1,1,1,0,0,0,1,0,0,1,0,0,0,0
36,120,2,2,0,1,0,0,0,0,1,0,1,0,0,0,0
35,148,2,2,1,1,0,0,0,1,0,0,1,0,0,0,0
36,227,0,0,0,1,1,0,0,0,0,0,1,0,0,0,0
30,61,3,3,2,1,0,0,1,0,0,0,1,0,0,0,0
33,139,2,2,0,1,0,0,1,0,0,0,1,0,0,0,0
32,118,1,1,1,1,0,0,0,1,0,0,1,0,0,0,0
38,202,1,1,1,1,0,0,1,0,0,0,1,0,0,0,0
23,26,1,1,1,1,0,0,1,0,0,0,1,0,0,0,0
37,166,2,2,1,1,0,0,0,1,0,0,1,0,0,0,0
48,249,1,1,0,1,0,0,0,0,1,0,1,0,0,0,0
21,35,1,0,0,1,0,1,0,0,0,0,1,0,0,0,0
18,35,1,1,1,1,0,0,0,0,0,0,1,0,0,0,0
45,178,3,3,1,0,0,0,0,0,0,1,1,0,0,0,0
44,357,2,2,2,1,1,0,0,0,0,0,1,0,0,0,0
31,203,5,5,3,1,0,0,0,0,0,0,1,0,0,0,0
36,166,2,2,1,1,0,0,0,1,0,0,1,0,0,0,0
32,149,2,2,1,1,0,1,0,0,0,0,1,0,0,0,0
49,297,1,1,1,0,0,0,0,1,0,0,1,0,0,0,0
21,3,1,0,0,1,0,0,1,0,0,0,1,0,0,0,0
32,172,3,3,2,1,0,1,0,0,0,0,1,0,0,0,0
48,361,4,4,1,1,0,1,0,0,0,0,1,0,0,0,0
39,128,1,1,1,0,0,0,0,0,1,0,1,0,0,0,0
25,119,2,2,0,1,1,0,0,0,0,0,1,0,0,0,0
45,268,4,4,0,0,0,0,0,1,0,0,1,0,0,0,0
46,241,4,4,2,1,0,0,0,0,1,0,1,0,0,0,0
21,39,1,1,0,1,0,1,0,0,0,0,1,0,0,0,0
36,196,2,2,1,1,0,0,1,0,0,0,1,0,0,0,0
49,381,3,3,1,1,1,0,0,0,0,0,1,0,0,0,0
39,246,2,2,0,1,0,1,0,0,0,0,1,0,0,0,0
48,233,2,2,1,1,0,0,0,0,1,0,0,0,0,1,0
31,146,2,2,0,1,0,1,0,0,0,0,0,0,0,1,0
23,1,0,0,0,1,0,0,0,1,0,0,0,0,0,1,0
18,45,1,1,0,1,1,0,0,0,0,0,0,0,0,1,0
32,96,2,2,0,1,0,0,0,1,0,0,0,0,0,1,0
26,78,2,2,2,1,0,1,0,0,0,0,0,0,0,1,0
24,104,2,2,1,1,1,0,0,0,0,0,0,0,0,1,0
38,273,3,3,2,1,1,0,0,0,0,0,0,0,0,1,0
39,175,2,2,1,1,0,0,0,1,0,0,0,0,0,1,0
20,34,1,1,1,1,1,0,0,0,0,0,0,0,0,1,0
41,238,2,2,0,1,0,0,0,1,0,0,0,0,0,1,0
42,281,1,1,1,1,0,1,0,0,0,0,0,0,0,1,0
47,346,2,2,1,1,0,1,0,0,0,0,0,0,0,1,0
40,200,1,1,1,1,0,0,0,1,0,0,0,0,0,1,0
46,307,2,2,2,1,0,0,1,0,0,0,0,0,0,1,0
38,265,3,3,0,1,1,0,0,0,0,0,0,0,0,1,0
46,230,2,2,1,1,0,0,0,0,1,0,0,0,0,1,0
31,183,2,2,1,1,1,0,0,0,0,0,0,0,0,1,0
25,75,2,2,1,1,0,1,0,0,0,0,0,0,0,1,0
39,246,3,3,2,1,0,1,0,0,0,0,0,0,0,1,0
29,8,1,0,0,1,0,0,0,0,1,0,0,0,0,1,0
41,164,2,2,1,1,0,0,0,0,1,0,0,0,0,1,0
40,185,3,3,1,1,0,0,0,1,0,0,0,0,0,1,0
42,263,1,1,0,1,0,0,1,0,0,0,0,0,0,1,0
26,22,1,1,0,1,0,0,0,1,0,0,0,0,0,1,0
47,240,2,2,2,1,0,0,0,0,1,0,0,0,0,1,0
31,100,3,3,2,0,0,0,0,0,0,0,0,0,0,1,0
43,289,2,2,1,1,0,1,0,0,0,0,0,0,0,1,0
20,14,1,0,0,1,0,1,0,0,0,0,0,0,0,1,0
24,58,2,2,2,1,0,0,1,0,0,0,0,0,0,1,0
40,210,1,1,0,1,0,0,0,1,0,0,0,0,0,1,0
48,235,2,2,1,1,0,0,0,0,1,0,0,0,0,1,0
47,357,5,5,2,1,1,0,0,0,0,0,0,0,0,1,0
36,164,1,1,1,1,0,0,0,1,0,0,0,0,0,1,0
32,110,5,5,5,1,0,0,0,1,0,0,0,1,0,0,0
34,166,4,4,2,1,0,0,1,0,0,0,0,1,0,0,0
45,303,4,5,4,0,0,0,1,0,0,0,0,1,0,0,0
46,181,4,4,1,1,0,0,0,0,0,1,0,1,0,0,0
21,10,0,0,0,1,0,0,1,0,0,0,0,1,0,0,0
18,13,1,1,1,1,1,0,0,0,0,0,0,1,0,0,0
42,266,3,3,2,1,0,1,0,0,0,0,0,1,0,0,0
19,6,0,0,0,1,0,1,0,0,0,0,0,1,0,0,0
30,117,2,2,2,1,0,0,1,0,0,0,0,1,0,0,0
40,216,4,4,1,0,0,1,0,0,0,0,0,1,0,0,0
27,78,2,2,2,1,0,0,1,0,0,0,0,1,0,0,0
29,101,1,1,0,1,0,0,1,0,0,0,0,1,0,0,0
49,367,3,3,2,1,0,1,0,0,0,0,0,1,0,0,0
41,144,2,2,2,1,0,0,0,0,1,0,0,1,0,0,0
26,58,1,1,0,1,0,0,1,0,0,0,0,1,0,0,0
31,139,2,2,0,1,0,0,1,0,0,0,0,1,0,0,0
46,337,6,6,2,0,0,1,0,0,0,0,0,1,0,0,0
48,287,1,1,1,1,0,0,0,1,0,0,0,1,0,0,0
34,119,3,3,2,1,0,0,0,1,0,0,0,1,0,0,0
31,70,0,0,0,1,0,0,0,0,1,0,0,1,0,0,0
46,225,0,0,0,1,0,0,0,0,1,0,0,1,0,0,0
48,251,3,3,3,0,0,0,0,0,1,0,0,1,0,0,0
36,194,2,2,2,1,0,0,1,0,0,0,0,1,0,0,0
42,209,2,2,1,1,0,0,0,0,1,0,0,1,0,0,0
35,168,2,2,2,1,0,0,1,0,0,0,0,1,0,0,0
36,200,3,3,2,1,0,1,0,0,0,0,0,1,0,0,0
32,147,2,2,0,1,0,0,1,0,0,0,0,1,0,0,0
24,53,1,1,1,1,0,0,1,0,0,0,0,1,0,0,0
42,302,4,4,1,1,1,0,0,0,0,0,0,1,0,0,0
37,158,3,3,2,1,0,0,0,1,0,0,0,1,0,0,0
37,170,2,2,0,1,0,0,0,1,0,0,0,1,0,0,0
46,265,2,2,2,0,0,0,0,1,0,0,0,1,0,0,0
32,143,4,4,3,1,0,0,1,0,0,0,0,1,0,0,0
27,54,2,2,2,1,0,0,0,1,0,0,0,1,0,0,0
49,362,14,14,8,0,0,1,0,0,0,0,0,1,0,0,0
39,175,2,2,2,1,0,0,0,1,0,0,0,1,0,0,0
44,142,1,1,0,1,0,0,0,0,0,1,0,1,0,0,0
32,183,2,2,2,1,1,0,0,0,0,0,0,1,0,0,0
38,120,2,2,1,1,0,0,0,0,1,0,0,1,0,0,0
35,122,1,1,1,1,0,0,0,0,1,0,0,1,0,0,0
35,114,2,2,1,1,0,0,0,0,1,0,0,1,0,0,0
31,98,2,2,0,1,0,0,0,1,0,0,0,1,0,0,0
49,307,2,2,0,1,0,0,0,1,0,0,0,1,0,0,0
32,122,3,3,1,1,0,0,1,0,0,0,0,1,0,0,0
35,41,2,2,0,1,0,0,0,0,0,1,0,1,0,0,0
35,135,2,2,1,1,0,0,0,1,0,0,0,1,0,0,0
31,112,3,3,2,1,0,0,0,1,0,0,0,1,0,0,0
29,59,0,0,0,1,0,0,0,1,0,0,0,1,0,0,0
29,22,1,1,1,1,0,0,0,0,1,0,0,1,0,0,0
38,133,2,2,1,1,0,0,0,0,1,0,0,1,0,0,0
26,48,1,0,0,1,0,0,0,1,0,0,0,1,0,0,0
29,73,1,1,0,1,0,0,0,1,0,0,0,1,0,0,0
39,208,2,2,2,1,0,0,0,1,0,0,0,1,0,0,0
43,176,2,2,2,1,0,0,0,0,1,0,0,1,0,0,0
36,93,1,1,0,1,0,0,1,0,0,0,0,1,0,0,0
36,142,1,1,1,1,0,1,0,0,0,0,0,1,0,0,0
27,80,3,3,2,1,0,0,1,0,0,0,0,1,0,0,0
35,102,2,2,1,1,0,0,0,0,1,0,0,1,0,0,0
38,147,2,2,1,1,0,0,0,0,1,0,0,1,0,0,0
35,179,2,2,2,1,0,0,1,0,0,0,0,1,0,0,0
47,352,4,4,2,1,0,1,0,0,0,0,0,1,0,0,0
27,59,1,1,0,1,0,0,0,1,0,0,0,1,0,0,0
48,343,1,1,1,1,0,1,0,0,0,0,0,1,0,0,0
45,239,2,2,1,1,0,0,0,0,1,0,0,1,0,0,0
33,97,3,3,1,1,0,0,0,0,1,0,0,1,0,0,0
38,183,3,3,2,1,0,0,0,1,0,0,0,1,0,0,0
47,248,1,1,1,1,0,0,0,1,0,0,0,1,0,0,0
28,123,4,5,4,1,0,0,0,0,0,0,0,1,0,0,0
47,375,4,4,2,1,1,0,0,0,0,0,0,1,0,0,0
27,49,1,1,1,1,0,0,0,1,0,0,0,1,0,0,0
19,30,2,2,2,1,1,0,0,0,0,0,0,1,0,0,0
24,18,1,1,1,1,0,0,0,1,0,0,0,1,0,0,0
46,281,3,3,1,1,0,0,0,1,0,0,0,1,0,0,0
29,83,2,2,1,1,0,0,0,1,0,0,0,1,0,0,0
46,250,2,2,1,1,0,0,0,0,1,0,0,0,0,1,0
34,183,10,10,8,1,0,1,0,0,0,0,0,0,0,1,0
36,170,8,8,5,0,0,0,0,1,0,0,0,0,0,1,0
49,347,8,8,3,0,0,0,1,0,0,0,0,0,0,1,0
20,15,1,1,0,1,0,1,0,0,0,0,0,0,0,1,0
30,81,2,2,1,1,0,0,0,1,0,0,0,0,0,1,0
35,207,7,7,4,1,0,1,0,0,0,0,0,0,0,1,0
34,99,0,0,0,1,0,0,0,0,1,0,0,0,0,1,0
23,47,2,2,0,1,0,1,0,0,0,0,0,0,0,1,0
48,378,10,11,4,0,1,0,0,0,0,0,0,0,0,1,0
41,283,3,3,2,0,1,0,0,0,0,0,0,0,0,1,0
42,42,1,1,0,1,0,0,0,0,0,1,0,0,0,1,0
37,195,5,5,2,1,0,0,1,0,0,0,0,0,0,1,0
47,339,2,2,1,0,0,1,0,0,0,0,0,0,0,1,0
37,217,3,3,2,1,0,1,0,0,0,0,0,0,0,1,0
25,34,1,1,1,1,0,0,0,1,0,0,0,0,0,1,0
29,110,3,3,1,1,0,0,1,0,0,0,0,0,0,1,0
44,338,3,3,1,0,1,0,0,0,0,0,0,0,0,1,0
21,30,2,2,2,1,0,1,0,0,0,0,0,0,0,1,0
35,133,4,4,2,1,0,0,0,1,0,0,0,0,0,1,0
26,46,2,1,1,1,0,0,0,1,0,0,0,0,0,1,0
48,192,4,4,3,0,0,0,0,1,0,0,0,0,0,1,0
41,288,4,4,3,1,1,0,0,0,0,0,0,0,0,1,0
38,220,4,4,1,1,0,0,1,0,0,0,0,0,0,1,0
23,10,1,1,0,1,0,0,0,1,0,0,0,0,0,1,0
20,23,2,1,1,1,0,1,0,0,0,0,0,0,0,1,0
49,311,11,11,5,0,0,0,0,1,0,0,0,0,0,1,0
38,133,1,1,0,1,0,0,0,0,1,0,0,0,0,1,0
48,342,10,10,2,0,0,0,1,0,0,0,0,0,0,1,0
49,343,0,0,0,0,0,0,1,0,0,0,0,0,0,1,0
45,280,2,2,0,1,0,0,0,1,0,0,0,0,0,1,0
19,11,1,0,0,1,0,1,0,0,0,0,0,0,0,1,0
31,130,3,3,1,1,0,0,1,0,0,0,0,0,0,1,0
40,214,2,2,2,0,0,0,0,1,0,0,0,0,0,1,0
47,246,4,4,1,0,0,0,0,1,0,0,0,0,0,1,0
22,50,1,1,1,1,0,1,0,0,0,0,0,0,0,1,0
48,298,6,6,2,0,0,0,0,1,0,0,0,0,0,1,0
40,245,3,3,2,1,0,1,0,0,0,0,0,0,0,1,0
36,179,5,5,0,1,0,0,1,0,0,0,0,0,0,1,0
18,23,1,1,0,1,1,0,0,0,0,0,0,0,0,1,0
34,95,3,3,2,1,0,0,0,0,1,0,0,0,0,1,0
46,86,0,0,0,1,0,1,0,0,0,0,0,0,0,1,0
35,212,10,10,5,1,1,0,0,0,0,0,0,0,0,1,0
24,35,0,0,0,1,0,0,1,0,0,0,0,0,0,1,0
21,42,2,2,1,1,0,1,0,0,0,0,0,0,0,1,0
24,40,2,2,0,1,0,0,1,0,0,0,0,0,0,1,0
35,37,1,1,0,1,0,0,0,1,0,0,0,0,0,1,0
43,287,2,2,0,1,0,1,0,0,0,0,0,0,0,1,0
45,306,4,4,4,1,0,0,1,0,0,0,0,0,0,1,0
24,63,2,2,1,1,0,1,0,0,0,0,0,0,0,1,0
38,225,2,2,2,1,0,0,1,0,0,0,0,0,0,1,0
31,138,2,2,1,1,0,1,0,0,0,0,0,0,0,1,0
31,8,1,0,0,1,0,0,0,0,0,1,0,0,0,1,0
24,65,2,1,1,1,0,1,0,0,0,0,0,0,0,1,0
22,27,1,1,0,1,0,0,1,0,0,0,0,0,0,1,0
29,85,1,1,1,1,0,0,0,1,0,0,0,0,0,1,0
33,135,2,2,2,1,0,0,0,1,0,0,0,0,0,1,0
32,141,2,2,1,1,0,0,1,0,0,0,0,0,0,1,0
30,121,1,1,1,1,0,0,1,0,0,0,0,0,0,1,0
27,71,1,1,0,1,0,0,1,0,0,0,0,0,0,1,0
47,277,1,1,0,1,0,0,0,1,0,0,0,0,0,1,0
25,156,1,1,1,1,0,0,0,0,0,0,0,0,0,1,0
27,50,1,1,1,1,0,0,0,1,0,0,0,0,0,1,0
37,246,2,2,2,1,1,0,0,0,0,0,0,0,0,1,0
24,80,2,2,1,1,1,0,0,0,0,0,0,0,0,1,0
28,9,0,0,0,1,0,0,0,0,1,0,0,0,0,1,0
38,183,2,3,1,0,0,0,0,1,0,0,0,0,0,1,0
22,3,0,0,0,1,0,0,1,0,0,0,0,0,0,1,0
34,150,2,2,2,1,0,0,0,1,0,0,0,0,0,1,0
41,198,1,1,0,1,0,0,0,0,1,0,0,0,0,1,0
37,220,2,2,1,1,0,1,0,0,0,0,0,0,0,1,0
46,298,2,2,1,1,0,0,1,0,0,0,0,0,0,1,0
48,345,1,1,1,1,0,0,1,0,0,0,0,0,0,1,0
36,145,1,1,0,1,0,0,0,1,0,0,0,0,0,1,0
39,239,5,5,2,1,0,1,0,0,0,0,0,0,0,1,0
31,120,2,2,1,1,0,0,1,0,0,0,0,0,0,1,0
21,2,1,0,0,1,0,0,1,0,0,0,0,0,0,1,0
43,304,2,2,1,1,1,0,0,0,0,0,0,0,0,1,0
20,1,0,0,0,1,0,0,1,0,0,0,0,0,0,1,0
36,142,4,4,2,1,0,0,0,1,0,0,0,0,0,1,0
42,304,1,1,0,1,1,0,0,0,0,0,0,0,0,1,0
29,20,1,1,0,1,0,0,0,0,1,0,0,0,0,1,0
41,234,3,3,2,1,0,0,0,1,0,0,0,0,0,1,0
43,230,1,1,1,1,0,0,0,1,0,0,0,0,0,1,0
26,71,0,0,0,1,0,0,1,0,0,0,0,0,0,1,0
44,263,2,2,1,1,0,0,0,1,0,0,0,0,0,1,0
43,163,3,3,2,0,0,0,0,0,0,1,0,0,0,1,0
47,287,2,2,2,1,0,0,0,1,0,0,0,0,0,1,0
41,175,4,4,1,1,0,0,0,0,1,0,0,0,0,1,0
43,281,1,1,0,1,0,0,1,0,0,0,0,0,0,1,0
22,28,2,2,1,1,0,1,0,0,0,0,0,0,0,1,0
30,113,2,2,0,1,0,0,1,0,0,0,0,0,0,1,0
47,263,3,3,1,1,0,0,0,0,1,0,0,0,0,1,0
43,244,3,3,1,1,0,0,0,1,0,0,0,0,0,1,0
27,50,1,1,0,1,0,0,0,1,0,0,0,0,0,1,0
47,305,3,3,3,1,0,0,0,1,0,0,0,0,0,1,0
46,339,3,3,1,1,0,1,0,0,0,0,0,0,0,1,0
32,116,2,2,1,1,0,0,0,1,0,0,0,0,0,1,0
40,257,5,5,3,1,0,1,0,0,0,0,0,0,0,1,0
20,27,2,2,1,1,1,0,0,0,0,0,0,0,0,1,0
49,298,2,2,1,1,0,0,0,1,0,0,0,0,0,1,0
40,254,0,0,0,1,0,1,0,0,0,0,0,0,0,1,0
21,3,0,0,0,1,0,0,1,0,0,0,0,0,0,1,0
46,329,3,3,2,1,0,1,0,0,0,0,0,0,0,1,0
20,28,1,0,0,1,0,1,0,0,0,0,0,0,0,1,0
27,103,2,2,2,1,0,1,0,0,0,0,0,0,0,1,0
39,232,2,2,1,0,0,0,1,0,0,0,0,0,0,1,0
39,295,2,2,1,1,0,0,0,0,0,0,0,0,0,1,0
24,11,1,1,0,1,0,0,0,1,0,0,0,0,0,1,0
40,232,1,1,1,1,0,0,1,0,0,0,0,0,0,1,0
48,335,2,2,1,1,0,0,1,0,0,0,0,0,0,1,0
44,293,5,5,2,1,0,1,0,0,0,0,0,0,0,1,0
21,6,0,0,0,1,0,0,1,0,0,0,0,0,0,1,0
46,304,2,2,0,1,0,0,1,0,0,0,0,0,0,1,0
46,331,5,5,1,1,0,1,0,0,0,0,0,0,0,1,0
20,23,2,1,0,1,0,1,0,0,0,0,0,0,0,1,0
39,260,7,7,2,1,1,0,0,0,0,0,0,0,0,1,0
29,108,3,3,3,1,0,0,1,0,0,0,0,0,0,1,0
27,43,2,2,2,1,0,1,0,0,0,0,0,0,0,1,0
25,52,2,2,2,1,0,0,1,0,0,0,0,0,0,1,0
34,101,5,5,2,1,0,0,0,0,1,0,0,0,0,1,0
33,123,3,3,2,1,0,0,0,1,0,0,0,0,0,1,0
25,48,1,1,0,1,0,0,1,0,0,0,0,0,0,1,0
22,14,1,1,1,1,0,0,1,0,0,0,0,0,0,1,0
36,192,4,4,2,1,0,0,1,0,0,0,0,0,0,1,0
24,48,2,2,1,1,0,0,1,0,0,0,0,0,0,1,0
32,170,6,6,4,1,0,1,0,0,0,0,0,0,0,1,0
30,112,3,3,2,1,0,0,1,0,0,0,0,0,0,1,0
49,362,10,10,4,0,0,1,0,0,0,0,0,0,0,1,0
40,166,2,2,1,1,0,0,0,0,1,0,0,0,0,1,0
47,328,7,8,2,0,0,1,0,0,0,0,0,0,0,1,0
48,314,4,4,2,1,0,0,0,1,0,0,0,0,0,1,0
41,238,4,4,3,0,0,0,0,1,0,0,0,0,0,1,0
35,100,3,3,0,1,0,0,0,0,1,0,0,0,0,1,0
31,138,4,4,3,1,0,0,1,0,0,0,0,0,0,1,0
23,73,3,2,2,1,1,0,0,0,0,0,0,0,0,1,0
36,166,7,7,3,0,0,0,0,1,0,0,0,0,0,1,0
19,20,1,1,0,1,0,1,0,0,0,0,0,0,0,1,0
47,278,5,5,2,1,0,0,0,1,0,0,0,0,0,1,0
25,13,0,0,0,1,0,0,0,1,0,0,0,0,0,1,0
30,75,2,1,0,1,0,0,0,1,0,0,0,0,0,1,0
37,183,2,2,1,0,0,0,0,1,0,0,0,0,0,1,0
20,20,0,0,0,1,0,1,0,0,0,0,0,0,0,1,0
22,39,2,2,1,1,0,1,0,0,0,0,0,0,0,1,0
45,203,4,4,1,1,0,1,0,0,0,0,0,0,0,1,0
29,130,2,2,1,1,0,1,0,0,0,0,0,0,0,1,0
44,209,0,0,0,1,0,0,0,0,1,0,0,0,0,1,0
25,53,1,1,0,1,0,0,1,0,0,0,0,0,0,1,0
41,62,2,3,2,0,0,0,0,0,0,1,0,0,0,1,0
33,168,2,2,2,1,0,1,0,0,0,0,0,0,0,1,0
26,16,1,1,1,1,0,0,0,0,1,0,0,0,0,1,0
27,28,1,1,1,1,0,0,0,1,0,0,0,0,0,1,0
27,45,1,1,0,1,0,0,0,1,0,0,0,0,0,1,0
49,351,1,1,1,1,0,1,0,0,0,0,0,0,0,1,0
31,123,2,2,2,1,0,0,1,0,0,0,0,0,0,1,0
35,246,7,7,6,1,1,0,0,0,0,0,0,0,0,1,0
23,40,2,2,1,1,1,0,0,0,0,0,0,0,0,1,0
25,72,1,1,0,1,0,1,0,0,0,0,0,0,0,1,0
22,44,1,1,1,1,0,1,0,0,0,0,0,0,0,1,0
24,24,1,2,0,1,0,0,0,1,0,0,0,0,0,1,0
49,329,10,10,4,1,0,0,0,1,0,0,0,0,0,1,0
31,128,2,2,0,1,0,0,1,0,0,0,0,0,0,1,0
44,287,4,4,1,1,0,0,1,0,0,0,0,0,0,1,0
24,103,2,2,0,1,1,0,0,0,0,0,0,0,0,1,0
35,226,3,3,2,1,1,0,0,0,0,0,0,0,0,1,0
44,322,2,2,2,1,1,0,0,0,0,0,0,0,0,1,0
22,30,1,1,0,1,0,1,0,0,0,0,0,0,0,1,0
42,228,3,3,2,1,0,0,0,1,0,0,0,0,0,1,0
44,301,3,3,2,1,0,1,0,0,0,0,0,0,0,1,0
41,268,2,2,2,1,0,1,0,0,0,0,0,0,0,1,0
39,223,1,1,1,1,0,0,1,0,0,0,0,0,0,1,0
27,86,2,2,2,1,0,0,1,0,0,0,0,0,0,1,0
43,210,2,2,1,0,0,0,0,0,1,0,0,0,0,1,0
21,35,1,1,0,1,0,1,0,0,0,0,0,0,0,1,0
30,75,2,2,1,1,0,0,0,1,0,0,0,0,0,1,0
27,99,1,1,1,1,0,1,0,0,0,0,0,0,0,1,0
40,208,5,5,5,1,0,0,0,1,0,0,0,0,0,1,0
24,50,2,2,1,1,0,0,1,0,0,0,0,0,0,1,0
27,58,2,2,1,1,0,0,0,1,0,0,0,0,0,1,0
35,179,3,3,2,1,0,0,1,0,0,0,0,0,0,1,0
25,28,1,1,1,1,0,0,0,1,0,0,0,0,0,1,0
49,287,3,3,2,1,0,0,0,0,1,0,0,0,0,1,0
40,175,6,6,4,1,0,0,0,0,1,0,0,0,0,1,0
35,181,3,3,3,1,0,0,1,0,0,0,0,0,0,1,0
35,69,4,4,2,0,0,0,0,0,1,0,0,0,0,1,0
27,99,6,6,4,0,0,1,0,0,0,0,0,0,0,1,0
46,379,0,0,0,1,1,0,0,0,0,0,0,0,0,1,0
41,275,4,4,1,1,0,1,0,0,0,0,0,0,0,1,0
32,122,2,2,0,1,0,0,0,1,0,0,0,0,0,1,0
35,176,3,3,0,0,0,0,1,0,0,0,0,0,0,1,0
27,106,4,4,0,1,0,1,0,0,0,0,0,0,0,1,0
43,160,2,2,0,1,0,0,0,0,1,0,0,0,0,1,0
39,219,2,2,1,1,0,0,1,0,0,0,0,0,0,1,0
32,136,3,3,1,1,0,0,1,0,0,0,0,0,0,1,0
48,359,6,6,3,0,0,1,0,0,0,0,0,0,0,1,0
45,269,2,2,1,1,0,0,0,1,0,0,0,0,0,1,0
45,334,1,1,1,1,0,1,0,0,0,0,0,0,0,1,0
26,48,1,1,1,1,0,0,0,1,0,0,0,0,0,1,0
24,70,2,3,0,1,0,1,0,0,0,0,0,0,0,1,0
23,28,1,1,0,1,0,0,1,0,0,0,0,0,0,1,0
38,218,1,1,0,1,0,0,1,0,0,0,0,0,0,1,0
47,311,4,4,2,0,0,0,1,0,0,0,0,0,0,1,0
23,39,2,2,0,1,0,0,1,0,0,0,0,0,0,1,0
34,118,2,3,1,1,0,0,0,1,0,0,0,0,0,1,0
41,186,0,0,0,1,0,0,0,1,0,0,0,0,0,1,0
49,376,6,6,2,1,1,0,0,0,0,0,0,0,0,1,0
36,128,3,3,2,1,0,0,0,0,1,0,0,0,0,1,0
29,83,2,2,1,1,0,0,0,1,0,0,0,0,0,1,0
35,34,1,1,0,0,0,0,0,0,0,1,0,0,0,1,0
48,263,2,2,1,1,0,0,0,0,1,0,0,0,0,1,0
41,113,1,1,1,1,0,0,0,0,0,1,0,0,0,1,0
36,155,3,3,2,1,0,0,0,1,0,0,0,0,0,1,0
27,4,0,0,0,1,0,0,0,0,1,0,0,0,0,1,0
36,107,1,1,1,1,0,0,0,0,1,0,0,0,0,1,0
42,146,1,1,1,1,0,0,0,0,0,1,0,0,0,1,0
38,183,1,1,0,1,0,0,0,1,0,0,0,0,0,1,0
48,305,5,5,3,1,0,0,0,1,0,0,0,0,0,1,0
38,184,3,3,2,1,0,0,0,1,0,0,0,0,0,1,0
39,158,2,2,2,1,0,0,0,0,1,0,0,0,0,1,0
37,174,2,2,1,1,0,0,0,1,0,0,0,0,0,1,0
26,29,1,1,1,1,0,0,0,1,0,0,0,0,0,1,0
49,310,7,7,5,0,0,0,0,1,0,0,0,0,0,1,0
31,115,1,1,0,1,0,0,1,0,0,0,0,0,0,1,0
36,204,7,7,2,0,0,1,0,0,0,0,0,0,0,1,0
37,179,6,6,2,0,0,0,0,1,0,0,0,0,0,1,0
43,251,5,5,2,0,0,0,0,1,0,0,0,0,0,1,0
47,264,5,5,2,1,0,0,0,0,1,0,0,0,0,1,0
21,2,0,0,0,1,0,0,1,0,0,0,0,0,0,1,0
46,261,6,6,4,0,0,0,0,0,1,0,0,0,0,1,0
24,40,3,2,2,1,0,0,1,0,0,0,0,0,0,1,0
39,199,2,2,0,1,0,0,0,1,0,0,0,0,0,1,0
44,192,4,4,1,1,0,0,0,0,1,0,0,0,0,1,0
41,185,5,5,3,1,0,0,0,1,0,0,0,0,0,1,0
46,393,6,6,6,0,0,0,0,0,0,0,0,0,0,1,0
35,131,4,4,2,1,0,0,0,1,0,0,0,0,0,1,0
48,290,10,10,5,1,0,0,0,1,0,0,0,0,0,1,0
44,279,3,3,1,1,0,0,1,0,0,0,0,0,0,1,0
41,275,6,6,2,1,0,1,0,0,0,0,0,0,0,1,0
24,41,2,2,2,1,0,0,1,0,0,0,0,0,0,1,0
37,205,3,3,1,1,0,0,1,0,0,0,0,0,0,1,0
35,107,1,1,0,1,0,0,0,0,1,0,0,0,0,1,0
44,234,3,3,1,1,0,0,0,0,1,0,0,0,0,1,0
29,62,1,1,0,1,0,0,0,1,0,0,0,0,0,1,0
25,34,1,1,0,1,0,0,0,1,0,0,0,0,0,1,0
43,245,0,0,0,1,0,0,0,1,0,0,0,0,0,1,0
40,236,4,4,2,1,0,0,1,0,0,0,0,0,0,1,0
22,65,3,3,2,1,1,0,0,0,0,0,0,0,0,1,0
29,132,2,2,2,1,0,1,0,0,0,0,0,0,0,1,0
48,268,4,4,3,1,0,0,0,0,1,0,0,0,0,1,0
33,98,3,3,2,1,0,1,0,0,0,0,0,0,0,1,0
48,314,4,4,3,1,0,0,0,1,0,0,0,0,0,1,0
42,223,9,12,6,0,0,0,0,1,0,0,0,0,0,1,0
36,162,3,3,1,1,0,0,0,1,0,0,0,0,0,1,0
26,113,3,3,2,1,1,0,0,0,0,0,0,0,0,1,0
38,233,4,4,2,0,0,1,0,0,0,0,0,0,0,1,0
23,6,1,0,0,1,0,0,0,1,0,0,0,0,0,1,0
25,42,3,2,2,1,0,0,0,1,0,0,0,0,0,1,0
19,10,1,0,0,1,0,1,0,0,0,0,0,0,0,1,0
46,248,8,8,4,1,0,0,0,0,1,0,0,0,0,1,0
27,43,1,1,0,1,0,0,0,1,0,0,0,0,0,1,0
27,54,1,1,0,1,0,0,0,1,0,0,0,0,0,1,0
25,1,0,0,0,1,0,0,0,0,1,0,0,0,0,1,0
34,127,4,4,0,1,0,0,0,1,0,0,0,0,0,1,0
35,171,4,4,1,1,0,0,1,0,0,0,0,0,0,1,0
23,59,4,4,2,1,0,1,0,0,0,0,0,0,0,1,0
25,63,4,4,3,1,0,1,0,0,0,0,0,0,0,1,0
48,355,7,8,3,1,0,1,0,0,0,0,0,0,0,1,0
45,328,7,7,4,0,1,0,0,0,0,0,0,0,0,1,0
40,203,4,4,1,0,0,0,0,1,0,0,0,0,0,1,0
43,203,4,4,3,0,0,0,0,0,1,0,0,0,0,1,0
34,190,5,5,1,1,0,1,0,0,0,0,0,0,0,1,0
35,74,2,1,0,1,0,0,0,0,1,0,0,0,0,1,0
42,206,5,5,1,0,0,0,0,1,0,0,0,0,0,1,0
39,156,6,6,4,0,0,0,0,0,1,0,0,0,0,1,0
49,312,8,8,2,0,0,0,0,1,0,0,0,0,0,1,0
46,208,4,4,4,1,0,0,0,0,1,0,0,0,0,1,0
36,196,7,7,2,1,0,0,1,0,0,0,0,0,0,1,0
30,118,2,2,0,1,0,0,1,0,0,0,0,0,0,1,0
25,23,1,1,1,1,0,0,0,1,0,0,0,0,0,1,0
28,76,2,2,0,1,0,0,0,1,0,0,0,0,0,1,0
36,130,4,4,2,1,0,0,0,0,1,0,0,0,0,1,0
39,148,7,7,3,0,0,0,0,0,1,0,0,0,0,1,0
44,155,4,4,2,0,0,0,0,1,0,0,0,0,0,1,0
47,299,12,12,5,1,0,0,0,1,0,0,0,0,0,1,0
37,116,5,5,2,1,0,0,0,0,1,0,0,0,0,1,0
22,48,1,1,0,1,0,1,0,0,0,0,0,0,0,1,0
35,107,5,5,2,1,0,0,0,0,1,0,0,0,0,1,0
37,170,2,2,2,1,0,0,0,1,0,0,0,0,0,1,0
38,183,7,7,5,1,0,0,0,1,0,0,0,0,0,1,0
41,155,4,4,1,0,0,0,0,0,1,0,0,0,0,1,0
48,317,3,3,1,0,0,0,1,0,0,0,0,0,0,1,0
21,29,2,2,1,1,0,1,0,0,0,0,0,0,0,1,0
23,31,1,1,0,1,0,0,1,0,0,0,0,0,0,1,0
43,281,2,2,0,1,0,0,1,0,0,0,0,0,0,1,0
38,239,5,5,1,1,0,1,0,0,0,0,0,0,0,1,0
42,244,1,1,0,1,0,0,0,1,0,0,0,0,0,1,0
32,118,2,2,1,1,0,0,0,1,0,0,0,0,0,1,0
20,15,1,1,0,1,0,1,0,0,0,0,0,0,0,1,0
46,285,6,6,4,0,0,0,0,1,0,0,0,0,0,1,0
23,40,1,1,1,1,0,1,0,0,0,0,0,0,0,1,0
30,111,5,5,2,1,0,0,1,0,0,0,0,0,0,1,0
37,129,2,2,2,1,0,0,0,0,1,0,0,0,0,1,0
37,160,5,5,4,1,0,0,0,1,0,0,0,0,0,1,0
35,160,4,3,2,1,0,0,0,1,0,0,0,0,0,1,0
42,241,5,5,0,1,0,0,0,1,0,0,0,0,0,1,0
35,62,3,3,3,1,0,0,0,0,0,1,0,0,0,1,0
36,179,4,4,2,1,0,0,1,0,0,0,0,0,0,1,0
32,111,2,2,0,1,0,0,0,1,0,0,0,0,0,1,0
40,202,3,3,2,1,0,0,0,1,0,0,0,0,0,1,0
44,58,8,8,3,0,0,0,0,0,0,1,0,0,0,1,0
40,253,8,8,5,1,0,1,0,0,0,0,0,0,0,1,0
49,275,3,3,2,1,0,0,0,0,1,0,0,0,0,1,0
49,294,6,6,1,0,0,0,0,1,0,0,0,0,0,1,0
28,82,2,2,1,1,0,0,0,1,0,0,0,0,0,1,0
30,86,3,3,2,1,0,0,0,1,0,0,0,0,0,1,0
26,34,1,1,0,1,0,0,0,1,0,0,0,0,0,1,0
48,235,8,8,3,0,0,0,0,0,1,0,0,0,0,1,0
21,28,1,1,0,1,0,1,0,0,0,0,0,0,0,1,0
44,91,4,4,2,1,0,1,0,0,0,0,0,0,0,1,0
39,153,4,4,1,0,0,0,0,0,1,0,0,0,0,1,0
42,218,2,2,2,1,0,0,0,1,0,0,0,0,0,1,0
46,296,10,10,8,0,0,0,0,1,0,0,0,0,0,1,0
39,214,2,2,2,1,0,0,1,0,0,0,0,1,0,0,0
35,203,6,6,2,1,0,1,0,0,0,0,0,1,0,0,0
36,170,3,3,0,1,0,0,0,1,0,0,0,1,0,0,0
36,291,4,4,4,1,0,0,0,0,0,0,0,1,0,0,0
46,282,6,6,3,1,0,0,0,1,0,0,0,1,0,0,0
40,183,1,1,0,1,0,0,0,0,1,0,0,1,0,0,0
44,229,4,4,2,1,0,0,0,0,1,0,0,1,0,0,0
46,314,6,6,3,1,0,0,1,0,0,0,0,1,0,0,0
30,2,0,0,0,1,0,0,0,0,0,1,0,1,0,0,0
33,91,2,2,1,1,0,0,0,0,1,0,0,1,0,0,0
36,122,2,2,1,1,0,0,0,0,1,0,0,1,0,0,0
49,181,3,3,0,1,0,0,0,0,1,0,0,1,0,0,0
20,28,1,1,1,1,1,0,0,0,0,0,0,1,0,0,0
35,120,2,2,0,1,0,0,0,0,1,0,0,1,0,0,0
34,116,2,2,0,1,0,0,0,1,0,0,0,1,0,0,0
24,13,1,1,1,1,0,0,0,1,0,0,0,1,0,0,0
27,91,2,2,2,1,0,1,0,0,0,0,0,1,0,0,0
43,144,2,2,0,1,0,0,0,0,0,1,0,1,0,0,0
47,277,2,2,2,1,0,0,0,1,0,0,0,1,0,0,0
32,86,2,2,2,1,0,0,0,0,1,0,0,1,0,0,0
41,189,5,5,2,1,0,0,0,0,1,0,0,1,0,0,0
48,280,5,5,4,1,0,0,0,1,0,0,0,1,0,0,0
48,303,0,0,0,1,0,0,0,1,0,0,0,1,0,0,0
38,173,4,4,1,1,0,0,0,1,0,0,0,1,0,0,0
46,259,2,2,1,1,0,0,0,0,1,0,0,1,0,0,0
48,362,5,5,3,1,0,1,0,0,0,0,0,1,0,0,0
19,13,1,1,0,1,0,1,0,0,0,0,0,0,0,1,0
42,291,5,5,1,1,0,1,0,0,0,0,0,0,0,1,0
38,197,6,5,2,1,0,0,1,0,0,0,0,0,0,1,0
41,191,11,10,2,0,0,0,0,0,1,0,0,0,0,1,0
28,163,4,4,4,1,0,0,0,0,0,0,0,0,0,1,0
41,252,4,4,1,0,0,0,1,0,0,0,0,0,0,1,0
47,263,3,3,3,1,0,0,0,0,1,0,0,0,0,1,0
42,178,3,3,1,0,0,0,0,0,1,0,0,0,0,1,0
35,48,1,1,1,1,0,0,0,0,0,1,0,0,0,1,0
39,183,0,0,0,1,0,0,0,1,0,0,0,0,0,1,0
47,213,2,2,1,1,0,0,0,0,1,0,0,0,0,1,0
45,264,2,2,1,1,0,0,0,1,0,0,0,0,0,1,0
34,54,2,2,2,1,0,0,0,0,1,0,0,0,0,1,0
41,181,2,2,1,1,0,0,0,0,1,0,0,0,0,1,0
43,264,4,5,2,1,0,0,1,0,0,0,0,0,0,1,0
42,276,2,2,1,1,0,1,0,0,0,0,0,0,0,1,0
22,55,0,0,0,1,1,0,0,0,0,0,0,0,0,1,0
26,119,2,2,2,1,1,0,0,0,0,0,0,0,0,1,0
44,251,8,8,3,0,0,0,0,1,0,0,0,0,0,1,0
31,106,3,3,1,0,0,0,0,1,0,0,0,0,0,1,0
30,119,1,1,0,1,0,0,1,0,0,0,0,0,0,1,0
24,39,2,2,1,1,0,0,1,0,0,0,0,0,0,1,0
29,126,5,5,0,1,0,1,0,0,0,0,0,0,0,1,0
36,109,3,3,0,1,0,0,1,0,0,0,0,0,0,1,0
33,166,4,4,3,1,0,1,0,0,0,0,0,0,0,1,0
44,143,1,1,0,1,0,0,0,0,0,1,0,0,0,1,0
48,347,4,4,2,1,0,1,0,0,0,0,0,0,0,1,0
31,151,2,2,2,1,0,1,0,0,0,0,0,0,0,1,0
44,332,5,5,4,1,1,0,0,0,0,0,0,0,0,1,0
39,220,11,10,4,0,0,0,1,0,0,0,0,0,0,1,0
42,143,5,5,3,0,0,0,0,0,0,1,0,0,0,1,0
37,192,8,7,4,0,0,0,1,0,0,0,0,0,0,1,0
42,263,6,6,2,0,0,0,1,0,0,0,0,0,0,1,0
24,15,1,1,0,1,0,0,0,1,0,0,0,0,0,1,0
33,163,3,3,0,1,0,1,0,0,0,0,0,0,0,1,0
28,82,2,2,2,1,0,0,1,0,0,0,0,0,0,1,0
47,122,2,2,1,1,0,0,0,0,0,1,0,0,0,1,0
44,301,9,9,7,0,0,1,0,0,0,0,0,0,0,1,0
44,287,8,8,7,1,0,0,1,0,0,0,0,0,0,1,0
41,11,2,2,2,0,0,0,0,0,0,1,0,0,0,1,0
37,212,6,6,2,1,0,1,0,0,0,0,0,0,0,1,0
25,60,3,3,3,1,0,0,1,0,0,0,0,0,0,1,0
29,63,2,2,1,1,0,0,0,1,0,0,0,0,0,1,0
25,27,1,1,0,1,0,0,0,1,0,0,0,0,0,1,0
25,31,1,1,1,1,0,0,0,1,0,0,0,0,0,1,0
26,46,1,1,1,1,0,0,0,1,0,0,0,0,0,1,0
46,185,2,2,1,1,0,0,1,0,0,0,0,0,0,1,0
20,47,2,2,1,1,1,0,0,0,0,0,0,0,0,1,0
32,115,4,4,2,1,0,0,1,0,0,0,0,0,0,1,0
31,89,1,1,1,1,0,0,0,1,0,0,0,0,0,1,0
29,103,2,2,0,1,0,0,1,0,0,0,0,0,0,1,0
45,309,5,5,1,1,0,1,0,0,0,0,0,0,0,1,0
27,47,2,2,1,1,0,0,0,1,0,0,0,0,0,1,0
24,94,2,2,0,1,1,0,0,0,0,0,0,0,0,1,0
37,140,2,2,2,1,0,0,0,0,1,0,0,0,0,1,0
43,294,13,13,9,0,0,1,0,0,0,0,0,0,0,1,0
44,255,3,3,3,1,0,0,0,1,0,0,0,0,0,1,0
46,265,1,1,1,1,0,0,0,1,0,0,0,0,0,1,0
21,22,1,1,1,1,0,1,0,0,0,0,0,0,0,1,0
27,82,3,3,1,1,0,0,1,0,0,0,0,0,0,1,0
25,69,3,3,3,0,0,0,1,0,0,0,0,0,0,1,0
41,109,6,6,0,1,0,0,0,1,0,0,0,0,0,1,0
43,135,5,5,1,0,0,0,0,0,0,1,0,0,0,1,0
30,155,6,6,2,1,1,0,0,0,0,0,0,0,0,1,0
43,290,6,6,0,0,0,1,0,0,0,0,0,0,0,1,0
32,64,2,2,1,1,0,0,0,0,1,0,0,0,0,1,0
44,305,10,10,7,1,0,1,0,0,0,0,0,0,0,1,0
26,40,1,1,0,1,0,0,0,1,0,0,0,0,0,1,0
24,27,1,1,0,1,0,0,0,1,0,0,0,0,0,1,0
20,15,1,0,0,1,0,1,0,0,0,0,0,0,0,1,0
28,55,1,1,0,1,0,0,0,1,0,0,0,0,0,1,0
27,135,1,1,1,1,1,0,0,0,0,0,0,0,0,1,0
33,152,3,3,1,1,0,0,1,0,0,0,0,0,0,1,0
39,213,0,0,0,1,0,0,0,1,0,0,0,0,0,1,0
31,74,2,2,2,1,0,0,0,0,1,0,0,0,0,1,0
27,60,1,1,0,1,0,0,0,1,0,0,0,0,0,1,0
48,206,1,1,1,1,0,0,0,0,1,0,0,0,0,1,0
36,176,2,2,0,1,0,0,0,1,0,0,0,0,0,1,0
47,250,3,3,2,1,0,0,0,0,1,0,0,0,0,1,0
38,205,7,6,5,1,0,0,1,0,0,0,0,0,0,1,0
35,111,2,2,0,1,0,0,0,0,1,0,0,0,0,1,0
32,143,1,1,0,1,0,0,1,0,0,0,0,0,0,1,0
33,54,1,1,0,1,0,0,0,0,1,0,0,0,0,1,0
29,67,1,1,0,1,0,0,0,1,0,0,0,0,0,1,0
30,50,1,1,0,1,0,0,0,0,1,0,0,0,0,1,0
37,147,1,1,1,1,0,0,0,0,1,0,0,0,0,1,0
31,91,2,2,1,1,0,0,0,1,0,0,0,0,0,1,0
40,260,4,4,3,1,0,1,0,0,0,0,0,0,0,1,0
17,12,1,1,1,1,1,0,0,0,0,0,0,0,0,1,0
34,111,1,1,1,1,0,0,0,0,1,0,0,0,0,1,0
39,178,2,2,1,1,0,0,0,1,0,0,0,0,0,1,0
43,208,3,3,2,1,0,0,0,0,1,0,0,0,0,1,0
38,189,2,2,1,1,0,0,0,1,0,0,0,0,0,1,0
44,292,6,6,2,1,0,0,1,0,0,0,0,0,0,1,0
47,285,4,4,2,1,0,0,0,1,0,0,0,0,0,1,0
23,17,1,1,1,1,0,0,1,0,0,0,0,0,0,1,0
41,213,2,2,1,1,0,0,0,1,0,0,0,0,0,1,0
26,59,2,2,1,1,0,0,1,0,0,0,0,0,0,1,0
24,11,2,1,1,1,0,0,0,1,0,0,0,0,0,1,0
18,12,0,0,0,1,1,0,0,0,0,0,0,0,0,1,0
28,86,2,2,1,1,0,0,1,0,0,0,0,0,0,1,0
27,54,2,1,0,1,0,0,0,1,0,0,0,0,0,1,0
34,173,2,2,1,1,0,0,1,0,0,0,0,0,0,1,0
44,224,4,4,2,1,0,0,0,0,1,0,0,0,0,1,0
45,252,9,9,4,0,0,0,0,1,0,0,0,0,0,1,0
35,189,8,8,3,1,0,1,0,0,0,0,0,0,0,1,0
23,63,2,2,2,1,0,1,0,0,0,0,0,0,0,1,0
27,87,5,4,4,1,0,0,1,0,0,0,0,0,0,1,0
36,237,7,7,2,1,1,0,0,0,0,0,0,0,0,1,0
48,275,11,12,5,0,0,0,0,0,1,0,0,0,0,1,0
29,71,3,3,1,0,0,0,0,1,0,0,0,0,0,1,0
27,59,2,2,2,1,0,0,0,1,0,0,0,0,0,1,0
48,286,4,4,2,0,0,0,0,1,0,0,0,0,0,1,0
22,27,1,1,0,1,0,0,1,0,0,0,0,0,0,1,0
19,11,1,1,1,1,0,1,0,0,0,0,0,0,0,1,0
48,323,11,11,6,0,0,0,0,1,0,0,0,0,0,1,0
47,239,7,7,4,0,0,0,0,0,1,0,0,0,0,1,0
39,225,0,0,0,0,0,0,1,0,0,0,0,0,0,1,0
43,262,4,4,3,1,0,0,1,0,0,0,0,0,0,1,0
44,240,6,7,4,0,0,0,0,1,0,0,0,0,0,1,0
49,358,6,6,3,0,0,0,1,0,0,0,0,0,0,1,0
40,156,7,7,2,1,0,0,0,0,1,0,0,0,0,1,0
20,15,1,1,0,1,0,1,0,0,0,0,0,0,0,1,0
37,210,3,3,1,1,0,0,1,0,0,0,0,0,0,1,0
43,221,4,4,3,0,0,0,0,1,0,0,0,0,0,1,0
19,7,0,0,0,1,0,1,0,0,0,0,0,0,0,1,0
35,99,2,2,0,1,0,0,0,0,1,0,0,0,0,1,0
37,204,2,2,0,1,0,0,1,0,0,0,0,0,0,1,0
38,146,2,2,1,1,0,0,0,0,1,0,0,0,0,1,0
20,3,0,0,0,1,0,1,0,0,0,0,0,0,0,1,0
33,54,1,1,1,0,0,0,0,0,1,0,0,0,0,1,0
45,282,7,7,4,0,0,0,0,1,0,0,0,0,0,1,0
38,109,4,4,2,1,0,0,0,0,1,0,0,0,0,1,0
29,119,2,2,1,1,0,0,1,0,0,0,0,0,0,1,0
26,45,1,1,0,1,0,0,0,1,0,0,0,0,0,1,0
36,157,3,3,1,1,0,0,0,1,0,0,0,0,0,1,0
30,126,2,2,0,1,0,1,0,0,0,0,0,0,0,1,0
30,123,4,4,2,1,0,0,1,0,0,0,0,0,0,1,0
39,189,1,1,0,1,0,0,0,1,0,0,0,0,0,1,0
38,211,3,3,1,0,0,0,1,0,0,0,0,0,0,1,0
25,53,2,1,1,1,0,0,1,0,0,0,0,0,0,1,0
34,131,5,5,3,1,0,0,0,1,0,0,0,0,0,1,0
42,224,15,14,10,0,0,0,0,1,0,0,0,0,0,1,0
37,143,6,6,4,1,0,0,0,0,1,0,0,0,0,1,0
34,133,2,2,1,1,0,0,0,1,0,0,0,0,0,1,0
48,227,9,9,5,0,0,0,0,0,1,0,0,0,0,1,0
40,161,5,5,3,0,0,0,0,0,1,0,0,0,0,1,0
47,307,9,10,7,1,0,0,1,0,0,0,0,0,0,1,0
20,54,2,2,1,1,1,0,0,0,0,0,0,0,0,1,0
33,70,1,1,0,1,0,0,0,0,1,0,0,0,0,1,0
34,131,2,2,1,1,0,0,0,1,0,0,0,0,0,1,0
32,70,2,2,2,1,0,0,0,0,1,0,0,0,0,1,0
42,164,6,6,2,0,0,0,0,0,1,0,0,0,0,1,0
29,87,1,1,0,1,0,0,0,1,0,0,0,0,0,1,0
22,8,1,1,1,1,0,0,1,0,0,0,0,0,0,1,0
31,3,0,0,0,1,0,0,0,0,0,1,0,0,0,1,0
29,101,3,3,2,1,0,0,1,0,0,0,0,0,0,1,0
40,256,5,5,2,1,0,1,0,0,0,0,0,0,0,1,0
19,3,0,0,0,1,0,1,0,0,0,0,0,0,0,1,0
23,39,1,1,1,1,0,0,1,0,0,0,0,0,0,1,0
30,99,1,1,1,1,0,0,0,1,0,0,0,0,0,1,0
37,229,5,5,3,1,0,1,0,0,0,0,0,0,0,1,0
46,222,3,3,0,1,0,0,0,0,1,0,0,0,0,1,0
41,196,7,7,2,1,0,0,0,1,0,0,0,0,0,1,0
21,19,1,1,1,1,0,1,0,0,0,0,0,0,0,1,0
25,48,3,2,2,1,0,0,1,0,0,0,0,0,0,1,0
44,149,6,6,4,1,0,0,0,0,0,1,0,0,0,1,0
26,58,3,2,0,1,0,0,1,0,0,0,0,0,0,1,0
47,282,6,6,1,1,0,0,0,1,0,0,0,0,0,1,0
46,205,3,3,1,1,0,0,0,0,1,0,0,0,0,1,0
47,294,3,3,2,1,0,0,0,1,0,0,0,0,0,1,0
40,209,0,0,0,0,0,0,0,1,0,0,0,0,0,1,0
44,247,2,2,2,1,0,0,0,1,0,0,0,0,0,1,0
28,108,2,2,0,1,0,1,0,0,0,0,0,0,0,1,0
36,167,3,3,1,1,0,0,1,0,0,0,0,0,0,1,0
34,183,4,4,3,1,0,1,0,0,0,0,0,0,0,1,0
32,70,1,1,0,1,0,0,0,0,1,0,0,0,0,1,0
29,61,1,1,1,1,0,0,0,1,0,0,0,0,0,1,0
35,169,3,3,1,1,0,0,1,0,0,0,0,0,0,1,0
35,155,3,3,0,1,0,0,0,1,0,0,0,0,0,1,0
33,147,2,2,1,1,0,0,1,0,0,0,0,0,0,1,0
26,50,1,1,1,1,0,0,0,1,0,0,0,0,0,1,0
24,44,1,1,1,1,0,0,1,0,0,0,0,0,0,1,0
41,259,0,0,0,0,0,0,1,0,0,0,0,0,0,1,0
48,286,5,5,4,1,0,0,0,0,1,0,0,0,0,1,0
40,149,0,0,0,1,0,0,0,0,1,0,0,0,0,1,0
40,200,2,2,1,1,0,0,0,1,0,0,0,0,0,1,0
28,26,2,2,1,1,0,0,0,0,1,0,0,0,0,1,0
22,36,2,2,2,1,0,1,0,0,0,0,0,0,0,1,0
38,151,1,1,1,1,0,0,0,0,1,0,0,0,0,1,0
35,93,4,4,2,1,0,0,0,0,1,0,0,0,0,1,0
46,288,5,5,2,0,0,0,0,1,0,0,0,0,0,1,0
22,41,3,3,2,1,0,1,0,0,0,0,0,0,0,1,0
19,27,1,1,1,1,1,0,0,0,0,0,0,0,0,1,0
40,134,7,7,3,1,0,0,0,0,1,0,0,0,0,1,0
29,94,2,2,1,1,0,0,1,0,0,0,0,0,0,1,0
48,284,9,9,6,0,0,0,0,1,0,0,0,0,0,1,0
28,58,2,2,2,1,0,0,0,1,0,0,0,0,0,1,0
34,178,8,8,5,1,0,0,1,0,0,0,0,0,0,1,0
45,284,3,3,2,1,0,0,0,1,0,0,0,0,0,1,0
34,78,2,2,0,1,0,0,0,0,1,0,0,0,0,1,0
35,99,5,5,2,0,0,0,0,0,1,0,0,0,0,1,0
23,18,1,1,1,1,0,0,0,1,0,0,0,0,0,1,0
43,123,4,4,2,0,0,0,0,0,0,1,0,0,0,1,0
49,274,6,6,3,0,0,0,0,0,1,0,0,0,0,1,0
27,48,3,3,1,1,0,0,0,1,0,0,0,0,0,1,0
21,14,0,0,0,1,0,0,1,0,0,0,0,0,0,1,0
38,252,9,9,4,1,1,0,0,0,0,0,0,0,0,1,0
42,280,8,8,6,1,0,1,0,0,0,0,0,0,0,1,0
45,318,2,2,1,1,0,1,0,0,0,0,0,0,0,1,0
31,200,2,2,1,1,0,0,0,0,0,0,0,0,0,1,0
34,143,2,2,2,1,0,0,0,1,0,0,0,0,0,1,0
31,160,2,2,2,1,0,1,0,0,0,0,0,0,0,1,0
47,336,4,4,3,0,0,1,0,0,0,0,0,0,0,1,0
44,195,4,4,2,1,0,0,0,0,1,0,0,0,0,1,0
28,127,2,2,0,1,0,1,0,0,0,0,0,0,0,1,0
37,152,3,3,1,1,0,0,0,1,0,0,0,0,0,1,0
22,16,1,0,0,1,0,0,1,0,0,0,0,0,0,1,0
47,183,4,4,1,0,0,0,0,0,1,0,0,0,0,1,0
40,201,5,4,3,0,0,0,0,1,0,0,0,0,0,1,0
33,45,4,4,3,0,0,0,0,0,1,0,0,0,0,1,0
44,308,8,8,3,0,0,1,0,0,0,0,0,0,0,1,0
31,97,4,4,3,1,0,0,0,1,0,0,0,0,0,1,0
44,296,1,1,0,0,0,1,0,0,0,0,0,0,0,1,0
46,353,11,11,7,1,1,0,0,0,0,0,0,0,0,1,0
41,147,3,3,1,0,0,0,0,0,1,0,0,0,0,1,0
47,364,2,2,2,1,1,0,0,0,0,0,0,0,0,1,0
22,1,1,0,0,1,0,0,0,1,0,0,0,0,0,1,0
38,185,2,2,1,1,0,0,0,1,0,0,0,0,0,1,0
37,88,2,2,1,1,0,0,0,0,0,1,0,0,0,1,0
29,69,2,2,1,1,0,0,0,1,0,0,0,0,0,1,0
18,17,1,1,0,1,1,0,0,0,0,0,0,0,0,1,0
38,81,2,2,1,1,0,0,0,1,0,0,0,0,0,1,0
47,239,6,6,3,1,0,0,0,0,1,0,0,0,0,1,0
27,40,1,1,0,1,0,0,0,1,0,0,0,0,0,1,0
48,208,1,1,1,0,0,0,0,1,0,0,0,0,0,1,0
22,16,1,1,0,1,0,0,1,0,0,0,0,0,0,1,0
29,108,2,2,1,1,0,0,1,0,0,0,0,0,0,1,0
40,260,2,2,1,1,0,1,0,0,0,0,0,0,0,1,0
47,339,2,2,1,1,0,1,0,0,0,0,0,0,0,1,0
35,148,1,1,0,1,0,0,0,1,0,0,0,0,0,1,0
36,169,3,3,1,1,0,0,1,0,0,0,0,0,0,1,0
44,238,2,2,0,0,0,0,0,1,0,0,0,0,0,1,0
21,12,1,0,0,1,0,0,1,0,0,0,0,0,0,1,0
30,169,2,2,0,1,1,0,0,0,0,0,0,0,0,1,0
35,180,2,2,1,1,0,0,1,0,0,0,0,0,0,1,0
28,22,0,0,0,1,0,0,0,0,1,0,0,0,0,1,0
31,107,1,1,0,1,0,0,0,1,0,0,0,0,0,1,0
48,231,3,3,2,1,0,0,0,0,1,0,0,0,0,1,0
43,138,3,3,0,0,0,0,0,0,0,1,0,0,0,1,0
36,177,1,1,0,1,0,0,1,0,0,0,0,0,0,1,0
45,202,4,4,3,1,0,0,0,0,1,0,0,0,0,1,0
26,23,1,1,1,1,0,0,0,1,0,0,0,0,0,1,0
47,286,4,4,2,1,0,0,0,1,0,0,0,0,0,1,0
43,254,3,3,3,1,0,0,0,1,0,0,0,0,0,1,0
46,291,5,5,3,1,0,0,0,1,0,0,0,0,0,1,0
47,257,2,2,0,1,0,0,0,0,1,0,0,0,0,1,0
43,167,4,4,3,1,0,0,0,0,1,0,0,0,0,1,0
46,312,3,3,1,0,0,0,1,0,0,0,0,0,0,1,0
48,242,4,4,2,0,0,0,0,0,1,0,0,0,0,1,0
38,148,4,4,2,1,0,0,0,0,1,0,0,0,0,1,0
48,329,4,4,2,1,0,0,1,0,0,0,0,0,0,1,0
32,140,3,3,2,1,0,0,1,0,0,0,0,0,0,1,0
39,134,5,5,2,1,0,0,0,0,1,0,0,0,0,1,0
46,274,1,1,0,1,0,0,0,1,0,0,0,0,0,1,0
47,237,2,2,2,1,0,0,0,0,1,0,0,0,0,1,0
43,226,4,4,1,1,0,0,0,1,0,0,0,0,0,1,0
41,272,2,2,1,0,0,1,0,0,0,0,0,0,0,1,0
46,258,1,1,0,0,0,0,0,1,0,0,0,0,0,1,0
22,15,1,1,1,1,0,0,1,0,0,0,0,0,0,1,0
20,42,1,1,0,1,1,0,0,0,0,0,0,0,0,1,0
40,188,2,2,0,1,0,0,0,1,0,0,0,0,0,1,0
20,3,1,0,0,1,0,0,1,0,0,0,0,0,0,1,0
21,29,2,1,1,1,0,1,0,0,0,0,0,0,0,1,0
25,51,2,2,1,1,0,0,1,0,0,0,0,0,0,1,0
38,140,4,4,2,1,0,0,0,0,1,0,0,0,0,1,0
30,103,3,3,2,1,0,0,1,0,0,0,0,0,0,1,0
33,182,4,5,1,1,0,1,0,0,0,0,0,0,0,1,0
32,86,2,2,1,1,0,0,0,1,0,0,0,0,0,1,0
46,249,0,0,0,1,0,0,0,0,1,0,1,0,0,0,0
31,99,1,1,0,1,0,0,0,1,0,0,1,0,0,0,0
42,71,1,1,1,1,0,0,0,0,0,1,1,0,0,0,0
39,52,2,2,1,1,0,0,0,0,0,1,1,0,0,0,0
22,67,1,1,1,1,1,0,0,0,0,0,1,0,0,0,0
25,30,3,3,1,1,0,0,0,1,0,0,1,0,0,0,0
43,232,2,2,1,1,0,0,0,1,0,0,0,0,0,1,0
21,37,1,1,1,1,0,1,0,0,0,0,0,0,0,1,0
33,110,3,3,3,1,0,0,0,1,0,0,0,0,0,1,0
42,131,2,2,2,1,0,0,0,0,0,1,0,0,0,1,0
37,153,4,4,4,1,0,0,0,1,0,0,0,0,0,1,0
28,123,6,6,3,1,0,1,0,0,0,0,0,0,0,1,0
38,99,2,2,1,1,0,0,0,0,0,1,0,0,0,1,0
40,237,2,2,0,1,0,0,1,0,0,0,0,0,0,1,0
22,19,1,1,0,1,0,0,1,0,0,0,0,0,0,1,0
41,99,4,4,1,1,0,0,0,0,0,1,0,0,0,1,0
19,3,0,0,0,1,0,1,0,0,0,0,0,0,0,1,0
47,280,5,5,4,1,0,0,0,1,0,0,0,0,0,1,0
20,3,1,0,0,1,0,0,1,0,0,0,0,0,0,1,0
25,59,1,1,1,1,0,0,1,0,0,0,0,0,0,1,0
22,83,3,3,2,0,1,0,0,0,0,0,0,0,0,1,0
33,147,3,3,2,1,0,0,1,0,0,0,0,0,0,1,0
42,206,3,3,2,1,0,0,0,0,1,0,0,0,0,1,0
43,158,0,0,0,1,0,0,0,0,0,1,0,0,0,1,0
23,15,1,1,0,1,0,0,0,1,0,0,0,0,0,1,0
47,330,12,12,8,0,0,0,1,0,0,0,0,0,0,1,0
26,15,1,1,0,1,0,0,0,0,1,0,0,0,0,1,0
35,143,2,2,1,1,0,0,0,1,0,0,0,0,0,1,0
39,155,3,3,1,1,0,0,0,0,1,0,0,0,0,1,0
46,189,0,0,0,1,0,0,0,0,0,1,0,0,0,1,0
36,143,4,4,3,1,0,0,0,1,0,0,0,0,0,1,0
23,18,1,1,1,1,0,0,0,1,0,0,0,0,0,1,0
27,34,2,2,1,1,0,0,0,1,0,0,0,0,0,1,0
29,31,2,2,1,1,0,0,0,0,1,0,0,0,0,1,0
29,75,2,2,1,1,0,0,0,1,0,0,0,0,0,1,0
49,386,7,7,3,0,1,0,0,0,0,0,0,0,0,1,0
46,278,5,5,3,0,0,0,0,1,0,0,0,0,0,1,0
38,28,2,2,1,1,0,0,0,0,1,0,0,0,0,1,0
36,141,3,3,2,1,0,0,0,1,0,0,0,0,0,1,0
21,12,1,1,1,1,0,1,0,0,0,0,0,0,0,1,0
45,230,9,9,7,0,0,0,0,0,1,0,0,0,0,1,0
41,239,7,7,4,0,0,0,1,0,0,0,0,0,0,1,0
23,83,1,1,0,1,1,0,0,0,0,0,0,0,0,1,0
19,13,0,0,0,1,0,1,0,0,0,0,0,0,0,1,0
22,39,3,3,2,1,0,1,0,0,0,0,0,0,0,1,0
40,229,5,5,1,1,0,0,1,0,0,0,0,0,0,1,0
39,142,3,2,1,1,0,0,0,0,1,0,0,0,0,1,0
34,22,0,0,0,1,0,0,0,0,1,0,0,0,0,1,0
42,18,1,1,0,1,0,0,0,0,0,1,0,0,0,1,0
44,311,6,6,2,1,0,1,0,0,0,0,0,0,0,1,0
40,167,3,3,1,1,0,0,0,0,1,0,0,0,0,1,0
49,336,4,4,2,1,0,0,1,0,0,0,0,0,0,1,0
42,283,10,10,6,1,0,1,0,0,0,0,0,0,0,1,0
48,370,15,15,5,1,1,0,0,0,0,0,0,0,0,1,0
41,223,3,3,3,1,0,0,0,1,0,0,0,0,0,1,0
45,235,2,2,1,1,0,0,0,0,1,0,0,0,0,1,0
31,149,3,3,0,1,0,1,0,0,0,0,0,0,0,1,0
31,99,1,1,1,1,0,0,0,1,0,0,0,0,0,1,0
36,123,2,2,2,1,0,0,0,0,1,0,0,0,0,1,0
45,26,7,7,6,1,0,0,0,0,0,1,0,0,0,1,0
44,202,1,1,0,0,0,0,0,0,1,0,0,0,0,1,0
34,112,2,2,2,1,0,0,0,1,0,0,0,0,0,1,0
45,323,4,4,1,0,0,1,0,0,0,0,0,0,0,1,0
40,194,0,0,0,1,0,0,0,1,0,0,0,0,0,1,0
34,106,2,2,1,1,0,0,0,0,1,0,0,0,0,1,0
38,203,4,4,4,1,0,0,1,0,0,0,0,0,0,1,0
34,58,2,2,1,1,0,0,0,0,1,0,0,0,0,1,0
29,106,2,2,0,1,0,0,1,0,0,0,0,0,0,1,0
21,15,0,0,0,1,0,0,1,0,0,0,0,0,0,1,0
36,13,1,0,0,1,0,0,0,0,0,1,0,0,0,1,0
36,195,2,2,1,1,0,0,1,0,0,0,0,0,0,1,0
39,223,4,4,4,1,0,0,1,0,0,0,0,0,0,1,0
31,154,6,6,4,1,0,1,0,0,0,0,0,0,0,1,0
23,47,2,1,0,1,0,1,0,0,0,0,0,0,0,1,0
40,202,2,2,0,1,0,0,0,1,0,0,0,0,0,1,0
41,238,6,6,2,0,0,0,1,0,0,0,0,0,0,1,0
31,137,2,2,1,1,0,0,1,0,0,0,0,0,0,1,0
46,247,4,4,2,0,0,0,0,0,1,0,0,0,0,1,0
22,2,0,0,0,1,0,0,0,1,0,0,0,0,0,1,0
20,8,0,0,0,1,0,1,0,0,0,0,0,0,0,1,0
37,168,4,4,3,1,0,0,0,1,0,0,0,0,0,1,0
43,258,3,3,2,1,0,0,0,1,0,0,0,0,0,1,0
39,147,0,0,0,1,0,0,0,0,1,0,0,0,0,1,0
34,185,2,2,2,1,0,1,0,0,0,0,0,0,0,1,0
26,45,1,1,1,1,0,0,0,1,0,0,0,0,0,1,0
30,47,1,1,1,1,0,0,0,0,1,0,0,0,0,1,0
31,83,2,2,2,1,0,0,0,1,0,0,0,0,0,1,0
37,166,2,2,0,1,0,0,0,1,0,0,0,0,0,1,0
32,123,2,2,1,1,0,0,0,1,0,0,0,0,0,1,0
21,43,1,1,0,1,0,1,0,0,0,0,0,0,0,1,0
20,3,0,0,0,1,0,1,0,0,0,0,0,0,0,1,0
35,217,3,3,2,1,1,0,0,0,0,0,0,0,0,1,0
26,46,2,2,2,1,0,0,0,1,0,0,0,0,0,1,0
36,123,2,2,1,0,0,0,0,0,1,0,0,0,0,1,0
24,61,2,2,2,1,0,1,0,0,0,0,0,0,0,1,0
33,80,3,3,2,1,0,0,0,0,1,0,0,0,0,1,0
21,72,2,2,0,1,1,0,0,0,0,0,0,0,0,1,0
25,124,4,4,3,1,0,0,0,0,0,0,0,0,0,1,0
23,78,1,1,1,1,1,0,0,0,0,0,0,0,0,1,0
32,171,2,2,0,1,1,0,0,0,0,0,0,0,0,1,0
25,59,2,1,1,1,0,0,1,0,0,0,0,0,0,1,0
49,143,5,5,4,1,0,1,0,0,0,0,0,0,0,1,0
23,39,2,2,1,1,0,0,1,0,0,0,0,0,0,1,0
35,154,6,6,4,1,0,0,0,1,0,0,0,0,0,1,0
47,228,7,7,5,0,0,0,0,0,1,0,0,0,0,1,0
37,252,8,8,5,1,1,0,0,0,0,0,0,0,0,1,0
37,195,4,4,4,1,0,0,1,0,0,0,0,0,0,1,0
27,73,1,1,0,1,0,0,1,0,0,0,0,0,0,1,0
48,326,1,1,0,0,0,0,1,0,0,0,0,0,0,1,0
22,16,1,0,0,1,0,0,1,0,0,0,0,0,0,1,0
17,31,1,1,1,1,1,0,0,0,0,0,0,0,0,1,0
49,348,12,12,6,1,0,0,1,0,0,0,0,0,0,1,0
38,132,5,5,3,0,0,0,0,0,1,0,0,0,0,1,0
44,207,5,5,2,1,0,0,0,0,1,0,0,0,0,1,0
26,36,1,1,1,1,0,0,0,1,0,0,0,0,0,1,0
36,66,3,3,2,1,0,0,0,0,0,1,0,0,0,1,0
28,63,2,1,0,1,0,0,0,1,0,0,0,0,0,1,0
41,192,3,3,1,1,0,0,0,0,1,0,0,0,0,1,0
23,63,1,1,1,1,0,1,0,0,0,0,0,0,0,1,0
33,136,2,2,1,1,0,0,0,1,0,0,0,0,0,1,0
27,54,2,2,0,1,0,0,0,1,0,0,0,0,0,1,0
47,166,6,6,4,0,0,0,0,1,0,0,0,0,0,1,0
21,32,1,1,1,1,0,1,0,0,0,0,0,0,0,1,0
49,368,7,7,3,0,0,1,0,0,0,0,0,0,0,1,0
42,152,2,2,1,1,0,0,0,0,0,1,0,0,0,1,0
45,320,8,8,5,1,0,1,0,0,0,0,0,0,0,1,0
42,219,7,7,3,0,0,0,0,1,0,0,0,0,0,1,0
27,25,1,1,1,1,0,0,0,1,0,0,0,0,0,1,0
28,137,1,1,1,1,1,0,0,0,0,0,0,0,0,1,0
47,287,1,1,1,0,0,0,0,1,0,0,0,0,0,1,0
45,290,2,2,1,1,0,0,1,0,0,0,0,0,0,1,0
28,82,1,1,1,1,0,0,1,0,0,0,0,0,0,1,0
30,101,2,2,1,1,0,0,1,0,0,0,0,0,0,1,0
48,304,1,1,1,0,0,0,0,1,0,0,0,0,0,1,0
34,24,0,0,0,0,0,0,0,0,0,1,0,0,0,1,0
25,77,3,3,1,1,0,1,0,0,0,0,0,0,0,1,0
46,265,7,7,3,1,0,0,0,1,0,0,0,0,0,1,0
23,35,1,1,1,1,0,0,1,0,0,0,0,0,0,1,0
47,352,7,7,6,0,1,0,0,0,0,0,0,0,0,1,0
26,40,1,1,0,1,0,0,0,1,0,0,0,0,0,1,0
42,278,13,13,9,0,0,1,0,0,0,0,0,0,0,1,0
41,255,7,7,4,0,0,1,0,0,0,0,0,0,0,1,0
30,98,4,4,3,1,0,0,0,1,0,0,0,0,0,1,0
30,110,2,2,0,1,0,0,1,0,0,0,0,0,0,1,0
28,51,2,2,0,1,0,0,0,1,0,0,0,0,0,1,0
34,73,2,2,2,1,0,0,0,0,1,0,0,0,0,1,0
48,330,9,9,1,1,0,0,1,0,0,0,0,0,0,1,0
24,20,1,1,0,1,0,0,0,1,0,0,0,0,0,1,0
38,152,2,2,2,1,0,0,0,0,1,0,0,0,0,1,0
38,155,3,3,0,1,0,0,0,0,1,0,0,0,0,1,0
48,334,10,11,4,1,0,0,1,0,0,0,0,0,0,1,0
27,3,1,0,0,1,0,0,0,0,1,0,0,0,0,1,0
31,124,3,3,3,1,0,0,1,0,0,0,0,0,0,1,0
44,114,2,2,0,1,0,0,0,0,0,1,0,0,0,1,0
20,31,1,1,1,1,0,1,0,0,0,0,0,0,0,1,0
46,334,14,14,2,0,0,1,0,0,0,0,0,0,0,1,0
40,200,3,3,2,0,0,0,0,1,0,0,0,0,0,1,0
45,404,6,6,3,0,0,0,0,0,0,0,0,0,0,1,0
36,131,3,3,0,1,0,0,0,0,1,0,0,0,0,1,0
46,263,0,0,0,1,0,0,0,0,1,0,0,0,0,1,0
26,82,2,1,0,1,0,0,1,0,0,0,0,0,0,1,0
48,355,3,3,2,1,0,1,0,0,0,0,0,0,0,1,0
41,184,2,2,1,1,0,0,0,0,1,0,0,0,0,1,0
29,80,1,1,0,1,0,0,0,1,0,0,0,0,0,1,0
34,239,2,2,0,1,0,0,0,0,0,0,0,0,0,1,0
33,146,4,4,1,1,0,0,1,0,0,0,0,0,0,1,0
22,41,1,1,1,1,0,1,0,0,0,0,0,0,0,1,0
33,112,2,2,1,1,0,0,0,1,0,0,0,0,0,1,0
40,171,3,3,2,0,0,0,0,0,1,0,0,0,0,1,0
21,15,1,0,0,1,0,1,0,0,0,0,0,0,0,1,0
17,17,1,1,0,1,1,0,0,0,0,0,0,0,0,1,0
38,199,8,8,6,1,0,0,0,1,0,0,0,0,0,1,0
40,168,5,5,1,0,0,0,0,0,1,0,0,0,0,1,0
44,229,5,5,2,0,0,0,0,0,1,0,0,0,0,1,0
27,80,2,2,0,1,0,0,1,0,0,0,0,0,0,1,0
46,303,9,10,2,0,0,0,1,0,0,0,0,0,0,1,0
36,172,3,3,1,1,0,0,0,1,0,0,0,0,0,1,0
34,106,4,4,1,1,0,0,0,0,1,0,0,0,0,1,0
34,140,2,2,0,1,0,0,0,1,0,0,0,0,0,1,0
28,103,4,4,2,1,0,0,1,0,0,0,0,0,0,1,0
49,270,5,5,3,1,0,0,0,0,1,0,0,0,0,1,0
23,36,1,1,1,1,0,0,1,0,0,0,0,0,0,1,0
34,157,4,4,2,1,0,0,1,0,0,0,0,0,0,1,0
22,28,2,1,1,1,0,0,1,0,0,0,0,0,0,1,0
37,166,5,5,1,1,0,0,0,1,0,0,0,0,0,1,0
20,8,1,0,0,1,0,1,0,0,0,0,0,0,0,1,0
30,113,2,2,1,1,0,0,1,0,0,0,0,0,0,1,0
36,189,6,6,2,1,0,0,1,0,0,0,0,0,0,1,0
25,20,2,2,0,1,0,0,0,1,0,0,0,0,0,1,0
18,15,0,0,0,1,1,0,0,0,0,0,0,0,0,1,0
38,204,2,2,1,1,0,0,1,0,0,0,0,0,0,1,0
41,202,4,4,3,0,0,0,0,1,0,0,0,0,0,1,0
48,281,2,2,1,1,0,0,0,1,0,0,0,0,0,1,0
31,177,2,2,0,1,1,0,0,0,0,0,0,0,0,1,0
44,292,2,2,1,0,0,0,1,0,0,0,0,0,0,1,0
33,90,3,3,3,1,0,0,0,0,1,0,0,0,0,1,0
29,116,3,3,2,1,0,0,1,0,0,0,0,0,0,1,0
24,44,2,2,1,1,0,0,1,0,0,0,0,0,0,1,0
39,228,2,2,1,1,0,0,1,0,0,0,0,0,0,1,0
28,130,0,0,0,1,1,0,0,0,0,0,0,0,0,1,0
45,233,6,6,4,1,0,0,0,0,1,0,0,0,0,1,0
29,138,2,2,1,1,1,0,0,0,0,0,0,0,0,1,0
25,53,2,2,2,1,0,0,1,0,0,0,0,0,0,1,0
30,52,2,1,0,1,0,0,0,0,1,0,0,0,0,1,0
27,72,1,1,1,1,0,0,1,0,0,0,0,0,0,1,0
41,251,2,2,2,1,0,0,1,0,0,0,0,0,0,1,0
39,198,1,1,0,1,0,0,0,1,0,0,0,0,0,1,0
23,19,0,0,0,1,0,0,1,0,0,0,0,0,0,1,0
29,78,1,1,1,1,0,0,0,1,0,0,0,0,0,1,0
42,188,2,2,0,1,0,0,0,0,1,0,0,0,0,1,0
30,88,0,0,0,1,0,0,0,1,0,0,0,0,0,1,0
39,162,0,0,0,1,0,0,0,0,1,0,0,0,0,1,0
34,183,4,4,1,1,0,1,0,0,0,0,0,0,0,1,0
34,132,1,1,1,1,0,0,0,1,0,0,0,0,0,1,0
29,32,1,1,1,1,0,0,0,0,1,0,0,0,0,1,0
25,17,1,1,1,1,0,0,0,1,0,0,0,0,0,1,0
48,328,11,11,3,1,0,0,1,0,0,0,0,0,0,1,0
26,79,2,2,1,1,0,0,1,0,0,0,0,0,0,1,0
29,56,2,2,1,1,0,0,0,0,1,0,0,0,0,1,0
43,86,1,1,0,1,0,0,0,0,0,1,0,0,0,1,0
19,14,1,0,0,1,0,1,0,0,0,0,0,0,0,1,0
21,13,1,1,0,1,0,0,1,0,0,0,0,0,0,1,0
40,198,5,5,2,1,0,0,0,1,0,0,0,0,0,1,0
35,140,2,2,1,1,0,0,0,1,0,0,0,0,0,1,0
28,67,1,1,0,1,0,0,0,1,0,0,0,0,0,1,0
34,153,3,3,1,1,0,0,1,0,0,0,0,0,0,1,0
28,60,1,1,0,1,0,0,0,1,0,0,0,0,0,1,0
46,164,4,4,2,1,0,1,0,0,0,0,0,0,0,1,0
25,48,1,1,1,1,0,0,1,0,0,0,0,0,0,1,0
49,320,0,0,0,1,0,0,0,1,0,0,0,0,0,1,0
37,221,4,5,1,0,0,1,0,0,0,0,0,0,0,1,0
38,262,6,6,3,1,1,0,0,0,0,0,0,0,0,1,0
29,91,2,1,1,1,0,0,0,1,0,0,0,0,0,1,0
32,92,2,2,1,1,0,0,0,0,1,0,0,0,0,1,0
32,161,3,3,1,1,0,1,0,0,0,0,0,0,0,1,0
27,92,4,4,0,1,0,1,0,0,0,0,0,0,0,1,0
16,5,1,0,0,1,1,0,0,0,0,0,0,0,0,1,0
43,255,4,4,3,0,0,0,0,1,0,0,0,0,0,1,0
43,235,8,8,4,0,0,0,0,1,0,0,0,0,0,1,0
39,191,7,7,4,1,0,0,0,1,0,0,0,0,0,1,0
39,213,8,8,3,1,0,0,0,1,0,0,0,0,0,1,0
22,15,1,0,0,1,0,0,1,0,0,0,0,0,0,1,0
48,297,6,6,3,1,0,0,0,1,0,0,0,0,0,1,0
27,94,2,2,2,1,0,1,0,0,0,0,0,0,0,1,0
39,186,4,4,3,1,0,0,0,1,0,0,0,0,0,1,0
36,2,0,0,0,1,0,0,0,0,0,1,0,0,0,1,0
33,96,1,1,0,1,0,0,0,0,1,0,0,0,0,1,0
20,14,1,1,1,1,0,1,0,0,0,0,0,0,0,1,0
38,235,9,9,5,1,0,1,0,0,0,0,0,0,0,1,0
36,187,6,6,5,1,0,0,1,0,0,0,0,0,0,1,0
37,199,4,4,2,0,0,0,1,0,0,0,0,0,0,1,0
40,283,13,13,4,1,1,0,0,0,0,0,0,0,0,1,0
32,159,4,4,3,1,0,1,0,0,0,0,0,0,0,1,0
38,116,2,2,1,1,0,0,0,0,1,0,0,0,0,1,0
21,4,1,0,0,1,0,0,1,0,0,0,0,0,0,1,0
33,83,2,2,0,1,0,0,0,0,1,0,0,0,0,1,0
44,274,2,2,2,1,0,0,0,1,0,0,0,0,0,1,0
29,112,5,5,1,1,0,0,1,0,0,0,0,0,0,1,0
29,142,3,3,1,1,1,0,0,0,0,0,0,0,0,1,0
28,78,3,3,2,1,0,0,0,1,0,0,0,0,0,1,0
48,355,16,17,6,0,0,1,0,0,0,0,0,0,0,1,0
24,87,2,3,0,1,1,0,0,0,0,0,0,0,0,1,0
31,97,3,3,2,1,0,0,0,1,0,0,0,0,0,1,0
48,318,8,8,2,1,0,0,0,1,0,0,0,0,0,1,0
20,16,1,1,0,1,0,1,0,0,0,0,0,0,0,1,0
42,252,5,5,4,1,0,0,1,0,0,0,0,0,0,1,0
26,83,2,2,0,1,0,1,0,0,0,0,0,0,0,1,0
39,249,12,13,6,0,0,1,0,0,0,0,0,0,0,1,0
28,108,3,3,2,1,0,1,0,0,0,0,0,0,0,1,0
22,4,0,0,0,1,0,0,0,1,0,0,0,0,0,1,0
23,46,1,1,1,1,0,1,0,0,0,0,0,0,0,1,0
26,19,0,0,0,1,0,0,0,1,0,0,0,0,0,1,0
22,11,1,0,0,1,0,0,1,0,0,0,0,0,0,1,0
25,74,1,1,0,1,0,1,0,0,0,0,0,0,0,1,0
44,286,8,8,4,0,0,0,1,0,0,0,0,0,0,1,0
42,208,2,2,1,1,0,0,0,0,1,0,0,0,0,1,0
31,115,2,2,1,1,0,0,1,0,0,0,0,0,0,1,0
26,27,1,1,1,1,0,0,0,1,0,0,0,0,0,1,0
40,168,2,2,1,0,0,0,0,0,1,0,0,0,0,1,0
21,45,1,1,1,1,0,1,0,0,0,0,0,0,0,1,0
43,269,3,3,3,1,0,0,1,0,0,0,0,0,0,1,0
31,170,2,2,1,1,1,0,0,0,0,0,0,0,0,1,0
40,152,4,4,2,1,0,0,0,0,1,0,0,0,0,1,0
46,334,2,2,1,0,0,1,0,0,0,0,0,0,0,1,0
39,282,2,2,1,1,1,0,0,0,0,0,0,0,0,1,0
40,261,2,2,2,1,0,1,0,0,0,0,0,0,0,1,0
43,188,7,7,1,1,0,0,1,0,0,0,0,0,0,1,0
18,10,1,0,0,1,1,0,0,0,0,0,0,0,0,1,0
19,33,1,1,0,1,1,0,0,0,0,0,0,0,0,1,0
26,51,1,1,0,1,0,0,0,1,0,0,1,0,0,0,0
22,34,1,1,0,1,0,1,0,0,0,0,1,0,0,0,0
34,139,2,2,1,1,0,0,0,1,0,0,1,0,0,0,0
31,110,2,2,2,1,0,0,0,1,0,0,1,0,0,0,0
33,118,2,2,1,1,0,0,0,1,0,0,1,0,0,0,0
49,305,4,4,2,0,0,0,0,1,0,0,1,0,0,0,0
34,196,3,3,0,1,0,1,0,0,0,0,1,0,0,0,0
29,101,2,2,2,1,0,0,1,0,0,0,1,0,0,0,0
27,28,2,1,1,1,0,0,0,1,0,0,1,0,0,0,0
26,101,2,1,1,1,0,1,0,0,0,0,1,0,0,0,0
44,291,3,3,1,1,0,0,1,0,0,0,1,0,0,0,0
39,159,3,3,1,1,0,0,0,0,1,0,1,0,0,0,0
32,125,2,2,2,1,0,0,1,0,0,0,1,0,0,0,0
39,163,1,1,0,1,0,0,0,0,1,0,1,0,0,0,0
34,37,2,2,0,1,0,0,0,0,0,1,1,0,0,0,0
31,166,2,2,0,1,0,1,0,0,0,0,0,1,0,0,0
28,70,2,1,1,1,0,0,0,1,0,0,0,1,0,0,0
33,82,2,2,1,1,0,0,0,0,1,0,0,1,0,0,0
25,49,2,2,0,1,0,0,1,0,0,0,0,1,0,0,0
34,126,2,2,2,1,0,0,0,1,0,0,0,1,0,0,0
47,352,2,2,0,1,1,0,0,0,0,0,0,1,0,0,0
43,260,3,3,3,0,0,0,1,0,0,0,0,1,0,0,0
44,257,2,2,2,1,0,0,0,1,0,0,0,1,0,0,0
26,67,1,1,0,1,0,0,1,0,0,0,0,1,0,0,0
22,75,1,1,0,1,1,0,0,0,0,0,0,1,0,0,0
34,129,2,2,2,1,0,0,0,1,0,0,0,1,0,0,0
36,208,2,2,2,1,0,1,0,0,0,0,0,1,0,0,0
49,348,10,10,4,1,0,0,1,0,0,0,0,1,0,0,0
28,156,0,0,0,1,1,0,0,0,0,0,0,1,0,0,0
46,231,3,4,4,1,0,0,0,0,1,0,0,1,0,0,0
39,192,2,2,2,1,0,0,0,1,0,0,0,1,0,0,0
35,165,3,3,2,1,0,0,1,0,0,0,0,1,0,0,0
49,375,3,3,1,0,1,0,0,0,0,0,0,1,0,0,0
23,99,2,2,2,1,1,0,0,0,0,0,0,1,0,0,0
33,28,1,0,0,1,0,0,0,0,0,1,0,1,0,0,0
48,247,2,2,2,1,0,0,1,0,0,0,0,1,0,0,0
44,196,2,2,2,0,0,0,0,0,1,0,0,1,0,0,0
33,119,3,3,2,1,0,0,0,1,0,0,0,0,0,1,0
33,63,2,2,0,1,0,0,0,0,1,0,0,0,0,1,0
26,39,1,2,2,1,0,0,0,1,0,0,0,0,0,1,0
37,85,2,2,0,1,0,0,0,0,0,1,0,0,0,1,0
23,26,1,1,0,1,0,0,1,0,0,0,0,0,0,1,0
49,345,10,11,5,0,0,0,1,0,0,0,0,0,0,1,0
32,100,3,3,1,1,0,0,0,1,0,0,0,0,0,1,0
28,42,2,1,1,1,0,0,0,0,1,0,0,0,0,1,0
32,164,2,2,1,1,0,1,0,0,0,0,0,0,0,1,0
20,10,1,0,0,1,0,1,0,0,0,0,0,0,0,1,0
49,314,4,4,3,1,0,0,0,1,0,0,0,0,0,1,0
22,48,2,1,1,1,0,1,0,0,0,0,0,0,0,1,0
22,34,2,2,2,1,0,0,1,0,0,0,0,0,0,1,0
22,53,1,1,0,1,0,1,0,0,0,0,0,0,0,1,0
28,68,2,2,2,1,0,0,0,1,0,0,0,0,0,1,0
46,221,5,5,2,1,0,0,0,0,1,0,0,0,0,1,0
49,330,12,12,9,0,0,0,1,0,0,0,0,0,0,1,0
39,165,1,1,1,1,0,0,0,0,1,0,0,0,0,1,0
42,250,5,5,1,1,0,0,1,0,0,0,0,0,0,1,0
35,114,4,4,3,1,0,0,0,0,1,0,0,0,0,1,0
40,249,6,6,4,1,0,0,1,0,0,0,0,0,0,1,0
43,199,6,7,4,0,0,0,0,0,1,0,0,0,0,1,0
42,209,5,5,1,1,0,0,0,0,1,0,0,0,0,1,0
38,215,11,10,6,0,0,0,1,0,0,0,0,0,0,1,0
48,301,8,9,6,0,0,0,0,1,0,0,0,0,0,1,0
28,29,1,1,1,1,0,0,0,0,1,0,0,0,0,1,0
29,110,2,2,1,1,0,0,1,0,0,0,0,0,0,1,0
29,101,2,2,1,1,0,0,1,0,0,0,0,0,0,1,0
22,24,1,1,1,1,0,0,1,0,0,0,0,0,0,1,0
24,37,2,2,1,1,0,0,1,0,0,0,0,0,0,1,0
30,71,3,2,2,1,0,0,0,1,0,0,0,0,0,1,0
46,323,8,8,3,1,0,1,0,0,0,0,0,0,0,1,0
47,258,11,11,7,1,0,0,0,0,1,0,0,0,0,1,0
32,24,0,0,0,1,0,0,0,0,0,1,0,0,0,1,0
35,189,9,8,4,1,0,1,0,0,0,0,0,0,0,1,0
48,351,7,7,3,1,0,1,0,0,0,0,0,0,0,1,0
48,140,1,1,0,1,0,0,0,0,0,1,0,0,0,1,0
43,199,3,3,2,1,0,0,0,0,1,0,0,0,0,1,0
46,251,5,5,2,0,0,0,0,0,1,0,0,0,0,1,0
36,114,4,4,3,1,0,0,0,0,1,0,0,0,0,1,0
28,16,1,1,1,1,0,0,0,0,1,0,0,0,0,1,0
38,51,1,1,1,1,0,0,0,0,0,1,0,0,0,1,0
36,168,6,6,3,1,0,0,0,1,0,0,0,0,0,1,0
49,283,9,9,5,0,0,0,0,0,1,0,0,0,0,1,0
37,145,2,2,2,1,0,0,0,0,1,0,0,0,0,1,0
44,225,5,5,4,1,0,0,0,0,1,0,0,0,0,1,0
43,234,6,6,3,1,0,0,0,1,0,0,0,0,0,1,0
22,44,2,2,2,1,0,1,0,0,0,0,0,0,0,1,0
33,94,2,2,2,1,0,0,0,0,1,0,0,0,0,1,0
43,270,2,2,2,1,0,0,1,0,0,0,0,0,0,1,0
17,8,1,1,0,1,1,0,0,0,0,0,0,0,0,1,0
42,239,3,3,2,1,0,0,0,1,0,0,0,0,0,1,0
28,69,2,2,1,1,0,0,0,1,0,0,0,0,0,1,0
34,11,1,1,1,1,0,0,0,0,0,1,0,0,0,1,0
32,54,1,1,1,1,0,0,0,0,1,0,0,0,0,0,1
48,311,3,3,1,1,0,0,0,1,0,0,0,0,0,0,1
29,19,1,1,1,1,0,0,0,0,1,0,0,0,0,0,1
22,57,1,1,1,1,0,1,0,0,0,0,0,0,0,0,1
39,175,2,2,0,1,0,0,0,0,1,0,0,0,0,0,1
45,350,9,9,2,1,1,0,0,0,0,0,0,0,0,0,1
21,6,1,0,0,1,0,0,1,0,0,0,0,0,0,0,1
48,192,2,2,2,1,0,0,0,0,0,1,0,0,0,0,1
44,154,2,2,1,1,0,0,0,1,0,0,0,0,0,0,1
31,38,1,1,1,1,0,0,0,0,1,0,0,0,0,0,1
41,271,1,1,1,1,0,1,0,0,0,0,0,0,0,0,1
26,63,2,2,2,1,0,0,1,0,0,0,0,0,0,0,1
33,29,1,1,1,1,0,0,0,0,1,0,0,0,0,0,1
20,14,1,1,1,1,0,1,0,0,0,0,0,0,0,0,1
47,329,1,1,1,1,0,0,1,0,0,0,0,0,0,0,1
29,101,2,2,1,1,0,0,1,0,0,0,0,0,0,0,1
32,124,2,2,1,1,0,0,0,1,0,0,0,0,0,0,1
42,219,1,1,0,1,0,0,0,1,0,0,0,0,0,0,1
26,48,1,1,0,1,0,0,0,1,0,0,0,0,0,0,1
22,44,2,2,1,1,0,1,0,0,0,0,0,0,0,0,1
44,261,2,2,2,0,0,0,0,1,0,0,0,0,0,0,1
48,278,4,4,3,1,0,0,0,0,1,0,0,0,0,0,1
44,218,3,3,1,1,0,0,0,0,1,0,0,0,0,0,1
28,89,3,2,1,1,0,0,1,0,0,0,0,0,0,0,1
31,116,2,2,2,1,0,0,1,0,0,0,0,0,0,0,1
44,193,6,6,2,0,0,0,0,0,1,0,0,0,0,0,1
36,65,1,1,1,0,0,0,0,0,0,1,0,0,0,0,1
28,62,2,2,0,1,0,0,0,1,0,0,0,0,0,0,1
30,113,2,2,0,1,0,0,1,0,0,0,0,0,0,0,1
45,239,2,2,1,1,0,0,0,0,1,0,0,0,0,0,1
38,144,1,1,1,1,0,0,0,0,1,0,0,0,0,0,1
39,186,2,2,1,0,0,0,0,1,0,0,0,0,0,0,1
45,226,2,2,1,1,0,0,0,0,1,0,0,0,0,0,1
44,230,1,2,2,1,0,0,0,1,0,0,0,0,0,0,1
43,217,3,3,1,1,0,0,1,0,0,0,0,0,0,0,1
38,166,2,2,2,1,0,0,0,1,0,0,0,0,0,0,1
30,158,3,3,2,1,1,0,0,0,0,0,0,0,0,0,1
26,11,0,0,0,1,0,0,0,0,1,0,0,0,0,0,1
26,140,2,2,2,1,1,0,0,0,0,0,0,0,0,0,1
29,125,2,2,0,1,0,1,0,0,0,0,0,0,0,0,1
21,35,0,0,0,1,0,1,0,0,0,0,0,0,0,0,1
42,209,3,3,3,1,0,0,0,0,1,0,0,0,0,0,1
25,65,1,1,1,1,0,1,0,0,0,0,0,0,0,0,1
35,134,3,2,0,1,0,0,0,1,0,0,0,0,0,0,1
36,212,4,4,1,1,0,1,0,0,0,0,0,0,0,0,1
36,150,4,4,3,1,0,0,1,0,0,0,0,0,0,0,1
30,106,2,2,1,1,0,0,1,0,0,0,0,0,0,0,1
38,144,1,1,0,1,0,0,0,0,1,0,0,0,0,0,1
26,6,1,0,0,1,0,0,0,0,1,0,0,0,0,0,1
45,265,5,5,1,0,0,0,0,1,0,0,0,0,0,0,1
42,243,3,3,1,0,0,0,0,1,0,0,0,0,0,0,1
39,238,2,2,1,1,0,1,0,0,0,0,0,0,0,0,1
49,129,1,1,1,1,0,0,0,0,1,0,0,0,0,0,1
44,177,2,2,1,1,0,0,0,0,1,0,0,0,0,0,1
46,239,2,2,1,1,0,0,0,0,1,0,0,0,0,0,1
47,313,2,2,1,1,0,0,1,0,0,0,0,0,0,0,1
36,143,3,3,1,1,0,0,0,1,0,0,0,0,0,0,1
33,170,3,3,2,1,0,1,0,0,0,0,0,0,0,0,1
28,35,1,1,0,1,0,0,0,0,1,0,0,0,0,0,1
28,76,2,2,0,1,0,0,1,0,0,0,0,0,0,0,1
47,298,3,3,2,1,0,0,0,1,0,0,0,0,0,0,1
29,97,1,1,0,1,0,0,1,0,0,0,0,0,0,0,1
37,123,2,2,1,1,0,0,0,0,1,0,0,0,0,0,1
32,174,3,3,0,1,0,1,0,0,0,0,0,0,0,0,1
45,251,0,0,0,1,0,0,0,1,0,0,0,0,0,0,1
44,197,1,1,1,1,0,0,0,0,1,0,0,0,0,0,1
25,42,1,1,1,1,0,0,0,1,0,0,0,0,0,1,0
30,35,1,1,1,1,0,0,0,0,1,0,0,0,0,0,1
39,208,1,1,0,1,0,0,0,1,0,0,0,0,0,0,1
40,238,3,3,1,1,0,0,1,0,0,0,0,0,0,0,1
35,184,4,4,2,1,0,1,0,0,0,0,0,0,0,0,1
30,91,2,2,1,1,0,0,0,1,0,0,0,0,0,0,1
40,144,2,2,0,1,0,0,0,0,1,0,0,0,0,0,1
43,231,0,0,0,1,0,0,0,1,0,0,0,0,0,0,1
25,51,2,2,1,1,0,0,1,0,0,0,0,0,0,0,1
25,122,0,0,0,1,1,0,0,0,0,0,0,0,0,0,1
29,64,1,1,1,1,0,0,0,1,0,0,0,0,0,0,1
44,140,3,3,1,1,0,0,0,0,0,1,0,0,0,0,1
39,222,4,4,3,1,0,0,1,0,0,0,0,0,0,0,1
41,270,1,1,1,1,0,1,0,0,0,0,0,0,0,0,1
34,84,2,2,0,1,0,0,0,0,1,0,0,0,0,0,1
44,207,5,5,3,0,0,0,0,0,1,0,0,0,0,0,1
25,59,2,2,2,1,0,0,1,0,0,0,0,0,0,0,1
24,42,2,2,1,1,0,0,1,0,0,0,0,0,0,0,1
31,16,0,0,0,1,0,0,0,0,0,1,0,0,0,0,1
49,338,1,1,0,0,0,0,1,0,0,0,0,0,0,0,1
26,60,1,1,1,1,0,0,1,0,0,0,0,0,0,0,1
35,83,2,2,1,1,0,0,0,0,1,0,0,0,0,0,1
42,267,4,4,3,1,0,0,1,0,0,0,0,0,0,0,1
26,35,1,1,0,1,0,0,0,1,0,0,0,0,0,0,1
30,109,1,1,1,1,0,0,1,0,0,0,0,0,0,0,1
42,218,2,2,1,1,0,0,0,1,0,0,0,0,0,0,1
17,2,0,0,0,1,1,0,0,0,0,0,0,0,0,0,1
35,129,2,2,2,1,0,0,0,1,0,0,0,0,0,0,1
36,190,3,3,2,1,0,0,1,0,0,0,0,0,0,0,1
47,347,3,3,2,1,0,1,0,0,0,0,0,0,0,0,1
33,129,1,1,1,1,0,0,0,1,0,0,0,0,0,0,1
31,167,4,4,3,1,1,0,0,0,0,0,0,0,0,0,1
33,147,1,1,1,1,0,0,1,0,0,0,0,0,0,0,1
30,91,3,3,0,1,0,0,0,1,0,0,0,0,0,0,1
37,135,2,2,2,1,0,0,0,0,1,0,0,0,0,0,1
25,83,2,2,2,1,0,1,0,0,0,0,0,0,0,0,1
31,92,1,1,1,1,0,0,0,1,0,0,0,0,0,0,1
40,246,3,3,1,1,0,1,0,0,0,0,0,0,0,0,1
45,276,4,4,2,1,0,0,0,1,0,0,0,0,0,0,1
28,85,2,2,0,1,0,0,1,0,0,0,0,0,0,0,1
38,186,2,2,1,1,0,0,0,1,0,0,0,0,0,0,1
49,264,6,6,4,1,0,0,0,0,1,0,0,0,0,0,1
45,272,2,2,2,1,0,0,0,1,0,0,0,0,0,0,1
33,195,3,3,2,1,1,0,0,0,0,0,0,0,0,0,1
35,159,0,0,0,1,0,0,0,1,0,0,0,0,0,0,1
35,147,2,2,1,1,0,0,0,1,0,0,0,0,0,0,1
41,221,1,1,0,1,0,0,0,1,0,0,0,0,0,0,1
32,117,4,4,2,1,0,0,0,1,0,0,0,0,0,0,1
49,255,6,6,2,1,0,0,0,0,1,0,0,0,0,0,1
31,34,2,1,1,1,0,0,0,0,1,0,0,0,0,0,1
35,97,0,0,0,1,0,0,0,0,1,0,0,0,0,0,1
38,130,2,2,1,1,0,0,0,0,1,0,0,0,0,0,1
49,264,6,6,4,1,0,0,0,0,1,0,0,0,0,0,1
44,295,3,3,3,1,0,1,0,0,0,0,0,0,0,0,1
39,108,2,2,2,1,0,0,0,0,0,1,0,0,0,0,1
28,160,3,3,0,1,0,0,0,0,0,0,0,0,0,0,1
22,12,1,1,1,1,0,1,0,0,0,0,0,0,0,0,1
33,147,3,3,2,1,0,0,1,0,0,0,0,0,0,0,1
42,181,4,4,1,1,0,0,0,0,1,0,0,0,0,0,1
41,234,2,2,1,1,0,0,1,0,0,0,0,0,0,0,1
45,327,8,8,5,1,0,1,0,0,0,0,0,0,0,0,1
47,327,6,6,4,1,0,0,1,0,0,0,0,0,0,0,1
25,20,1,1,1,1,0,0,0,1,0,0,0,0,0,0,1
45,340,5,5,2,0,1,0,0,0,0,0,0,0,0,0,1
36,138,2,2,0,1,0,0,0,0,1,0,0,0,0,0,1
39,222,2,2,0,1,0,0,1,0,0,0,0,0,0,0,1
46,299,3,3,2,0,0,0,1,0,0,0,0,0,0,0,1
47,265,2,2,1,1,0,0,0,0,1,0,0,0,0,0,1
49,293,2,2,1,1,0,0,0,1,0,0,0,0,0,0,1
27,7,1,0,0,1,0,0,0,0,1,0,0,0,0,0,1
25,55,2,2,2,1,0,0,1,0,0,0,0,0,0,0,1
49,272,2,2,0,1,0,0,0,0,1,0,0,0,0,0,1
46,244,2,2,0,1,0,0,0,0,1,0,0,0,0,0,1
36,220,3,3,2,1,1,0,0,0,0,0,0,0,0,0,1
34,167,2,2,1,1,0,0,1,0,0,0,0,0,0,0,1
48,296,2,2,1,1,0,0,0,1,0,0,0,0,0,0,1
21,3,0,0,0,1,0,0,1,0,0,0,0,0,0,0,1
45,244,2,2,1,1,0,0,0,1,0,0,0,0,0,0,1
28,25,1,1,0,1,0,0,0,0,1,0,0,0,0,0,1
40,252,2,2,1,1,0,1,0,0,0,0,0,0,0,0,1
34,124,2,2,0,1,0,0,0,1,0,0,0,0,0,0,1
47,236,4,4,3,1,0,0,0,0,1,0,0,0,0,0,1
38,176,1,1,1,1,0,0,0,1,0,0,0,0,0,0,1
40,226,7,7,3,0,0,0,0,1,0,0,0,0,0,0,1
45,267,3,4,3,1,0,0,0,1,0,0,0,0,0,0,1
36,181,0,0,0,1,0,0,1,0,0,0,0,0,0,0,1
40,52,5,5,3,1,0,0,1,0,0,0,0,0,0,0,1
34,204,5,5,3,1,1,0,0,0,0,0,0,0,0,0,1
34,173,1,1,1,1,0,0,1,0,0,0,0,0,0,0,1
29,169,4,4,2,1,1,0,0,0,0,0,0,0,0,0,1
41,153,5,5,1,1,0,0,1,0,0,0,0,0,0,0,1
41,231,3,3,2,0,0,0,0,1,0,0,0,0,0,0,1
49,418,5,5,2,0,0,0,0,0,0,0,0,0,0,0,1
21,38,1,1,0,1,0,1,0,0,0,0,0,0,0,0,1
46,238,6,6,2,0,0,0,0,0,1,0,0,0,0,0,1
29,107,3,3,2,1,0,0,1,0,0,0,0,0,0,1,0
20,40,0,0,0,1,1,0,0,0,0,0,0,0,0,1,0
35,127,3,3,0,1,0,0,0,1,0,0,0,0,0,1,0
47,256,7,7,6,1,0,0,0,0,1,0,0,0,0,1,0
41,202,9,8,5,1,0,0,0,1,0,0,0,0,0,1,0
25,36,2,2,2,1,0,0,0,1,0,0,0,0,0,1,0
21,39,1,1,1,1,0,1,0,0,0,0,0,0,0,1,0
48,201,6,6,3,1,0,0,0,1,0,0,0,0,0,1,0
35,101,3,3,1,1,0,0,0,0,1,0,0,0,0,1,0
35,90,1,1,0,1,0,0,0,0,1,0,0,0,0,1,0
31,129,5,5,4,1,0,0,1,0,0,0,0,0,0,1,0
27,64,0,0,0,1,0,0,0,1,0,0,0,0,0,1,0
25,57,3,2,1,1,0,0,1,0,0,0,0,0,0,1,0
46,284,3,3,2,1,0,0,0,1,0,0,0,0,0,1,0
26,57,2,2,2,1,0,0,1,0,0,0,0,0,0,1,0
31,49,1,1,0,1,0,0,0,0,1,0,0,0,0,1,0
49,344,6,6,2,1,0,0,1,0,0,0,0,0,0,1,0
25,35,1,1,1,1,0,0,0,1,0,0,0,0,0,1,0
31,51,3,3,1,1,0,0,0,0,1,0,0,0,0,1,0
43,229,2,2,1,1,0,0,0,1,0,0,0,0,0,1,0
43,221,1,1,0,0,0,0,0,0,1,0,0,0,0,1,0
28,51,2,1,1,1,0,0,0,1,0,0,0,0,0,1,0
35,156,2,2,0,1,0,0,0,1,0,0,0,0,0,1,0
28,80,2,2,1,1,0,0,1,0,0,0,0,0,0,1,0
38,160,2,2,2,1,0,0,0,1,0,0,0,0,0,1,0
22,39,1,1,1,1,0,1,0,0,0,0,0,0,0,1,0
32,164,1,1,0,1,0,1,0,0,0,0,0,0,0,1,0
25,11,0,0,0,1,0,0,0,1,0,0,0,0,0,1,0
31,88,1,1,0,1,0,0,0,1,0,0,0,0,0,1,0
28,95,3,3,3,1,0,0,1,0,0,0,0,0,0,1,0
48,263,5,5,3,1,0,0,0,0,1,0,0,0,0,1,0
47,222,5,5,2,1,0,0,0,0,1,0,0,0,0,1,0
25,40,1,1,0,1,0,0,0,1,0,0,0,0,0,1,0
28,75,2,2,0,1,0,0,1,0,0,0,0,0,0,1,0
28,54,2,2,1,1,0,0,0,1,0,0,0,0,0,1,0
31,134,2,2,1,1,0,0,1,0,0,0,0,0,0,1,0
37,202,2,2,1,1,0,0,1,0,0,0,0,0,0,1,0
28,52,1,1,1,1,0,0,0,1,0,0,0,0,0,1,0
26,23,2,1,0,1,0,0,0,1,0,0,0,0,0,1,0
41,234,2,2,2,1,0,0,0,1,0,0,0,0,0,1,0
36,135,4,4,1,1,0,0,0,0,1,0,0,0,0,1,0
45,266,4,4,1,1,0,0,0,1,0,0,0,0,0,1,0
24,42,1,1,0,1,0,0,1,0,0,0,0,0,0,1,0
24,3,1,0,0,1,0,0,0,1,0,0,0,0,0,1,0
29,36,1,1,0,1,0,0,0,0,1,0,0,0,0,1,0
19,15,0,0,0,1,0,1,0,0,0,0,0,0,0,1,0
43,256,4,4,3,1,0,0,0,1,0,0,0,0,0,1,0
44,268,5,5,4,1,0,0,1,0,0,0,0,0,0,1,0
48,295,4,4,1,1,0,0,0,1,0,0,0,0,0,1,0
27,51,1,1,1,1,0,0,0,1,0,0,0,0,0,1,0
45,290,2,2,0,1,0,0,1,0,0,0,0,0,0,1,0
30,52,1,1,1,1,0,0,0,0,1,0,0,0,0,1,0
34,104,3,2,2,1,0,0,0,0,1,0,0,0,0,1,0
49,356,6,6,3,1,0,0,1,0,0,0,0,0,0,1,0
27,68,1,1,0,1,0,0,1,0,0,0,0,0,0,1,0
34,86,1,1,1,1,0,0,0,0,1,0,0,0,0,1,0
47,243,2,2,1,0,0,0,0,0,1,0,0,0,0,1,0
30,111,1,1,0,1,0,0,1,0,0,0,0,0,0,1,0
26,29,0,0,0,1,0,0,0,1,0,0,0,0,0,1,0
21,36,1,1,1,1,0,1,0,0,0,0,0,0,0,1,0
41,234,6,6,3,1,0,0,0,1,0,0,0,0,0,1,0
32,102,2,2,2,1,0,0,0,1,0,0,0,0,0,1,0
33,91,3,3,1,1,0,0,0,0,1,0,0,0,0,1,0
27,121,3,3,1,1,1,0,0,0,0,0,0,0,0,1,0
31,60,1,1,1,1,0,0,0,0,1,0,0,0,0,1,0
30,170,3,3,2,1,1,0,0,0,0,0,0,0,0,1,0
31,84,2,2,1,1,0,0,0,1,0,0,0,0,0,1,0
39,197,3,3,2,1,0,0,0,1,0,0,0,0,0,1,0
38,139,3,3,3,1,0,0,0,0,1,0,0,0,0,1,0
44,312,2,2,1,0,0,1,0,0,0,0,0,0,0,1,0
44,151,2,2,2,0,0,0,0,0,0,1,0,0,0,1,0
46,300,9,10,8,0,0,0,1,0,0,0,0,0,0,1,0
44,260,4,4,2,1,0,0,0,1,0,0,0,0,0,1,0
40,177,2,3,1,1,0,0,0,1,0,0,0,0,0,1,0
37,216,3,3,2,1,0,1,0,0,0,0,0,0,0,1,0
23,3,1,0,0,1,0,0,0,1,0,0,0,0,0,1,0
40,278,6,6,2,0,1,0,0,0,0,0,0,0,0,1,0
35,156,4,4,1,1,0,0,0,1,0,0,0,0,0,1,0
33,154,3,3,2,1,0,0,1,0,0,0,0,0,0,1,0
49,301,6,6,4,0,0,0,0,1,0,0,0,0,0,1,0
26,74,2,1,1,1,0,0,1,0,0,0,0,0,0,1,0
48,305,13,13,8,0,0,0,0,1,0,0,0,0,0,1,0
32,86,3,3,3,1,0,0,0,1,0,0,0,0,0,1,0
45,263,7,7,4,0,0,1,0,0,0,0,0,0,0,1,0
39,230,4,4,2,1,0,0,1,0,0,0,0,0,0,1,0
27,49,3,2,2,1,0,0,0,1,0,0,0,0,0,1,0
38,174,2,2,2,1,0,0,0,1,0,0,0,0,0,1,0
37,160,2,2,1,1,0,0,0,1,0,0,0,0,0,1,0
40,127,0,0,0,1,0,0,0,0,1,0,0,0,0,1,0
33,43,1,1,1,1,0,0,0,0,1,0,0,0,0,1,0
40,174,2,2,1,1,0,0,0,0,1,0,0,0,0,1,0
42,218,3,3,1,1,0,0,0,1,0,0,0,0,0,1,0
39,235,2,2,1,1,0,1,0,0,0,0,0,0,0,1,0
30,52,1,1,1,1,0,0,0,0,1,0,0,0,0,1,0
38,47,1,1,0,1,0,0,0,0,0,1,0,0,0,1,0
36,146,2,2,0,1,0,0,0,1,0,0,0,0,0,1,0
27,86,1,1,0,1,0,0,1,0,0,0,0,0,0,1,0
40,52,1,1,0,1,0,1,0,0,0,0,1,0,0,0,0
23,25,1,1,1,1,0,0,1,0,0,0,1,0,0,0,0
38,138,1,1,1,1,0,0,0,0,1,0,1,0,0,0,0
30,111,2,2,0,1,0,0,1,0,0,0,1,0,0,0,0
40,237,2,2,1,1,0,0,1,0,0,0,1,0,0,0,0
32,178,3,3,2,1,0,1,0,0,0,0,1,0,0,0,0
29,102,2,2,1,1,0,0,1,0,0,0,1,0,0,0,0
23,49,3,3,1,1,0,1,0,0,0,0,1,0,0,0,0
44,297,4,4,1,1,1,0,0,0,0,0,1,0,0,0,0
38,161,3,3,2,1,0,0,0,0,1,0,1,0,0,0,0
29,94,1,1,0,1,0,0,0,1,0,0,1,0,0,0,0
34,142,2,2,0,1,0,0,0,1,0,0,1,0,0,0,0
20,6,0,0,0,1,0,1,0,0,0,0,1,0,0,0,0
31,29,1,1,1,1,0,0,0,0,1,0,1,0,0,0,0
30,62,2,2,0,1,0,0,0,1,0,0,1,0,0,0,0
49,350,3,3,1,1,0,0,1,0,0,0,1,0,0,0,0
27,99,1,1,0,1,0,1,0,0,0,0,0,0,0,1,0
34,111,2,2,1,1,0,0,0,0,1,0,0,0,0,1,0
22,55,1,1,0,1,1,0,0,0,0,0,0,0,0,1,0
42,180,3,3,1,1,0,0,0,0,1,0,0,0,0,1,0
31,79,1,1,0,1,0,0,0,0,1,0,0,0,0,1,0
41,161,4,4,1,1,0,0,0,0,1,0,0,0,0,1,0
22,27,1,0,0,1,0,1,0,0,0,0,0,0,0,1,0
43,301,1,1,0,1,0,1,0,0,0,0,0,0,0,1,0
20,10,0,0,0,1,0,1,0,0,0,0,0,0,0,1,0
37,134,3,3,3,1,0,0,0,0,1,0,0,0,0,1,0
27,48,1,1,0,1,0,0,0,1,0,0,0,0,0,1,0
35,131,2,2,1,1,0,0,0,1,0,0,0,0,0,1,0
48,187,2,2,1,1,0,0,0,1,0,0,0,0,0,1,0
30,71,2,2,0,1,0,0,0,1,0,0,0,0,0,1,0
35,107,0,0,0,1,0,0,0,0,1,0,0,0,0,1,0
38,110,2,2,1,1,0,0,0,0,1,0,0,0,0,1,0
26,42,1,1,1,1,0,0,0,1,0,0,0,0,0,1,0
48,396,2,2,1,1,1,0,0,0,0,0,0,0,0,1,0
40,248,2,2,2,1,0,0,1,0,0,0,1,0,0,0,0
35,86,1,1,0,1,0,0,0,0,1,0,1,0,0,0,0
37,140,0,0,0,1,0,0,0,0,1,0,1,0,0,0,0
27,65,2,2,1,1,0,0,0,1,0,0,0,0,0,1,0
20,16,1,1,1,1,0,1,0,0,0,0,0,0,0,1,0
43,162,3,3,2,1,0,0,0,0,0,1,0,0,0,1,0
35,101,4,5,3,1,0,0,0,0,1,0,0,0,0,1,0
37,199,8,8,4,1,0,0,1,0,0,0,0,0,0,1,0
42,259,6,6,3,0,0,0,1,0,0,0,0,0,0,1,0
26,43,0,0,0,1,0,0,0,1,0,0,0,0,0,1,0
46,290,9,9,4,1,0,0,0,1,0,0,0,0,0,1,0
44,245,4,4,1,1,0,0,0,1,0,0,0,0,0,1,0
37,180,1,1,1,1,0,0,0,1,0,0,0,0,0,1,0
44,184,1,1,1,1,0,0,0,0,1,0,0,0,0,1,0
44,202,3,3,2,0,0,0,0,0,1,0,0,0,0,1,0
43,210,4,4,3,1,0,0,0,0,1,0,0,0,0,1,0
36,174,2,2,0,1,0,0,0,1,0,0,0,0,0,1,0
46,239,3,3,1,1,0,0,0,0,1,0,0,0,0,1,0
42,258,3,3,1,1,0,0,1,0,0,0,0,0,0,1,0
38,224,5,6,4,1,0,1,0,0,0,0,0,0,0,1,0
39,177,1,1,1,1,0,0,0,0,1,0,0,0,0,1,0
47,300,6,6,3,0,0,0,0,1,0,0,0,0,0,1,0
32,103,2,2,2,1,0,0,0,1,0,0,0,0,0,1,0
32,158,4,4,4,1,0,1,0,0,0,0,0,0,0,1,0
35,120,2,2,0,1,0,0,0,0,1,0,0,0,0,1,0
19,15,1,1,1,1,0,1,0,0,0,0,0,0,0,1,0
45,260,2,2,2,1,0,0,0,1,0,0,1,0,0,0,0
27,97,2,2,1,1,0,1,0,0,0,0,1,0,0,0,0
33,180,3,3,1,1,0,1,0,0,0,0,1,0,0,0,0
38,234,4,4,3,0,0,1,0,0,0,0,1,0,0,0,0
34,142,3,3,2,0,0,0,0,1,0,0,1,0,0,0,0
48,277,2,2,1,1,0,0,0,0,1,0,1,0,0,0,0
45,274,1,1,0,1,0,0,0,1,0,0,1,0,0,0,0
23,20,1,1,1,1,0,0,1,0,0,0,1,0,0,0,0
40,221,7,8,7,1,0,0,1,0,0,0,1,0,0,0,0
47,355,7,7,2,1,1,0,0,0,0,0,1,0,0,0,0
45,291,2,2,1,1,0,0,1,0,0,0,1,0,0,0,0
21,23,1,1,1,1,0,1,0,0,0,0,1,0,0,0,0
28,63,2,2,2,1,0,0,0,1,0,0,1,0,0,0,0
44,194,2,2,1,1,0,0,0,0,1,0,1,0,0,0,0
37,147,5,5,2,1,0,0,1,0,0,0,1,0,0,0,0
27,36,1,1,0,1,0,0,0,1,0,0,1,0,0,0,0
27,92,3,3,3,1,0,1,0,0,0,0,1,0,0,0,0
40,250,5,5,3,1,0,1,0,0,0,0,1,0,0,0,0
31,158,3,3,2,1,0,1,0,0,0,0,1,0,0,0,0
49,57,1,1,1,1,0,0,0,1,0,0,1,0,0,0,0
27,105,2,2,1,1,0,1,0,0,0,0,1,0,0,0,0
25,74,2,2,2,1,0,1,0,0,0,0,1,0,0,0,0
25,51,2,2,2,1,0,0,1,0,0,0,1,0,0,0,0
47,248,8,8,4,0,0,1,0,0,0,0,1,0,0,0,0
45,246,3,3,3,1,0,0,0,1,0,0,1,0,0,0,0
44,335,6,6,3,1,1,0,0,0,0,0,0,0,0,1,0
17,40,2,2,1,1,0,0,0,0,0,0,0,0,0,1,0
28,49,2,2,1,1,0,0,0,1,0,0,0,0,0,1,0
34,194,2,2,1,1,1,0,0,0,0,0,0,0,0,1,0
30,101,1,1,1,1,0,0,0,1,0,0,0,0,0,1,0
48,284,3,3,3,1,0,0,0,1,0,0,0,0,0,1,0
37,146,1,1,1,1,0,0,0,0,1,0,0,0,0,1,0
30,42,1,1,0,1,0,0,0,0,1,0,0,0,0,1,0
49,355,2,2,1,1,0,1,0,0,0,0,0,0,0,1,0
46,259,2,2,2,1,0,0,0,0,1,0,0,0,0,1,0
49,303,3,3,2,1,0,0,0,1,0,0,0,0,0,1,0
24,42,1,1,0,1,0,0,1,0,0,0,0,0,0,1,0
43,213,4,4,2,1,0,1,0,0,0,0,0,0,0,1,0
22,14,1,0,0,1,0,0,1,0,0,0,0,0,0,1,0
44,304,3,3,3,1,0,1,0,0,0,0,0,0,0,1,0
42,238,4,4,1,0,0,0,0,1,0,0,0,0,0,1,0
49,319,3,3,3,1,0,1,0,0,0,0,0,0,0,1,0
34,120,2,2,2,1,0,0,0,1,0,0,0,0,0,1,0
41,278,5,5,5,1,0,1,0,0,0,0,0,0,0,1,0
48,303,4,4,0,1,0,0,0,1,0,0,0,0,0,1,0
28,85,2,2,1,1,0,0,1,0,0,0,0,0,0,1,0
44,307,2,2,1,1,0,1,0,0,0,0,0,0,0,1,0
36,141,2,2,2,1,0,0,0,0,1,0,0,0,0,1,0
37,139,2,2,0,1,0,0,0,0,1,0,0,0,0,1,0
45,146,2,2,1,1,0,0,0,0,0,1,0,0,0,1,0
23,9,0,0,0,1,0,0,0,1,0,0,0,0,0,1,0
34,9,0,0,0,1,0,0,0,0,0,1,0,1,0,0,0
33,128,1,1,1,1,0,0,0,1,0,0,0,1,0,0,0
18,7,1,0,0,1,0,1,0,0,0,0,0,1,0,0,0
34,129,2,2,2,1,0,0,0,1,0,0,0,1,0,0,0
42,232,1,1,1,1,0,0,0,1,0,0,0,1,0,0,0
19,6,1,1,1,1,0,1,0,0,0,0,0,1,0,0,0
41,207,8,8,2,1,0,0,1,0,0,0,0,1,0,0,0
22,4,0,0,0,1,0,0,0,1,0,0,0,1,0,0,0
28,59,3,3,1,1,0,0,0,1,0,0,0,1,0,0,0
32,85,1,1,1,1,0,0,0,0,1,0,0,1,0,0,0
28,65,1,1,1,1,0,0,0,1,0,0,0,1,0,0,0
43,254,0,0,0,1,0,0,1,0,0,0,0,1,0,0,0
24,16,1,0,0,1,0,0,0,1,0,0,0,0,0,1,0
40,226,2,2,1,1,0,0,1,0,0,0,0,1,0,0,0
32,116,2,2,1,1,0,0,0,1,0,0,0,0,0,1,0
34,150,6,7,5,1,0,0,1,0,0,0,0,0,0,1,0
40,195,2,2,2,1,0,0,0,1,0,0,0,0,0,1,0
45,300,2,2,0,1,0,0,1,0,0,0,0,0,0,1,0
46,339,1,1,0,1,0,1,0,0,0,0,0,1,0,0,0
38,204,3,3,3,1,0,0,1,0,0,0,0,0,0,1,0
40,246,1,1,1,1,0,0,1,0,0,0,0,1,0,0,0
37,51,2,2,2,1,0,0,0,0,0,1,0,0,0,1,0
27,122,2,2,1,1,1,0,0,0,0,0,0,1,0,0,0
27,72,1,1,0,1,0,0,1,0,0,0,0,1,0,0,0
38,132,2,2,2,1,0,0,0,0,1,0,0,1,0,0,0
47,237,2,2,0,1,0,0,0,0,1,0,0,1,0,0,0
45,271,2,2,0,1,0,0,0,1,0,0,0,1,0,0,0
38,209,2,2,1,1,0,0,1,0,0,0,0,1,0,0,0
35,131,3,3,3,1,0,0,0,1,0,0,0,1,0,0,0
49,248,2,2,2,0,0,1,0,0,0,0,0,0,0,1,0
26,60,2,2,0,1,0,0,1,0,0,0,0,0,0,1,0
40,231,2,2,1,1,0,0,1,0,0,0,0,0,0,1,0
32,118,2,2,2,1,0,0,0,1,0,0,0,0,0,1,0
22,3,0,0,0,1,0,0,0,1,0,0,0,0,0,1,0
34,131,2,2,1,1,0,0,0,1,0,0,0,0,0,1,0
36,230,3,3,2,1,1,0,0,0,0,0,0,0,0,1,0
24,18,1,1,0,1,0,0,0,1,0,0,0,0,0,1,0
43,224,2,2,1,1,0,0,0,1,0,0,0,0,0,1,0
30,63,1,1,1,1,0,0,0,0,1,0,0,0,0,1,0
45,227,4,4,2,1,1,0,0,0,0,0,0,0,0,1,0
26,107,1,1,1,1,1,0,0,0,0,0,0,0,0,1,0
22,39,1,1,0,1,0,1,0,0,0,0,0,0,0,1,0
33,169,2,2,2,1,0,1,0,0,0,0,0,0,0,1,0
47,326,3,3,1,1,0,1,0,0,0,0,0,0,0,1,0
35,16,1,1,0,1,0,0,0,0,0,1,0,0,0,1,0
30,76,1,1,1,1,0,0,0,1,0,0,0,0,0,1,0
45,96,2,2,2,1,0,0,0,0,0,1,0,0,0,1,0
42,238,1,1,1,1,0,0,0,1,0,0,0,0,0,1,0
41,233,1,1,0,1,0,0,0,1,0,0,0,0,0,1,0
41,222,5,5,1,1,0,0,0,1,0,0,0,0,0,1,0
46,341,3,3,1,1,0,1,0,0,0,0,0,0,0,1,0
35,125,2,2,1,1,0,0,0,1,0,0,0,0,0,1,0
25,57,1,1,1,1,0,0,1,0,0,0,0,0,0,1,0
26,54,2,1,0,1,0,0,1,0,0,0,0,0,0,1,0
28,81,1,1,0,1,0,0,1,0,0,0,0,0,0,1,0
37,232,4,4,3,1,0,1,0,0,0,0,0,0,0,1,0
27,65,1,1,0,1,0,0,0,1,0,0,0,0,0,1,0
25,3,0,0,0,1,0,0,0,0,1,0,0,0,0,1,0
35,97,2,2,0,1,0,0,0,0,1,0,0,0,0,1,0
43,264,6,6,1,1,1,0,0,0,0,0,0,0,0,1,0
23,43,1,1,1,1,0,0,1,0,0,0,0,0,0,1,0
32,116,2,2,0,1,0,0,0,1,0,0,0,0,0,1,0
29,135,2,2,2,1,0,1,0,0,0,0,0,0,0,1,0
49,291,6,6,2,0,0,0,0,1,0,0,0,0,0,1,0
36,29,1,1,1,0,0,0,0,0,0,1,0,0,0,1,0
47,85,1,1,1,1,0,0,0,0,0,1,0,0,0,1,0
44,276,3,3,1,0,0,0,1,0,0,0,0,0,0,1,0
47,287,1,1,0,1,0,0,0,1,0,0,0,0,0,1,0
34,156,2,2,1,1,0,0,1,0,0,0,0,0,0,1,0
38,134,1,1,0,1,0,0,0,0,1,0,0,0,0,1,0
19,6,0,0,0,1,0,1,0,0,0,0,0,0,0,1,0
49,332,5,5,3,0,0,0,1,0,0,0,0,0,0,1,0
31,135,2,3,1,1,0,0,1,0,0,0,0,0,0,1,0
29,93,1,1,0,1,0,0,1,0,0,0,0,0,0,1,0
48,283,3,3,0,1,1,0,0,0,0,0,0,0,0,1,0
24,67,1,1,1,1,0,1,0,0,0,0,0,0,0,1,0
39,233,2,2,2,1,0,0,1,0,0,0,0,0,0,1,0
47,303,1,1,0,1,0,0,1,0,0,0,0,0,0,1,0
42,192,2,2,0,1,0,0,0,0,1,0,0,0,0,1,0
46,284,3,3,2,1,0,0,0,1,0,0,0,0,0,1,0
33,102,3,3,1,1,0,0,0,0,1,0,0,0,0,1,0
38,207,2,2,0,1,0,0,1,0,0,0,0,0,0,1,0
34,144,1,1,0,1,0,0,0,1,0,0,0,0,0,1,0
48,313,0,0,0,1,0,0,0,1,0,0,0,0,0,1,0
27,45,1,1,1,1,0,0,0,1,0,0,0,0,0,1,0
31,82,1,1,1,1,0,0,0,1,0,0,0,0,0,1,0
28,23,1,1,0,1,0,0,1,0,0,0,0,0,0,1,0
37,171,3,3,2,1,0,0,0,1,0,0,0,0,0,1,0
29,102,2,2,1,1,0,0,1,0,0,0,0,0,0,1,0
45,248,3,3,0,1,0,0,0,1,0,0,0,0,0,1,0
41,236,4,4,2,1,0,0,0,1,0,0,0,0,0,1,0
40,239,4,4,3,0,0,0,1,0,0,0,0,0,0,1,0
29,69,2,3,0,1,0,0,0,1,0,0,0,0,0,1,0
45,158,2,2,1,1,0,0,0,1,0,0,0,0,0,1,0
27,52,1,1,1,1,0,0,0,1,0,0,0,0,0,1,0
25,77,2,2,0,1,0,1,0,0,0,0,0,0,0,1,0
39,147,1,1,1,1,0,0,0,0,1,0,0,0,0,1,0
27,101,2,2,0,1,0,1,0,0,0,0,0,0,0,1,0
41,286,10,11,8,1,1,0,0,0,0,0,0,0,0,1,0
26,119,4,4,2,1,1,0,0,0,0,0,0,0,0,1,0
34,172,3,3,1,1,0,0,1,0,0,0,0,0,0,1,0
39,175,2,2,0,1,0,0,0,0,1,0,0,0,0,1,0
39,246,3,3,1,1,0,1,0,0,0,0,0,0,0,1,0
46,246,3,3,0,0,0,0,0,0,1,0,0,0,0,1,0
20,23,1,1,0,1,0,1,0,0,0,0,0,0,0,1,0
20,37,2,2,1,1,1,0,0,0,0,0,0,0,0,1,0
28,46,1,1,0,1,0,0,0,1,0,0,0,0,0,1,0
45,252,6,6,2,1,0,0,0,1,0,0,0,0,0,1,0
32,119,2,2,2,1,0,0,0,1,0,0,0,0,0,1,0
37,119,1,1,1,1,0,0,0,0,1,0,0,0,0,1,0
28,32,1,1,1,1,0,0,0,0,1,0,0,0,0,1,0
37,174,3,3,2,1,0,0,0,1,0,0,0,0,0,1,0
31,93,2,2,2,1,0,0,0,1,0,0,0,0,0,1,0
35,146,1,1,1,1,0,0,0,1,0,0,0,0,0,1,0
40,168,0,0,0,1,0,0,0,0,1,0,0,0,0,1,0
35,149,5,5,1,1,0,0,0,1,0,0,0,0,0,1,0
47,256,2,2,1,1,0,0,0,0,1,0,0,0,0,1,0
19,23,1,1,0,1,1,0,0,0,0,0,0,0,0,1,0
32,109,1,1,1,1,0,0,0,1,0,0,0,0,0,1,0
23,37,2,1,0,1,0,0,1,0,0,0,0,0,0,1,0
31,42,1,0,0,1,0,0,0,0,1,0,0,0,0,1,0
42,159,2,2,2,1,0,0,0,0,1,0,0,0,0,1,0
41,164,1,1,0,1,0,0,0,0,1,0,0,0,1,0,0
28,93,2,2,2,1,0,0,1,0,0,0,0,0,1,0,0
32,148,0,0,0,1,0,1,0,0,0,0,0,0,1,0,0
47,285,3,3,3,1,0,0,0,1,0,0,0,0,1,0,0
40,143,1,1,0,1,0,0,0,0,1,0,0,0,1,0,0
36,197,1,1,0,1,0,1,0,0,0,0,0,0,1,0,0
36,136,1,1,1,1,0,0,0,0,1,0,0,0,1,0,0
26,21,0,0,0,1,0,0,0,1,0,0,0,0,1,0,0
35,56,2,2,0,1,0,0,0,0,0,1,0,0,1,0,0
24,11,1,0,0,1,0,0,0,1,0,0,0,0,1,0,0
39,19,0,0,0,1,0,0,0,0,0,1,0,0,1,0,0
30,173,1,1,0,1,1,0,0,0,0,0,0,0,1,0,0
33,47,1,1,0,1,0,0,0,1,0,0,0,0,1,0,0
43,246,1,1,1,1,0,0,0,1,0,0,0,0,1,0,0
42,125,0,0,0,1,0,0,0,0,0,1,0,0,1,0,0
40,206,2,2,1,1,0,0,0,1,0,0,0,0,1,0,0
40,181,2,2,1,1,0,0,0,0,1,0,0,0,1,0,0
40,101,0,0,0,1,0,0,0,0,0,1,0,0,1,0,0
19,51,2,2,1,1,1,0,0,0,0,0,0,0,1,0,0
26,32,1,1,1,1,0,0,0,1,0,0,0,0,1,0,0
35,151,2,2,1,1,0,0,0,1,0,0,0,0,1,0,0
27,16,0,0,0,1,0,0,0,0,1,0,0,0,1,0,0
43,236,2,2,1,1,0,0,0,1,0,0,0,0,1,0,0
20,2,0,0,0,1,0,0,1,0,0,0,0,0,1,0,0
44,305,1,1,1,1,0,1,0,0,0,0,0,0,1,0,0
43,273,1,1,1,1,0,0,1,0,0,0,0,0,1,0,0
34,93,2,2,1,1,0,0,0,0,1,0,0,0,1,0,0
25,62,1,1,1,1,0,0,1,0,0,0,0,0,1,0,0
42,146,2,2,1,1,0,0,0,0,0,1,0,0,1,0,0
28,65,1,1,1,1,0,0,0,1,0,0,0,0,1,0,0
31,69,1,2,2,1,0,0,0,0,1,0,0,0,1,0,0
28,94,2,2,2,1,0,0,1,0,0,0,0,0,1,0,0
25,57,2,2,1,1,0,0,1,0,0,0,0,0,1,0,0
31,56,1,1,0,1,0,0,0,0,1,0,0,0,1,0,0
23,49,1,1,1,1,0,1,0,0,0,0,0,0,1,0,0
33,69,1,1,1,1,0,0,0,0,1,0,0,0,1,0,0
31,73,1,1,0,1,0,0,0,0,1,0,0,0,1,0,0
27,65,1,1,0,1,0,0,0,1,0,0,0,0,1,0,0
46,212,2,2,0,1,0,0,0,0,1,0,0,0,1,0,0
40,179,3,3,0,1,0,0,0,0,1,0,0,0,1,0,0
29,73,2,2,1,1,0,0,0,1,0,0,0,0,1,0,0
30,83,2,2,1,1,0,0,0,1,0,0,0,0,1,0,0
46,270,3,3,1,1,0,0,0,1,0,0,0,0,1,0,0
33,46,1,1,1,1,0,0,0,0,1,0,0,0,1,0,0
27,56,2,2,1,1,0,0,1,0,0,0,0,0,1,0,0
48,285,3,3,2,1,0,0,0,1,0,0,0,0,1,0,0
24,39,1,1,0,1,0,0,1,0,0,0,0,0,1,0,0
29,112,1,1,1,1,0,1,0,0,0,0,0,0,1,0,0
26,6,0,0,0,1,0,0,0,0,1,0,0,0,1,0,0
28,77,1,1,0,1,0,0,0,1,0,0,0,0,1,0,0
29,67,2,2,1,1,0,0,0,1,0,0,0,0,1,0,0
29,35,0,0,0,1,0,0,0,0,1,0,0,0,1,0,0
29,114,2,2,0,1,0,1,0,0,0,0,0,0,1,0,0
30,88,1,1,0,1,0,0,0,1,0,0,0,0,1,0,0
26,108,2,2,1,1,1,0,0,0,0,0,0,0,1,0,0
27,50,1,1,0,1,0,0,0,1,0,0,0,0,1,0,0
43,267,3,3,0,1,0,0,1,0,0,0,0,0,1,0,0
24,57,1,1,1,1,0,0,1,0,0,0,0,0,1,0,0
30,76,1,2,2,1,0,0,0,1,0,0,0,0,1,0,0
24,57,2,2,1,1,0,0,1,0,0,0,0,0,1,0,0
27,56,1,1,0,1,0,0,0,1,0,0,0,0,1,0,0
24,33,1,1,1,1,0,1,0,0,0,0,0,0,1,0,0
32,106,2,2,2,1,0,0,0,1,0,0,0,0,1,0,0
29,64,1,0,0,1,0,0,0,1,0,0,0,0,1,0,0
35,198,1,1,0,1,0,1,0,0,0,0,0,0,1,0,0
34,134,1,1,1,1,0,0,0,1,0,0,0,0,1,0,0
49,292,1,1,1,1,0,0,0,1,0,0,0,0,1,0,0
30,112,2,2,1,1,0,0,1,0,0,0,0,0,1,0,0
23,29,1,1,0,1,0,0,1,0,0,0,0,0,1,0,0
41,148,1,1,0,1,0,0,0,0,1,0,0,0,1,0,0
36,160,2,2,2,1,0,0,0,1,0,0,0,0,1,0,0
39,211,1,1,1,1,0,0,1,0,0,0,0,0,1,0,0
34,136,1,2,1,1,0,0,0,1,0,0,0,0,1,0,0
23,88,3,3,1,1,1,0,0,0,0,0,0,0,1,0,0
21,33,1,1,0,1,0,1,0,0,0,0,0,0,1,0,0
25,34,1,1,1,1,0,0,0,1,0,0,0,0,1,0,0
24,70,1,1,0,1,0,1,0,0,0,0,0,0,1,0,0
26,134,4,4,3,1,1,0,0,0,0,0,0,0,1,0,0
42,184,0,0,0,1,0,1,0,0,0,0,0,0,1,0,0
25,43,3,3,3,1,0,0,1,0,0,0,0,0,1,0,0
29,51,3,3,1,1,0,0,0,0,1,0,0,0,1,0,0
43,144,1,1,1,1,0,0,0,0,0,1,0,0,1,0,0
22,63,2,1,1,1,1,0,0,0,0,0,0,0,1,0,0
24,80,3,3,1,1,0,1,0,0,0,0,0,0,1,0,0
43,165,0,0,0,1,0,0,0,0,1,0,0,0,1,0,0
24,69,1,1,0,1,0,1,0,0,0,0,0,0,1,0,0
34,174,2,2,2,1,0,1,0,0,0,0,0,0,1,0,0
28,144,4,4,3,0,1,0,0,0,0,0,0,0,1,0,0
31,134,3,4,2,1,0,0,1,0,0,0,0,0,1,0,0
36,104,3,3,2,1,1,0,0,0,0,0,0,0,1,0,0
33,167,7,7,4,0,0,0,1,0,0,0,0,0,1,0,0
49,355,3,3,1,0,0,0,1,0,0,0,0,0,1,0,0
37,187,4,4,2,1,0,0,0,1,0,0,0,0,1,0,0
20,17,1,1,0,1,0,1,0,0,0,0,0,0,1,0,0
25,101,2,1,1,1,1,0,0,0,0,0,0,0,1,0,0
29,105,2,2,0,1,0,0,1,0,0,0,0,0,1,0,0
43,259,6,6,5,1,0,0,1,0,0,0,0,0,1,0,0
19,19,1,0,0,1,1,0,0,0,0,0,0,0,1,0,0
26,34,1,1,0,1,0,0,0,1,0,0,0,0,1,0,0
47,256,2,2,2,1,0,0,0,1,0,0,0,0,1,0,0
30,79,2,2,0,1,0,0,0,1,0,0,0,0,1,0,0
47,314,2,2,1,1,0,0,1,0,0,0,0,0,1,0,0
21,22,1,0,0,1,0,1,0,0,0,0,0,0,1,0,0
30,114,1,2,0,1,0,0,1,0,0,0,0,0,1,0,0
46,250,4,4,2,0,0,0,1,0,0,0,0,0,1,0,0
45,325,4,4,1,0,0,1,0,0,0,0,0,0,1,0,0
23,12,1,1,0,1,0,0,0,1,0,0,0,0,1,0,0
39,232,3,3,1,1,0,0,1,0,0,0,0,0,1,0,0
23,42,1,1,1,1,0,1,0,0,0,0,0,0,1,0,0
20,54,1,1,1,1,1,0,0,0,0,0,0,0,1,0,0
19,10,1,1,1,1,0,1,0,0,0,0,0,0,1,0,0
43,316,5,5,3,0,1,0,0,0,0,0,0,0,1,0,0
19,6,1,0,0,1,0,1,0,0,0,0,0,0,1,0,0
42,242,4,4,2,1,0,0,0,1,0,0,0,0,1,0,0
45,254,2,2,2,1,0,0,0,1,0,0,0,0,1,0,0
42,161,1,1,1,1,0,0,0,1,0,0,0,0,1,0,0
48,353,3,3,0,1,0,1,0,0,0,0,0,0,1,0,0
49,310,1,1,1,1,0,0,0,1,0,0,0,0,1,0,0
49,103,1,1,0,1,0,0,0,1,0,0,0,0,1,0,0
44,200,1,1,0,1,0,0,0,0,1,0,0,0,1,0,0
47,306,1,1,1,0,0,0,1,0,0,0,0,0,1,0,0
24,53,1,1,1,1,0,1,0,0,0,0,0,0,1,0,0
22,31,0,0,0,1,0,1,0,0,0,0,0,0,1,0,0
29,154,2,2,0,1,1,0,0,0,0,0,0,0,1,0,0
38,113,2,2,2,0,0,0,0,0,1,0,0,0,1,0,0
49,182,0,0,0,1,0,0,0,0,0,1,0,0,1,0,0
28,28,1,1,1,1,0,0,0,0,1,0,0,0,1,0,0
49,229,2,2,1,1,0,0,1,0,0,0,0,0,1,0,0
41,255,2,2,2,1,0,1,0,0,0,0,0,0,1,0,0
25,31,1,1,0,1,0,0,0,1,0,0,0,0,1,0,0
30,105,1,1,0,1,0,0,1,0,0,0,0,0,1,0,0
28,71,1,1,0,1,0,0,0,1,0,0,0,0,1,0,0
30,5,0,0,0,1,0,0,0,0,1,0,0,0,1,0,0
28,3,0,0,0,1,0,0,0,0,1,0,0,0,1,0,0
45,189,1,1,0,1,0,0,0,1,0,0,0,0,1,0,0
30,56,5,5,2,1,0,0,1,0,0,0,0,0,1,0,0
44,87,4,4,4,1,1,0,0,0,0,0,0,0,1,0,0
47,192,2,2,1,0,0,0,0,0,1,0,0,0,1,0,0
41,8,1,1,0,1,0,0,1,0,0,0,0,0,1,0,0
41,242,2,2,1,1,0,0,1,0,0,0,0,0,1,0,0
40,195,1,1,1,1,0,0,0,1,0,0,0,0,1,0,0
45,249,1,1,0,1,0,0,0,1,0,0,0,0,1,0,0
25,62,2,1,1,1,0,0,1,0,0,0,0,0,1,0,0
40,189,2,2,1,1,0,0,0,1,0,0,0,0,1,0,0
27,61,1,2,0,1,0,0,0,1,0,0,0,0,1,0,0
41,39,1,1,1,1,0,0,0,1,0,0,0,0,1,0,0
36,194,4,4,2,1,0,0,1,0,0,0,0,0,1,0,0
47,268,3,3,1,1,0,0,0,0,1,0,0,0,1,0,0
24,46,1,1,0,1,0,0,1,0,0,0,0,0,1,0,0
47,249,2,2,1,1,0,0,0,0,1,0,0,0,1,0,0
28,34,1,1,0,1,0,0,0,0,1,0,0,0,1,0,0
35,136,1,1,1,1,0,0,0,1,0,0,0,0,1,0,0
44,238,1,1,1,1,0,0,0,1,0,0,0,0,1,0,0
47,285,3,3,2,1,0,0,0,1,0,0,0,0,1,0,0
21,22,0,0,0,1,0,1,0,0,0,0,0,0,1,0,0
44,104,1,1,1,1,0,0,0,1,0,0,0,0,1,0,0
49,339,3,3,1,1,0,0,1,0,0,0,0,0,1,0,0
33,147,4,4,1,1,0,0,1,0,0,0,0,0,1,0,0
42,225,3,3,2,1,0,0,0,1,0,0,0,0,1,0,0
35,176,4,4,1,1,0,0,1,0,0,0,0,0,1,0,0
42,214,3,3,1,1,0,0,0,0,1,0,0,0,1,0,0
34,142,1,1,0,1,0,0,0,1,0,0,0,0,1,0,0
44,239,3,3,2,1,0,0,0,0,1,0,0,0,1,0,0
39,175,3,3,3,1,0,0,0,0,1,0,0,0,1,0,0
31,57,2,2,1,1,0,0,0,1,0,0,0,0,1,0,0
39,244,1,1,1,1,0,1,0,0,0,0,0,0,1,0,0
46,173,0,0,0,0,0,0,0,1,0,0,0,0,1,0,0
21,34,0,0,0,1,0,1,0,0,0,0,0,0,1,0,0
41,271,1,1,0,1,0,1,0,0,0,0,0,0,1,0,0
44,68,2,2,2,1,0,0,1,0,0,0,0,0,1,0,0
45,281,3,3,2,1,0,0,0,1,0,0,0,0,1,0,0
36,117,1,1,1,1,0,0,0,0,1,0,0,0,1,0,0
41,161,2,2,1,1,0,0,0,0,1,0,0,0,1,0,0
46,256,2,2,2,1,0,0,0,0,1,0,0,0,1,0,0
48,242,2,2,1,1,0,0,0,0,1,0,0,0,1,0,0
40,149,2,2,2,1,0,0,0,0,1,0,0,0,1,0,0
44,209,2,2,1,1,0,0,0,0,1,0,0,0,1,0,0
47,233,2,2,1,1,0,0,0,0,1,0,0,0,1,0,0
38,213,4,4,4,1,0,0,1,0,0,0,0,0,1,0,0
41,239,4,4,2,1,0,0,1,0,0,0,0,0,1,0,0
36,149,3,4,1,1,0,0,0,1,0,0,0,0,1,0,0
23,7,0,0,0,1,0,0,0,1,0,0,0,0,1,0,0
34,54,0,0,0,1,0,0,0,0,1,0,0,0,1,0,0
46,265,2,2,0,1,0,0,0,1,0,0,0,0,1,0,0
34,87,3,3,2,1,0,0,0,0,1,0,0,0,1,0,0
43,205,1,1,1,1,0,0,0,0,1,0,0,0,1,0,0
37,30,1,1,1,1,0,0,0,0,0,1,0,0,1,0,0
43,68,1,1,1,0,0,0,0,0,0,1,0,0,1,0,0
40,263,3,3,1,1,0,1,0,0,0,0,0,0,1,0,0
35,197,3,3,3,1,0,1,0,0,0,0,0,0,1,0,0
30,73,1,1,0,1,0,0,0,1,0,0,0,0,1,0,0
49,48,2,2,1,0,0,1,0,0,0,0,0,0,1,0,0
45,297,4,4,2,1,0,0,1,0,0,0,0,0,1,0,0
29,77,2,2,0,1,0,0,0,1,0,0,0,0,1,0,0
19,33,0,0,0,1,1,0,0,0,0,0,0,0,1,0,0
36,194,1,1,0,1,0,1,0,0,0,0,0,0,1,0,0
46,267,1,1,1,1,0,0,0,1,0,0,0,0,1,0,0
24,30,1,0,0,1,0,0,1,0,0,0,0,0,1,0,0
40,235,2,2,1,1,0,0,1,0,0,0,0,0,1,0,0
41,227,2,2,2,1,0,0,0,1,0,0,0,0,1,0,0
33,164,2,2,0,1,0,0,1,0,0,0,0,0,1,0,0
24,18,0,0,0,1,0,0,1,0,0,0,0,0,1,0,0
46,272,5,5,2,1,1,0,0,0,0,0,0,0,1,0,0
48,322,2,2,1,1,0,0,0,1,0,0,0,0,1,0,0
45,224,2,2,2,1,0,0,0,0,1,0,0,0,1,0,0
32,43,1,1,1,1,0,0,0,0,1,0,0,0,1,0,0
45,223,2,2,1,1,0,0,0,0,1,0,0,0,1,0,0
29,97,1,1,0,1,0,0,1,0,0,0,0,0,1,0,0
22,13,1,0,0,1,0,0,1,0,0,0,0,0,1,0,0
26,72,1,1,1,1,0,0,1,0,0,0,0,0,1,0,0
34,116,3,4,2,0,0,0,0,1,0,0,0,0,1,0,0
38,144,1,1,0,1,0,0,0,0,1,0,0,0,1,0,0
22,28,1,1,1,1,0,0,1,0,0,0,0,0,1,0,0
18,9,1,1,0,1,1,0,0,0,0,0,0,0,1,0,0
43,199,2,2,1,1,0,0,0,0,1,0,0,0,1,0,0
29,74,1,1,0,1,0,0,0,1,0,0,0,0,1,0,0
30,123,1,1,1,1,0,0,1,0,0,0,0,0,1,0,0
31,146,1,1,0,1,0,1,0,0,0,0,0,0,1,0,0
19,2,0,0,0,1,0,1,0,0,0,0,0,0,1,0,0
43,319,7,7,3,0,1,0,0,0,0,0,0,0,1,0,0
41,276,2,2,0,1,0,1,0,0,0,0,0,0,1,0,0
41,149,2,2,1,1,0,1,0,0,0,0,0,0,1,0,0
42,132,0,0,0,1,0,0,0,0,0,1,0,0,1,0,0
36,157,1,1,0,1,0,0,0,1,0,0,0,0,1,0,0
48,333,2,2,1,1,0,0,1,0,0,0,0,0,1,0,0
49,259,1,1,1,1,0,0,0,1,0,0,0,0,1,0,0
49,326,0,0,0,1,0,0,1,0,0,0,0,0,1,0,0
30,28,1,1,1,1,0,0,0,0,1,0,0,0,1,0,0
32,84,1,1,0,1,0,0,1,0,0,0,0,0,1,0,0
21,9,0,0,0,1,0,0,1,0,0,0,0,0,1,0,0
23,70,3,3,2,1,1,0,0,0,0,0,0,0,1,0,0
39,292,4,4,2,1,0,0,0,0,0,0,0,0,1,0,0
40,197,2,2,1,1,0,0,0,1,0,0,0,0,1,0,0
27,115,2,2,1,1,1,0,0,0,0,0,0,0,1,0,0
47,337,0,0,0,1,0,1,0,0,0,0,0,0,1,0,0
41,221,1,1,1,1,0,0,0,1,0,0,0,0,1,0,0
49,431,1,1,1,1,0,0,0,0,0,0,0,0,1,0,0
27,65,1,1,1,1,0,0,0,1,0,0,0,0,1,0,0
34,202,1,1,0,1,1,0,0,0,0,0,0,0,1,0,0
27,73,2,2,1,1,0,0,1,0,0,0,0,0,1,0,0
35,216,1,1,1,1,1,0,0,0,0,0,0,0,1,0,0
40,145,1,2,2,1,0,0,0,0,1,0,0,0,1,0,0
32,96,1,1,0,1,0,0,0,1,0,0,0,0,1,0,0
49,257,1,1,0,1,0,0,0,0,1,0,0,0,1,0,0
37,181,3,3,1,1,0,0,0,1,0,0,0,0,1,0,0
32,116,2,2,0,1,0,0,0,1,0,0,0,0,1,0,0
30,40,1,2,1,1,0,0,0,0,1,0,0,0,1,0,0
27,137,3,3,2,1,1,0,0,0,0,0,0,0,1,0,0
37,233,3,3,2,1,0,1,0,0,0,0,0,0,1,0,0
28,76,2,2,1,1,0,0,0,1,0,0,0,0,1,0,0
42,246,2,2,2,1,0,0,0,1,0,0,0,0,1,0,0
30,146,3,3,1,1,0,1,0,0,0,0,0,0,1,0,0
39,211,3,3,2,1,0,0,0,1,0,0,0,0,1,0,0
36,37,0,0,0,1,0,0,0,0,0,1,0,0,1,0,0
44,181,2,2,1,1,0,0,0,0,1,0,0,0,1,0,0
24,53,1,1,0,1,0,0,1,0,0,0,0,0,1,0,0
45,238,1,1,0,0,0,0,0,0,1,0,0,0,1,0,0
33,57,1,1,1,1,0,0,1,0,0,0,0,0,1,0,0
47,218,1,1,1,1,0,0,0,0,1,0,0,0,1,0,0
40,256,2,2,1,1,0,1,0,0,0,0,0,0,1,0,0
33,101,3,2,1,1,0,0,0,1,0,0,0,0,1,0,0
40,243,3,2,2,1,0,1,0,0,0,0,0,0,1,0,0
28,94,1,1,0,1,0,0,1,0,0,0,0,0,1,0,0
46,260,1,1,1,1,0,0,0,1,0,0,0,0,1,0,0
28,86,1,1,0,1,0,0,1,0,0,0,0,0,1,0,0
27,91,1,1,1,1,0,0,1,0,0,0,0,0,1,0,0
35,157,1,1,0,1,0,0,0,1,0,0,0,0,1,0,0
29,120,1,1,0,1,0,1,0,0,0,0,0,0,1,0,0
35,163,3,3,2,1,0,0,0,1,0,0,0,0,1,0,0
42,187,3,3,1,1,0,0,0,0,1,0,0,0,1,0,0
36,93,1,1,1,1,0,0,0,0,1,0,0,0,1,0,0
43,70,0,0,0,1,0,0,0,0,0,1,0,0,1,0,0
37,173,3,3,2,1,0,0,0,1,0,0,0,0,1,0,0
37,104,1,1,0,1,0,0,0,0,1,0,0,0,1,0,0
38,227,3,3,1,1,0,1,0,0,0,0,0,0,1,0,0
27,72,2,1,0,1,0,0,1,0,0,0,0,0,1,0,0
30,41,1,1,0,1,0,0,0,0,1,0,0,0,1,0,0
33,41,1,1,1,1,0,0,0,0,1,0,0,0,1,0,0
35,37,1,1,0,1,0,0,0,0,1,0,0,0,1,0,0
35,149,2,2,2,1,0,0,0,1,0,0,0,0,1,0,0
34,110,1,1,1,1,0,0,0,0,1,0,0,0,1,0,0
40,251,3,3,1,1,0,1,0,0,0,0,0,0,1,0,0
23,88,5,4,4,1,1,0,0,0,0,0,0,0,1,0,0
48,298,2,2,2,1,0,0,0,1,0,0,0,0,1,0,0
46,312,3,3,3,0,0,0,1,0,0,0,0,0,1,0,0
26,30,1,1,1,1,0,0,0,1,0,0,0,0,1,0,0
29,44,0,0,0,1,0,0,0,0,1,0,0,0,1,0,0
47,279,1,1,0,1,0,0,1,0,0,0,0,0,1,0,0
24,18,1,1,1,1,0,1,0,0,0,0,0,0,1,0,0
38,238,2,2,2,0,0,1,0,0,0,0,0,0,1,0,0
35,154,1,1,0,1,0,1,0,0,0,0,0,0,1,0,0
40,255,2,2,1,1,0,1,0,0,0,0,0,0,1,0,0
37,176,2,2,2,1,0,0,0,1,0,0,0,0,1,0,0
23,98,1,1,1,1,1,0,0,0,0,0,0,0,1,0,0
27,101,1,1,0,1,0,1,0,0,0,0,0,0,1,0,0
35,47,1,1,1,1,0,0,0,0,0,1,0,0,1,0,0
40,128,2,2,0,1,0,0,0,0,1,0,0,0,1,0,0
45,204,0,0,0,1,0,0,0,0,1,0,0,0,1,0,0
26,65,2,2,1,1,0,0,1,0,0,0,0,0,1,0,0
35,203,1,1,1,1,0,1,0,0,0,0,0,0,1,0,0
48,88,0,0,0,0,0,0,0,0,0,1,0,0,1,0,0
45,249,3,3,1,1,0,0,0,1,0,0,0,0,1,0,0
33,169,2,2,1,1,0,1,0,0,0,0,0,0,1,0,0
23,63,1,1,1,1,0,1,0,0,0,0,0,0,1,0,0
30,11,1,1,0,1,0,0,1,0,0,0,0,0,1,0,0
28,16,1,1,1,1,0,0,0,0,1,0,0,0,1,0,0
47,275,2,2,1,1,0,0,0,1,0,0,0,0,1,0,0
21,17,1,1,1,1,0,0,1,0,0,0,0,0,1,0,0
47,146,1,1,1,0,0,0,0,0,0,1,0,0,1,0,0
45,104,1,1,0,1,0,0,0,0,0,1,0,0,1,0,0
45,211,1,1,1,1,0,0,0,0,1,0,0,0,1,0,0
36,71,1,1,1,1,0,0,0,0,0,1,0,0,1,0,0
32,195,2,2,1,1,1,0,0,0,0,0,0,0,1,0,0
46,287,3,3,1,1,0,0,0,1,0,0,0,0,1,0,0
23,20,1,1,1,1,0,0,1,0,0,0,0,0,1,0,0
36,174,2,2,2,1,0,0,1,0,0,0,0,0,1,0,0
29,148,2,2,2,1,1,0,0,0,0,0,0,0,1,0,0
27,76,0,0,0,1,1,0,0,0,0,0,0,0,1,0,0
34,118,1,1,1,1,0,1,0,0,0,0,0,0,1,0,0
43,313,4,4,2,1,1,0,0,0,0,0,0,0,1,0,0
40,203,2,2,0,1,0,0,0,1,0,0,0,0,1,0,0
28,125,0,0,0,1,0,1,0,0,0,0,0,0,1,0,0
47,292,1,1,0,1,0,0,0,1,0,0,0,0,1,0,0
31,126,3,3,1,1,0,0,1,0,0,0,0,0,1,0,0
33,138,2,2,0,1,0,0,1,0,0,0,0,0,1,0,0
25,6,1,0,0,1,0,0,0,1,0,0,0,0,1,0,0
48,293,2,2,1,1,0,0,0,1,0,0,0,0,1,0,0
45,252,2,2,2,1,0,0,0,1,0,0,0,0,1,0,0
44,196,0,0,0,1,0,0,1,0,0,0,0,0,1,0,0
46,210,2,2,2,1,0,0,0,1,0,0,0,0,1,0,0
47,68,2,2,1,1,0,0,0,0,0,1,0,0,1,0,0
40,195,1,1,1,1,0,0,0,1,0,0,0,0,1,0,0
39,74,1,1,1,1,0,0,0,0,1,0,0,0,1,0,0
34,147,7,7,2,1,0,0,0,1,0,0,0,0,1,0,0
45,116,1,1,1,1,0,0,1,0,0,0,0,0,1,0,0
43,214,3,3,2,1,0,0,0,0,1,0,0,0,1,0,0
39,176,1,1,1,1,0,0,0,0,1,0,0,0,1,0,0
34,137,2,2,0,1,0,0,0,1,0,0,0,0,1,0,0
35,140,3,3,2,0,0,0,0,1,0,0,0,0,1,0,0
20,22,1,1,1,1,0,1,0,0,0,0,0,0,1,0,0
45,211,2,2,1,1,0,0,0,0,1,0,0,0,1,0,0
34,172,3,3,1,1,0,0,1,0,0,0,0,0,1,0,0
47,31,0,0,0,1,0,0,0,0,0,1,0,0,1,0,0
22,53,1,1,1,1,0,1,0,0,0,0,0,0,1,0,0
42,84,2,2,1,0,0,0,0,1,0,0,0,0,1,0,0
32,137,2,2,1,1,0,1,0,0,0,0,0,0,1,0,0
32,92,2,2,1,1,0,0,0,1,0,0,0,0,1,0,0
42,246,6,6,5,0,0,0,0,1,0,0,0,0,1,0,0
35,213,3,3,2,0,1,0,0,0,0,0,0,0,1,0,0
37,239,7,7,5,0,1,0,0,0,0,0,0,0,1,0,0
46,350,8,8,7,0,1,0,0,0,0,0,0,0,1,0,0
31,160,5,5,4,1,1,0,0,0,0,0,0,0,1,0,0
41,175,4,4,2,1,0,0,0,1,0,0,0,0,1,0,0
34,126,2,2,0,1,0,0,0,1,0,0,0,0,1,0,0
33,125,0,0,0,0,0,0,0,1,0,0,0,0,1,0,0
23,38,2,2,1,1,0,0,1,0,0,0,0,0,1,0,0
29,72,1,1,1,1,0,0,0,1,0,0,0,0,1,0,0
31,70,1,1,0,1,0,0,0,0,1,0,0,0,1,0,0
47,248,6,6,1,0,0,0,0,1,0,0,0,0,1,0,0
23,44,2,2,0,1,0,1,0,0,0,0,0,0,1,0,0
41,94,2,2,0,0,0,0,0,1,0,0,0,0,1,0,0
46,268,1,1,1,0,0,0,0,1,0,0,0,0,1,0,0
34,118,3,3,2,1,0,0,0,1,0,0,0,0,1,0,0
44,256,2,2,1,0,0,0,0,1,0,0,0,0,1,0,0
37,184,9,9,4,1,0,0,0,1,0,0,0,0,1,0,0
45,242,2,2,0,1,0,0,0,0,1,0,0,0,1,0,0
19,14,1,1,0,1,0,1,0,0,0,0,0,0,1,0,0
32,66,1,1,1,1,0,0,0,0,1,0,0,0,1,0,0
42,242,2,2,2,1,0,0,0,1,0,0,0,0,1,0,0
48,262,2,2,1,1,0,0,0,0,1,0,0,0,1,0,0
37,206,3,3,1,1,0,0,1,0,0,0,0,0,1,0,0
48,353,2,2,0,1,0,1,0,0,0,0,0,0,1,0,0
24,72,2,2,1,1,0,1,0,0,0,0,0,0,1,0,0
45,272,2,2,1,1,0,0,0,1,0,0,0,0,1,0,0
17,13,1,1,0,1,1,0,0,0,0,0,0,0,1,0,0
35,192,2,2,1,1,0,1,0,0,0,0,0,0,1,0,0
44,221,4,4,4,1,0,0,0,0,1,0,0,0,1,0,0
30,61,1,1,0,1,0,0,0,0,1,0,0,0,1,0,0
45,150,3,3,2,1,0,0,0,0,1,0,0,0,1,0,0
34,83,1,1,0,1,0,0,1,0,0,0,0,0,1,0,0
26,66,2,2,2,1,0,0,1,0,0,0,0,0,1,0,0
26,42,0,0,0,1,0,0,1,0,0,0,0,0,1,0,0
31,129,1,1,1,1,0,0,1,0,0,0,0,0,1,0,0
43,178,2,2,0,1,0,0,0,0,1,0,0,0,1,0,0
42,230,2,2,1,1,0,0,0,1,0,0,0,0,1,0,0
22,13,0,0,0,1,0,0,1,0,0,0,0,0,1,0,0
45,240,4,4,3,1,0,0,0,0,1,0,0,0,1,0,0
43,249,6,6,3,1,0,0,0,1,0,0,0,0,1,0,0
44,259,1,1,1,1,0,0,0,1,0,0,0,0,1,0,0
42,199,2,2,1,1,0,0,0,0,1,0,0,0,1,0,0
38,210,1,1,1,1,0,0,1,0,0,0,0,0,1,0,0
36,163,2,2,2,1,0,0,0,1,0,0,0,0,1,0,0
47,275,1,1,1,1,0,0,0,1,0,0,0,0,1,0,0
47,206,2,2,1,1,0,0,0,0,0,1,0,0,1,0,0
43,197,2,2,1,1,0,0,0,0,1,0,0,0,1,0,0
49,313,1,1,1,1,0,0,0,1,0,0,0,0,1,0,0
41,57,0,0,0,1,0,0,1,0,0,0,0,0,1,0,0
36,134,3,3,1,1,0,0,0,0,1,0,0,0,1,0,0
39,186,0,0,0,1,0,0,0,1,0,0,0,0,1,0,0
44,246,2,2,0,1,0,0,0,1,0,0,0,0,1,0,0
42,175,1,1,1,1,0,0,0,0,1,0,0,0,1,0,0
47,124,1,1,1,1,0,0,0,0,1,0,0,0,1,0,0
43,312,1,1,1,1,1,0,0,0,0,0,0,0,1,0,0
41,134,1,1,1,1,0,0,0,0,0,1,0,0,1,0,0
47,349,2,2,0,1,0,1,0,0,0,0,0,0,1,0,0
35,127,2,2,2,1,0,0,0,0,1,0,0,0,1,0,0
44,246,3,3,1,1,0,0,0,1,0,0,0,0,1,0,0
27,52,1,1,0,1,0,0,1,0,0,0,0,0,1,0,0
48,353,1,1,0,1,0,1,0,0,0,0,0,0,1,0,0
19,33,1,1,1,1,1,0,0,0,0,0,0,0,1,0,0
34,71,2,2,1,1,0,0,0,0,1,0,0,0,1,0,0
35,189,2,3,2,1,0,0,1,0,0,0,0,0,1,0,0
33,104,2,2,1,1,0,0,0,1,0,0,0,0,1,0,0
25,15,1,1,1,1,0,0,0,1,0,0,0,0,1,0,0
43,109,2,2,1,1,0,1,0,0,0,0,0,0,1,0,0
31,126,2,2,1,1,0,0,1,0,0,0,0,0,1,0,0
45,215,0,0,0,1,0,0,0,0,1,0,0,0,1,0,0
48,298,0,0,0,1,0,0,0,1,0,0,0,0,1,0,0
31,123,1,1,1,1,0,0,1,0,0,0,0,0,1,0,0
46,237,4,4,4,1,0,0,0,0,1,0,0,0,1,0,0
42,221,2,2,1,1,0,0,0,1,0,0,0,0,1,0,0
44,268,2,2,2,1,0,0,1,0,0,0,0,0,1,0,0
27,60,1,1,1,1,0,0,0,1,0,0,0,0,1,0,0
40,311,2,2,1,1,0,0,0,0,0,0,0,0,1,0,0
39,105,1,1,1,1,0,0,0,0,0,1,0,0,1,0,0
47,316,2,2,1,1,0,0,1,0,0,0,0,0,1,0,0
27,50,1,1,1,1,0,0,0,1,0,0,0,0,1,0,0
22,17,0,0,0,1,0,0,1,0,0,0,0,0,1,0,0
44,245,3,3,3,1,0,0,0,1,0,0,0,0,1,0,0
27,26,0,0,0,1,0,0,0,1,0,0,0,0,1,0,0
28,44,2,2,1,1,0,0,0,1,0,0,0,0,1,0,0
32,159,2,2,0,1,0,1,0,0,0,0,0,0,1,0,0
30,117,3,3,1,1,0,0,1,0,0,0,0,0,1,0,0
47,79,1,1,1,1,0,0,0,1,0,0,0,0,1,0,0
33,32,0,0,0,1,0,0,0,0,1,0,0,0,1,0,0
45,358,4,4,3,0,1,0,0,0,0,0,0,0,1,0,0
21,41,2,1,1,1,0,1,0,0,0,0,0,0,1,0,0
46,275,1,1,1,1,0,0,0,1,0,0,0,0,1,0,0
20,3,1,0,0,1,0,0,1,0,0,0,0,0,1,0,0
38,238,3,3,1,1,0,1,0,0,0,0,0,0,1,0,0
45,331,6,6,3,1,0,1,0,0,0,0,0,0,1,0,0
35,133,2,2,2,1,0,0,0,1,0,0,0,0,1,0,0
25,56,1,1,0,1,0,0,1,0,0,0,0,0,1,0,0
25,44,0,0,0,1,0,0,0,1,0,0,0,0,1,0,0
27,76,1,1,0,1,0,0,1,0,0,0,0,0,1,0,0
43,141,0,0,0,0,0,0,0,0,0,1,0,0,1,0,0
24,53,0,0,0,1,0,1,0,0,0,0,0,0,1,0,0
29,59,2,2,0,1,0,0,0,1,0,0,0,0,1,0,0
29,59,2,2,0,1,0,0,0,1,0,0,0,0,1,0,0
41,269,1,1,0,1,0,1,0,0,0,0,0,0,1,0,0
41,260,2,2,0,1,0,1,0,0,0,0,0,0,1,0,0
23,50,1,1,0,1,0,1,0,0,0,0,0,0,1,0,0
43,259,2,2,1,1,0,0,1,0,0,0,0,0,1,0,0
47,287,2,2,1,1,0,0,0,1,0,0,0,0,1,0,0
38,249,2,2,1,1,1,0,0,0,0,0,0,0,1,0,0
40,250,1,1,1,1,0,1,0,0,0,0,0,0,1,0,0
42,265,2,2,0,1,0,0,1,0,0,0,0,0,1,0,0
19,6,0,0,0,1,0,1,0,0,0,0,0,0,1,0,0
21,42,1,1,1,1,0,1,0,0,0,0,0,0,1,0,0
37,201,2,2,1,1,0,0,1,0,0,0,0,0,1,0,0
31,109,2,2,0,1,0,0,0,1,0,0,0,0,1,0,0
23,6,0,0,0,1,0,0,0,1,0,0,0,0,1,0,0
44,128,2,2,1,0,0,0,0,0,1,0,0,0,1,0,0
46,248,0,0,0,1,0,0,0,1,0,0,0,0,1,0,0
39,224,2,2,1,1,0,0,1,0,0,0,0,0,1,0,0
25,91,1,1,1,1,0,1,0,0,0,0,0,0,1,0,0
46,342,2,2,1,1,1,0,0,0,0,0,0,0,1,0,0
47,283,1,1,0,1,0,0,0,1,0,0,0,0,1,0,0
29,35,0,0,0,1,0,0,0,0,1,0,0,0,1,0,0
43,206,3,3,1,1,0,0,0,0,1,0,0,0,0,1,0
46,279,1,1,0,1,0,0,0,1,0,0,0,0,0,1,0
20,72,2,2,2,1,0,0,0,0,0,0,0,0,0,1,0
45,374,2,2,1,0,0,0,0,0,0,0,0,0,0,1,0
36,121,2,2,1,1,0,0,0,0,1,0,0,0,0,1,0
26,91,2,2,0,1,0,1,0,0,0,0,0,0,0,1,0
20,18,0,0,0,1,0,1,0,0,0,0,0,0,0,1,0
40,226,3,3,2,1,0,0,1,0,0,0,0,0,0,1,0
48,334,1,1,1,1,0,0,1,0,0,0,0,0,0,1,0
43,208,2,2,2,1,0,0,0,0,1,0,0,0,0,1,0
27,8,0,0,0,1,0,0,0,0,1,0,0,0,0,1,0
20,34,2,2,1,1,1,0,0,0,0,0,0,0,0,1,0
25,13,1,1,0,1,0,0,0,1,0,0,0,0,0,1,0
27,54,2,3,1,1,0,0,0,1,0,0,0,0,0,1,0
25,14,1,1,1,1,0,0,0,1,0,0,0,0,0,1,0
43,241,0,0,0,1,0,0,0,1,0,0,0,0,0,1,0
35,168,1,1,1,1,0,0,1,0,0,0,0,0,0,1,0
29,128,2,2,2,1,0,1,0,0,0,0,0,0,0,1,0
37,222,3,3,0,1,0,1,0,0,0,0,0,0,0,1,0
25,69,2,2,2,1,0,1,0,0,0,0,0,0,0,1,0
24,27,1,1,1,1,0,0,1,0,0,0,0,0,0,1,0
26,30,3,2,2,1,0,0,0,1,0,0,0,0,0,1,0
34,211,2,2,1,0,1,0,0,0,0,0,0,0,0,1,0
25,75,1,1,0,1,0,1,0,0,0,0,0,0,0,1,0
24,18,1,1,1,1,0,0,0,1,0,0,0,0,0,1,0
23,48,1,1,0,1,0,1,0,0,0,0,0,0,0,1,0
33,159,2,2,2,1,0,0,1,0,0,0,0,0,0,1,0
25,67,1,1,1,1,0,1,0,0,0,0,0,0,0,1,0
28,91,2,2,0,1,0,0,1,0,0,0,0,0,0,1,0
47,336,1,1,0,1,0,1,0,0,0,0,0,0,0,1,0
37,179,2,2,1,1,0,0,0,1,0,0,0,0,0,1,0
38,241,1,1,1,0,0,1,0,0,0,0,0,0,0,1,0
41,235,2,2,1,1,0,0,1,0,0,0,0,0,0,1,0
33,126,2,2,1,1,0,0,0,1,0,0,0,0,0,1,0
32,161,3,3,3,1,0,1,0,0,0,0,0,0,0,1,0
45,291,2,2,1,1,0,0,1,0,0,0,0,0,0,1,0
32,150,2,2,1,1,0,1,0,0,0,0,0,0,0,1,0
48,271,2,2,0,1,0,0,0,0,1,0,0,0,0,1,0
47,326,2,2,1,1,0,0,1,0,0,0,0,0,0,1,0
25,54,1,1,1,1,0,0,1,0,0,0,0,0,0,1,0
33,179,2,2,1,1,0,1,0,0,0,0,0,0,0,1,0
46,243,2,2,2,1,0,0,0,0,1,0,0,0,0,1,0
49,173,2,2,1,0,0,0,0,0,0,1,0,0,0,1,0
36,41,1,1,1,1,0,0,0,0,0,1,0,0,0,1,0
47,348,2,2,1,0,0,1,0,0,0,0,0,0,0,1,0
43,207,3,3,2,1,0,0,0,0,1,0,0,0,0,1,0
41,138,4,4,3,1,0,0,0,0,1,0,0,0,0,1,0
42,268,5,5,2,1,0,1,0,0,0,0,0,0,0,1,0
49,153,1,1,0,1,0,0,0,1,0,0,0,0,0,1,0
29,27,1,1,0,1,0,0,0,0,1,0,0,0,0,1,0
23,12,1,0,0,1,0,0,0,1,0,0,0,0,0,1,0
32,114,1,1,1,1,0,0,0,1,0,0,0,0,0,1,0
32,133,2,2,1,1,0,0,1,0,0,0,0,0,0,1,0
38,181,2,2,0,1,0,0,0,1,0,0,0,0,0,1,0
31,99,2,2,1,1,0,0,0,1,0,0,0,0,0,1,0
25,44,1,1,1,1,0,0,0,1,0,0,0,0,0,1,0
28,80,2,2,1,1,0,0,0,1,0,0,0,0,0,1,0
34,150,2,2,1,1,0,0,0,1,0,0,0,0,0,1,0
32,114,2,2,2,1,0,0,0,1,0,0,0,0,0,1,0
41,268,1,1,0,1,0,1,0,0,0,0,0,0,0,1,0
21,30,1,1,1,1,0,1,0,0,0,0,0,0,0,1,0
47,221,2,2,1,1,0,0,0,1,0,0,0,0,0,1,0
42,174,1,1,1,1,0,0,0,0,1,0,0,0,0,1,0
47,325,3,3,3,1,0,0,1,0,0,0,0,0,0,1,0
41,235,3,3,1,1,0,1,0,0,0,0,0,0,0,1,0
44,216,3,3,1,1,0,0,0,0,1,0,0,0,0,1,0
29,30,1,1,1,1,0,0,0,0,1,0,0,0,0,1,0
21,18,1,1,0,1,0,1,0,0,0,0,0,0,0,1,0
33,179,1,1,0,1,0,1,0,0,0,0,0,0,0,1,0
26,45,1,1,0,1,0,0,0,1,0,0,0,0,0,1,0
35,150,1,1,0,1,0,0,0,1,0,0,0,0,0,1,0
39,109,1,1,0,1,0,0,0,0,0,1,0,0,0,1,0
48,303,2,2,1,1,0,0,0,1,0,0,0,0,0,1,0
42,191,2,2,1,1,0,0,0,0,1,0,0,0,0,1,0
47,216,1,1,0,1,0,0,0,0,1,0,0,0,0,1,0
24,53,1,1,1,1,0,0,1,0,0,0,0,0,0,1,0
34,99,2,2,1,1,0,0,0,0,1,0,0,0,0,1,0
32,216,3,3,3,1,0,0,0,0,0,0,0,0,0,1,0
34,101,2,2,1,1,0,0,0,0,1,0,0,0,0,1,0
29,16,2,1,1,1,0,0,0,0,1,0,0,0,0,1,0
27,61,1,1,0,1,0,0,0,1,0,0,0,0,0,1,0
41,284,3,3,1,1,1,0,0,0,0,0,0,0,0,1,0
25,15,0,0,0,1,0,0,0,1,0,0,0,0,0,1,0
46,171,0,0,0,1,0,0,0,0,0,1,0,0,0,1,0
32,166,2,2,2,1,0,1,0,0,0,0,0,0,0,1,0
38,210,2,2,0,1,0,0,1,0,0,0,0,0,0,1,0
42,203,2,2,2,1,0,0,0,0,1,0,1,0,0,0,0
46,191,1,1,1,1,0,0,0,0,0,1,1,0,0,0,0
37,188,3,3,1,1,0,0,0,1,0,0,1,0,0,0,0
48,289,2,2,2,1,0,0,0,1,0,0,1,0,0,0,0
40,219,2,2,2,1,0,0,0,1,0,0,1,0,0,0,0
48,319,2,2,0,1,0,0,1,0,0,0,1,0,0,0,0
41,286,5,5,3,1,1,0,0,0,0,0,1,0,0,0,0
43,259,2,2,2,1,0,0,1,0,0,0,1,0,0,0,0
43,243,3,3,1,1,0,0,0,1,0,0,1,0,0,0,0
43,289,2,2,1,1,0,1,0,0,0,0,1,0,0,0,0
39,246,2,2,1,1,0,1,0,0,0,0,1,0,0,0,0
32,166,2,2,1,1,0,1,0,0,0,0,1,0,0,0,0
43,77,5,5,2,0,0,1,0,0,0,0,1,0,0,0,0
46,257,4,4,3,1,0,0,0,1,0,0,1,0,0,0,0
35,217,4,4,1,1,1,0,0,0,0,0,1,0,0,0,0
49,241,2,2,2,1,0,0,0,0,1,0,1,0,0,0,0
37,35,0,0,0,1,0,0,0,0,0,1,1,0,0,0,0
48,319,5,5,2,0,0,0,1,0,0,0,1,0,0,0,0
35,141,1,1,1,1,0,0,0,1,0,0,1,0,0,0,0
44,241,1,1,1,1,0,0,0,1,0,0,1,0,0,0,0
48,308,4,4,0,1,0,0,0,1,0,0,1,0,0,0,0
36,123,1,1,1,1,0,0,0,0,1,0,1,0,0,0,0
48,155,4,4,2,1,0,0,0,1,0,0,0,0,0,1,0
46,237,1,1,0,1,0,0,0,0,1,0,0,0,0,1,0
22,48,1,1,0,1,0,1,0,0,0,0,0,0,0,1,0
49,240,1,1,0,1,0,0,0,0,1,0,0,0,0,1,0
32,61,1,1,1,1,0,0,0,0,1,0,0,0,0,1,0
49,279,2,2,2,1,0,0,0,0,1,0,0,0,0,1,0
40,194,4,4,3,1,0,0,1,0,0,0,0,0,0,1,0
37,223,2,2,1,1,0,1,0,0,0,0,0,0,0,1,0
27,111,1,1,0,1,0,1,0,0,0,0,0,0,0,1,0
39,179,0,0,0,1,0,0,0,1,0,0,0,0,0,1,0
45,139,1,1,0,1,0,0,0,0,0,1,0,0,0,1,0
34,114,1,1,0,1,0,0,0,0,1,0,0,0,0,1,0
31,102,2,2,1,1,0,0,0,1,0,0,0,0,0,1,0
37,71,2,2,1,1,0,0,0,0,0,1,0,0,0,1,0
29,87,3,2,2,1,0,0,1,0,0,0,0,0,0,1,0
33,145,2,3,2,1,0,0,1,0,0,0,0,0,0,1,0
39,240,2,2,1,1,0,1,0,0,0,0,0,0,0,1,0
45,276,2,2,1,1,0,0,0,1,0,0,0,0,0,1,0
41,225,2,2,0,0,0,0,0,1,0,0,0,0,0,1,0
46,256,2,2,2,1,0,0,0,0,1,0,0,0,0,1,0
40,94,1,1,1,1,0,0,0,0,0,1,0,0,0,1,0
40,219,3,3,1,0,0,0,0,1,0,0,0,0,0,1,0
42,222,2,2,2,1,0,0,0,1,0,0,0,0,0,1,0
41,202,2,2,0,1,0,0,0,1,0,0,0,0,0,1,0
39,84,3,3,1,1,0,0,0,0,1,0,0,0,0,1,0
37,222,3,3,3,1,0,1,0,0,0,0,0,0,0,1,0
42,212,3,3,1,1,0,0,0,0,1,0,0,0,0,1,0
43,260,1,1,1,1,0,0,1,0,0,0,0,0,0,1,0
44,242,3,3,3,1,0,0,0,1,0,0,0,0,0,1,0
42,207,4,4,1,1,0,0,0,1,0,0,0,0,0,1,0
44,257,2,2,2,1,0,0,0,1,0,0,0,0,0,1,0
42,213,2,2,2,1,0,0,0,1,0,0,0,0,0,1,0
43,207,2,2,0,1,0,0,0,0,1,0,0,0,0,1,0
23,55,2,2,1,1,0,1,0,0,0,0,0,0,0,1,0
27,78,2,2,1,1,0,0,1,0,0,0,0,0,0,1,0
37,191,1,1,1,1,0,0,1,0,0,0,0,0,0,1,0
36,154,2,2,0,1,0,0,0,1,0,0,0,0,0,1,0
31,118,2,2,1,1,0,0,1,0,0,0,0,0,0,1,0
27,61,2,2,1,1,0,0,0,1,0,0,0,0,0,1,0
44,205,1,1,0,1,0,0,0,0,1,0,0,0,0,1,0
42,138,0,0,0,1,0,0,0,0,1,0,0,0,0,1,0
38,118,2,2,2,0,0,0,0,0,1,0,0,0,0,1,0
33,144,1,1,1,1,0,0,1,0,0,0,0,0,0,1,0
26,38,0,0,0,1,0,0,0,1,0,0,0,0,0,1,0
28,83,2,2,0,1,0,0,1,0,0,0,0,0,0,1,0
27,54,1,1,0,1,0,0,0,1,0,0,0,0,0,1,0
32,42,1,1,1,1,0,0,0,0,1,0,0,0,0,1,0
44,353,4,4,2,1,0,0,0,0,0,0,0,0,0,1,0
28,59,1,1,0,1,0,1,0,0,0,0,0,0,0,1,0
40,299,3,3,2,1,1,0,0,0,0,0,0,0,0,1,0
22,84,3,3,2,1,1,0,0,0,0,0,0,0,0,1,0
34,162,1,1,1,1,0,0,1,0,0,0,0,0,0,1,0
24,75,1,1,0,1,0,1,0,0,0,0,0,0,0,1,0
32,146,3,3,2,1,0,0,1,0,0,0,0,0,0,1,0
28,168,5,5,4,1,0,0,0,0,0,0,0,0,0,1,0
34,135,1,1,0,1,0,0,0,1,0,0,0,0,0,1,0
30,97,2,2,0,1,0,0,0,1,0,0,0,0,0,1,0
28,66,1,1,0,1,0,0,0,1,0,0,0,1,0,0,0
32,111,2,2,1,1,0,0,0,1,0,0,0,0,0,1,0
28,126,2,2,1,1,1,0,0,0,0,0,0,0,0,1,0
36,215,2,2,0,1,0,1,0,0,0,0,0,0,0,1,0
30,103,1,1,1,1,0,0,1,0,0,0,0,0,0,1,0
32,192,2,2,0,1,1,0,0,0,0,0,0,0,0,1,0
37,169,2,2,1,1,0,0,0,1,0,0,0,0,0,1,0
27,73,1,1,0,1,0,0,1,0,0,0,0,0,0,1,0
24,124,2,2,0,1,0,0,0,0,0,0,0,0,0,1,0
23,47,2,2,1,1,0,1,0,0,0,0,0,0,0,1,0
30,39,1,1,0,1,0,0,0,0,1,0,0,0,0,1,0
35,197,2,2,1,1,0,1,0,0,0,0,0,0,0,1,0
28,64,1,1,1,1,0,0,0,1,0,0,0,0,0,1,0
25,53,2,2,1,1,0,0,1,0,0,0,0,0,0,1,0
33,62,0,0,0,1,0,0,0,0,1,0,0,0,0,1,0
25,79,3,2,0,1,0,1,0,0,0,0,0,0,0,1,0
24,27,1,1,0,1,0,0,1,0,0,0,0,0,0,1,0
48,325,2,2,0,0,0,0,1,0,0,0,0,0,0,1,0
36,156,1,1,0,1,0,0,0,1,0,0,0,0,0,1,0
32,105,2,2,0,1,0,0,0,1,0,0,0,0,0,1,0
34,174,2,2,1,1,0,1,0,0,0,0,0,0,0,1,0
36,179,2,2,1,1,0,0,1,0,0,0,0,0,0,1,0
22,3,1,0,0,1,0,0,0,1,0,0,0,0,0,1,0
44,323,1,1,0,1,1,0,0,0,0,0,0,0,0,1,0
39,218,4,4,4,1,0,0,1,0,0,0,0,0,0,1,0
32,106,2,2,1,1,1,0,0,0,0,0,0,0,0,1,0
39,209,1,1,0,1,0,0,0,1,0,0,0,0,0,1,0
23,57,2,2,1,1,0,1,0,0,0,0,0,0,0,1,0
42,317,0,0,0,1,1,0,0,0,0,0,0,0,0,1,0
40,140,1,1,0,1,0,0,0,0,1,0,0,0,0,1,0
28,124,3,3,2,1,0,1,0,0,0,0,0,0,0,1,0
34,126,2,2,1,1,0,0,0,1,0,0,0,0,0,1,0
45,246,1,1,0,1,0,0,0,1,0,0,0,0,0,1,0
24,27,1,1,0,1,0,0,1,0,0,0,0,0,0,1,0
49,317,2,2,1,1,0,0,0,1,0,0,0,0,0,1,0
47,246,1,1,1,1,0,0,0,0,1,0,0,0,0,1,0
41,246,3,3,1,1,0,0,1,0,0,0,0,0,0,1,0
45,256,1,1,1,1,0,0,0,1,0,0,0,0,0,1,0
32,153,1,1,1,1,0,1,0,0,0,0,0,0,0,1,0
43,311,1,1,0,1,1,0,0,0,0,0,0,0,0,1,0
30,110,1,1,0,1,0,0,1,0,0,0,0,0,0,1,0
30,55,0,0,0,1,0,0,0,0,1,0,0,0,0,1,0
41,219,0,0,0,1,0,0,0,1,0,0,0,0,0,1,0
49,151,1,1,1,1,0,0,0,0,0,1,0,0,0,1,0
44,146,2,2,1,1,0,0,0,0,0,1,0,0,0,1,0
23,35,1,1,0,1,0,0,1,0,0,0,0,0,0,1,0
18,38,0,0,0,1,1,0,0,0,0,0,0,1,0,0,0
22,57,1,1,1,1,0,1,0,0,0,0,0,1,0,0,0
34,99,2,2,2,1,0,0,0,0,1,0,0,1,0,0,0
33,112,1,1,1,1,0,0,0,1,0,0,0,1,0,0,0
23,61,2,2,1,1,0,1,0,0,0,0,0,1,0,0,0
35,198,2,2,1,1,0,1,0,0,0,0,0,1,0,0,0
35,194,1,1,0,1,0,1,0,0,0,0,0,1,0,0,0
46,293,2,2,2,0,0,0,0,1,0,0,0,1,0,0,0
49,271,1,1,0,1,0,0,0,0,1,0,0,1,0,0,0
31,95,2,2,1,1,0,0,0,1,0,0,0,1,0,0,0
31,55,2,1,1,1,0,0,0,0,1,0,0,1,0,0,0
48,224,0,0,0,0,0,0,0,0,0,1,0,0,0,1,0
38,190,2,2,1,1,0,0,0,1,0,0,0,1,0,0,0
30,150,2,2,1,1,1,0,0,0,0,0,0,1,0,0,0
24,38,0,0,0,1,0,0,1,0,0,0,0,1,0,0,0
28,51,1,1,1,1,0,0,0,1,0,0,0,1,0,0,0
21,5,0,0,0,1,0,0,1,0,0,0,0,1,0,0,0
44,308,2,2,1,1,0,1,0,0,0,0,0,1,0,0,0
20,19,0,0,0,1,0,1,0,0,0,0,0,1,0,0,0
32,87,1,1,1,1,0,0,1,0,0,0,0,1,0,0,0
30,94,1,1,0,1,0,0,0,1,0,0,0,1,0,0,0
34,102,1,1,1,1,0,0,0,0,1,0,0,1,0,0,0
26,71,2,2,0,1,0,0,1,0,0,0,0,1,0,0,0
29,93,1,1,0,1,0,0,1,0,0,0,0,1,0,0,0
39,250,2,2,2,1,0,1,0,0,0,0,0,1,0,0,0
28,56,2,2,1,1,0,0,0,1,0,0,0,1,0,0,0
25,5,0,0,0,1,0,0,0,1,0,0,0,1,0,0,0
22,7,0,0,0,1,0,0,0,1,0,0,0,1,0,0,0
27,49,1,1,0,1,0,0,0,1,0,0,0,1,0,0,0
18,13,0,0,0,1,1,0,0,0,0,0,0,1,0,0,0
31,128,2,1,0,1,0,0,1,0,0,0,0,1,0,0,0
27,51,1,1,1,1,0,0,0,1,0,0,0,1,0,0,0
34,132,2,2,1,1,0,0,0,1,0,0,0,1,0,0,0
28,50,2,2,2,1,0,0,0,1,0,0,0,1,0,0,0
37,215,2,2,1,1,0,1,0,0,0,0,0,1,0,0,0
34,101,1,1,0,0,0,0,0,0,1,0,0,1,0,0,0
26,59,1,1,0,1,0,0,0,1,0,0,0,1,0,0,0
45,244,2,2,0,1,0,0,0,1,0,0,0,1,0,0,0
32,114,1,1,1,1,0,0,0,1,0,0,0,1,0,0,0
34,170,2,2,0,1,0,1,0,0,0,0,0,1,0,0,0
36,147,2,2,1,1,0,0,0,1,0,0,0,1,0,0,0
28,113,0,0,0,1,0,1,0,0,0,0,0,1,0,0,0
26,104,1,1,1,1,1,0,0,0,0,0,0,1,0,0,0
31,85,1,2,2,1,0,0,0,1,0,0,0,1,0,0,0
37,186,2,2,2,1,0,0,1,0,0,0,0,1,0,0,0
26,93,2,2,1,1,0,1,0,0,0,0,0,1,0,0,0
29,92,2,2,2,1,0,0,0,1,0,0,0,1,0,0,0
34,119,1,1,1,1,0,0,0,1,0,0,0,1,0,0,0
44,271,2,2,0,1,0,0,1,0,0,0,0,1,0,0,0
29,45,1,1,1,1,0,0,0,0,1,0,0,1,0,0,0
36,96,1,1,0,1,0,0,0,0,1,0,0,1,0,0,0
37,182,2,2,1,1,0,0,0,1,0,0,0,1,0,0,0
32,94,2,2,1,1,0,0,0,1,0,0,0,1,0,0,0
31,98,1,1,0,1,0,0,0,1,0,0,0,1,0,0,0
32,135,2,2,1,1,0,0,1,0,0,0,0,1,0,0,0
31,139,2,2,2,1,0,0,1,0,0,0,0,1,0,0,0
48,152,3,3,3,1,1,0,0,0,0,0,0,1,0,0,0
35,123,1,1,0,1,0,0,0,0,1,0,0,1,0,0,0
47,170,1,1,1,1,0,0,0,0,0,1,0,1,0,0,0
34,176,2,2,2,1,0,1,0,0,0,0,0,1,0,0,0
31,85,2,2,1,1,0,0,0,1,0,0,0,1,0,0,0
47,217,2,2,0,1,0,0,0,0,1,0,0,1,0,0,0
36,92,1,1,0,1,0,0,0,0,1,0,0,1,0,0,0
39,101,4,4,3,1,0,0,0,0,0,1,1,0,0,0,0
39,159,2,2,1,0,0,0,0,0,1,0,1,0,0,0,0
45,267,2,2,1,1,0,0,0,1,0,0,1,0,0,0,0
45,260,3,3,2,1,0,0,0,1,0,0,1,0,0,0,0
48,325,0,0,0,1,0,0,1,0,0,0,1,0,0,0,0
30,155,3,3,2,1,1,0,0,0,0,0,1,0,0,0,0
40,186,1,1,0,1,0,0,0,0,1,0,1,0,0,0,0
42,153,2,2,0,1,0,0,0,0,1,0,1,0,0,0,0
27,66,1,1,0,1,0,0,1,0,0,0,1,0,0,0,0
42,224,1,1,0,1,0,0,0,1,0,0,1,0,0,0,0
36,199,2,2,2,1,0,1,0,0,0,0,1,0,0,0,0
38,162,2,2,1,1,0,0,0,0,1,0,1,0,0,0,0
44,294,2,2,2,1,0,0,1,0,0,0,1,0,0,0,0
32,185,2,2,1,1,1,0,0,0,0,0,1,0,0,0,0
44,220,1,1,1,1,0,0,0,0,1,0,1,0,0,0,0
47,305,2,2,1,1,0,0,0,1,0,0,1,0,0,0,0
35,166,0,0,0,1,0,0,1,0,0,0,1,0,0,0,0
40,97,1,1,1,1,0,1,0,0,0,0,1,0,0,0,0
36,161,3,3,3,0,0,0,0,1,0,0,1,0,0,0,0
25,60,0,0,0,1,0,0,1,0,0,0,1,0,0,0,0
37,177,3,3,2,1,0,0,0,1,0,0,1,0,0,0,0
30,101,2,2,2,1,0,0,1,0,0,0,0,0,0,1,0
40,198,1,1,1,1,0,0,0,1,0,0,1,0,0,0,0
37,145,2,2,1,1,0,0,0,0,1,0,1,0,0,0,0
27,146,2,2,1,1,1,0,0,0,0,0,1,0,0,0,0
34,125,2,2,1,1,0,0,0,1,0,0,1,0,0,0,0
26,42,1,0,0,1,0,0,0,1,0,0,1,0,0,0,0
31,78,1,1,0,1,0,0,0,1,0,0,1,0,0,0,0
46,233,0,0,0,1,0,0,0,0,1,0,1,0,0,0,0
32,105,2,2,1,1,0,0,0,1,0,0,1,0,0,0,0
35,171,1,1,1,1,0,0,1,0,0,0,1,0,0,0,0
32,114,2,2,2,1,0,0,0,1,0,0,1,0,0,0,0
35,200,1,1,1,1,0,1,0,0,0,0,1,0,0,0,0
22,86,1,1,1,1,1,0,0,0,0,0,1,0,0,0,0
42,144,3,3,0,1,0,0,0,0,0,1,1,0,0,0,0
43,256,2,2,1,1,0,0,1,0,0,0,1,0,0,0,0
28,87,2,2,2,1,0,0,1,0,0,0,1,0,0,0,0
39,203,2,2,1,1,0,0,0,1,0,0,1,0,0,0,0
26,36,0,0,0,1,0,0,0,1,0,0,1,0,0,0,0
24,11,0,0,0,1,0,0,0,1,0,0,1,0,0,0,0
43,179,0,0,0,1,0,0,0,0,1,0,0,0,0,1,0
48,207,3,3,3,1,0,0,0,0,0,1,0,0,0,1,0
41,93,2,2,2,1,0,0,0,0,0,1,0,0,0,1,0
36,193,2,3,1,1,0,0,1,0,0,0,0,0,0,1,0
19,2,0,0,0,1,0,1,0,0,0,0,0,0,0,1,0
27,43,1,1,0,1,0,0,0,1,0,0,0,0,0,1,0
40,267,2,2,0,1,0,1,0,0,0,0,0,0,0,1,0
49,218,2,2,1,1,0,0,0,0,0,1,0,0,0,1,0
38,106,0,0,0,1,0,0,0,0,1,0,0,0,0,1,0
32,27,1,1,1,1,0,0,0,0,0,1,0,0,0,1,0
24,103,2,2,2,1,1,0,0,0,0,0,0,0,0,1,0
41,270,2,2,2,1,0,1,0,0,0,0,0,1,0,0,0
36,172,2,2,0,1,0,0,0,1,0,0,0,1,0,0,0
46,245,1,1,0,1,0,0,0,0,1,0,0,1,0,0,0
49,361,2,2,0,0,0,1,0,0,0,0,0,1,0,0,0
45,287,4,4,1,1,0,0,1,0,0,0,0,1,0,0,0
35,220,2,2,2,1,1,0,0,0,0,0,0,1,0,0,0
46,248,1,1,1,1,0,0,0,0,1,0,0,1,0,0,0
35,132,2,2,2,1,0,0,0,1,0,0,0,1,0,0,0
46,268,2,2,0,1,0,0,0,1,0,0,0,1,0,0,0
44,180,1,1,1,1,0,0,0,0,1,0,0,1,0,0,0
33,137,2,2,2,1,0,0,1,0,0,0,0,1,0,0,0
36,135,1,1,1,1,0,0,0,1,0,0,0,1,0,0,0
30,149,0,0,0,1,0,1,0,0,0,0,0,1,0,0,0
41,220,2,2,2,1,0,0,0,1,0,0,0,1,0,0,0
41,208,2,2,0,1,0,0,0,1,0,0,0,1,0,0,0
37,189,3,3,1,1,0,0,1,0,0,0,0,1,0,0,0
34,197,0,0,0,1,0,1,0,0,0,0,0,1,0,0,0
23,29,2,2,2,1,0,1,0,0,0,0,0,1,0,0,0
40,204,2,2,1,1,0,0,0,1,0,0,0,1,0,0,0
21,42,1,1,0,1,0,1,0,0,0,0,0,1,0,0,0
33,173,2,2,1,0,0,1,0,0,0,0,0,1,0,0,0
47,338,1,1,1,1,0,1,0,0,0,0,0,1,0,0,0
23,2,1,0,0,1,0,0,0,1,0,0,0,1,0,0,0
34,107,2,2,0,1,0,0,0,0,1,0,0,1,0,0,0
38,158,2,2,1,1,0,0,0,0,1,0,0,1,0,0,0
41,245,1,1,0,1,0,0,1,0,0,0,0,0,1,0,0
33,128,1,1,1,1,0,0,0,1,0,0,0,1,0,0,0
47,290,2,2,1,1,0,0,0,1,0,0,0,1,0,0,0
18,2,0,0,0,1,0,1,0,0,0,0,0,1,0,0,0
23,8,0,0,0,1,0,0,0,1,0,0,0,1,0,0,0
31,143,2,2,2,1,0,1,0,0,0,0,1,0,0,0,0
30,123,2,2,1,1,0,0,1,0,0,0,1,0,0,0,0
43,99,2,2,2,1,0,0,0,0,0,1,1,0,0,0,0
35,150,4,4,2,1,0,0,0,1,0,0,1,0,0,0,0
37,221,2,2,2,0,0,1,0,0,0,0,1,0,0,0,0
27,116,1,1,0,1,1,0,0,0,0,0,1,0,0,0,0
18,21,1,1,1,1,1,0,0,0,0,0,1,0,0,0,0
26,59,1,1,1,1,0,0,1,0,0,0,1,0,0,0,0
36,170,2,2,0,1,0,0,0,1,0,0,1,0,0,0,0
31,91,2,3,1,1,1,0,0,0,0,0,1,0,0,0,0
31,120,1,1,1,1,0,0,1,0,0,0,1,0,0,0,0
34,180,3,3,3,1,0,1,0,0,0,0,1,0,0,0,0
46,268,3,3,0,1,0,0,0,1,0,0,1,0,0,0,0
33,156,3,3,1,1,1,0,0,0,0,0,1,0,0,0,0
36,119,2,2,1,1,0,0,0,0,1,0,1,0,0,0,0
43,152,3,3,1,1,0,0,0,0,0,1,1,0,0,0,0
37,119,1,1,0,1,0,0,0,0,1,0,1,0,0,0,0
36,228,2,2,0,1,1,0,0,0,0,0,1,0,0,0,0
45,299,4,4,2,0,0,0,1,0,0,0,1,0,0,0,0
43,296,3,3,1,1,0,1,0,0,0,0,1,0,0,0,0
29,196,4,4,1,1,0,0,0,0,0,0,1,0,0,0,0
35,238,5,4,1,1,1,0,0,0,0,0,1,0,0,0,0
43,207,4,4,2,1,0,0,1,0,0,0,1,0,0,0,0
34,131,2,2,0,1,0,0,0,1,0,0,1,0,0,0,0
21,19,0,0,0,1,0,1,0,0,0,0,1,0,0,0,0
47,353,4,4,3,1,0,1,0,0,0,0,1,0,0,0,0
21,7,0,0,0,1,0,0,1,0,0,0,1,0,0,0,0
27,45,2,2,0,1,0,0,0,1,0,0,1,0,0,0,0
39,197,1,1,0,1,0,0,0,1,0,0,1,0,0,0,0
34,184,3,3,3,1,0,1,0,0,0,0,1,0,0,0,0
43,249,3,3,3,1,0,0,0,1,0,0,1,0,0,0,0
36,205,2,2,1,1,0,1,0,0,0,0,1,0,0,0,0
34,167,2,2,2,1,0,0,1,0,0,0,1,0,0,0,0
29,18,1,0,0,1,0,0,0,0,1,0,1,0,0,0,0
24,42,0,0,0,1,0,0,1,0,0,0,1,0,0,0,0
44,242,1,1,0,1,0,0,0,1,0,0,1,0,0,0,0
39,224,1,1,1,1,0,0,1,0,0,0,1,0,0,0,0
32,179,2,2,0,1,1,0,0,0,0,0,1,0,0,0,0
29,114,1,1,1,1,0,1,0,0,0,0,1,0,0,0,0
38,120,1,1,0,1,0,0,0,0,1,0,1,0,0,0,0
48,101,0,0,0,1,0,0,0,0,0,1,1,0,0,0,0
43,271,1,1,0,1,0,0,1,0,0,0,0,1,0,0,0
41,213,2,2,1,1,0,0,0,1,0,0,0,1,0,0,0
39,237,2,2,0,1,0,1,0,0,0,0,0,1,0,0,0
41,221,2,2,0,1,0,0,0,1,0,0,0,1,0,0,0
36,159,2,2,2,1,0,0,1,0,0,0,0,1,0,0,0
23,50,4,4,1,1,0,1,0,0,0,0,0,1,0,0,0
28,51,1,1,1,1,0,0,0,1,0,0,0,1,0,0,0
29,127,2,2,1,1,0,1,0,0,0,0,1,0,0,0,0
40,224,2,2,2,1,0,0,1,0,0,0,1,0,0,0,0
40,188,2,2,0,1,0,0,0,1,0,0,1,0,0,0,0
33,117,1,1,1,1,0,0,0,1,0,0,1,0,0,0,0
37,124,2,2,1,1,0,0,0,0,1,0,1,0,0,0,0
32,53,1,1,0,1,0,0,0,0,1,0,1,0,0,0,0
39,158,2,2,2,1,0,0,0,0,1,0,1,0,0,0,0
37,245,1,1,0,1,1,0,0,0,0,0,1,0,0,0,0
24,44,1,1,1,1,0,0,1,0,0,0,1,0,0,0,0
36,184,2,2,1,1,0,0,1,0,0,0,1,0,0,0,0
26,33,1,1,1,1,0,0,0,1,0,0,1,0,0,0,0
45,130,2,2,1,1,0,0,0,0,1,0,0,1,0,0,0
34,151,2,2,0,1,0,0,1,0,0,0,0,1,0,0,0
37,156,2,2,2,1,0,0,0,1,0,0,0,1,0,0,0
40,145,2,2,0,1,0,0,0,0,1,0,0,1,0,0,0
24,8,0,0,0,1,0,0,0,1,0,0,0,1,0,0,0
42,165,2,2,0,0,0,0,0,0,1,0,0,1,0,0,0
29,141,1,1,1,1,1,0,0,0,0,0,0,1,0,0,0
31,108,2,2,0,1,0,0,0,1,0,0,0,1,0,0,0
21,31,1,1,0,1,0,1,0,0,0,0,0,1,0,0,0
30,90,1,1,0,1,0,0,0,1,0,0,0,1,0,0,0
22,20,0,0,0,1,0,0,1,0,0,0,0,1,0,0,0
25,83,2,2,1,1,0,1,0,0,0,0,0,1,0,0,0
40,220,2,2,1,1,0,0,0,1,0,0,0,1,0,0,0
28,80,2,2,1,1,0,0,0,1,0,0,0,1,0,0,0
29,116,1,2,2,1,0,1,0,0,0,0,0,1,0,0,0
29,54,2,2,2,1,0,0,0,1,0,0,0,1,0,0,0
25,73,1,1,1,1,0,1,0,0,0,0,0,1,0,0,0
28,94,2,2,1,1,0,0,1,0,0,0,0,1,0,0,0
40,102,2,2,2,1,0,0,0,0,1,0,0,1,0,0,0
47,325,2,2,1,1,0,0,1,0,0,0,0,1,0,0,0
32,120,2,3,1,1,0,0,0,1,0,0,0,1,0,0,0
34,56,1,1,1,1,0,0,0,0,1,0,0,1,0,0,0
41,159,2,2,1,1,0,0,0,0,1,0,0,1,0,0,0
35,151,2,2,1,1,0,0,0,1,0,0,0,1,0,0,0
32,118,0,0,0,1,0,0,0,1,0,0,0,1,0,0,0
18,5,0,0,0,1,0,1,0,0,0,0,0,1,0,0,0
40,244,2,2,2,0,0,1,0,0,0,0,0,1,0,0,0
22,54,1,1,1,1,1,0,0,0,0,0,0,1,0,0,0
35,153,3,3,1,0,0,0,0,1,0,0,0,1,0,0,0
22,75,3,3,1,1,1,0,0,0,0,0,0,1,0,0,0
40,279,5,5,0,1,1,0,0,0,0,0,0,1,0,0,0
27,60,1,1,1,1,0,0,0,1,0,0,0,1,0,0,0
33,170,2,2,1,1,0,1,0,0,0,0,0,1,0,0,0
47,339,3,3,2,0,0,1,0,0,0,0,0,1,0,0,0
36,151,1,1,1,1,0,0,0,1,0,0,0,1,0,0,0
26,81,1,1,0,1,0,1,0,0,0,0,0,1,0,0,0
32,155,2,2,2,1,0,1,0,0,0,0,0,1,0,0,0
44,305,3,3,2,0,0,1,0,0,0,0,0,1,0,0,0
42,22,0,0,0,1,0,0,0,0,0,1,0,1,0,0,0
48,281,2,2,1,0,0,0,0,1,0,0,0,1,0,0,0
40,161,2,2,2,1,0,0,0,0,1,0,0,1,0,0,0
44,276,1,1,0,1,0,0,1,0,0,0,0,1,0,0,0
37,138,2,2,1,1,0,0,0,0,1,0,0,1,0,0,0
36,176,2,2,1,1,0,0,0,1,0,0,0,1,0,0,0
39,63,2,2,2,1,0,0,0,0,0,1,0,1,0,0,0
49,360,1,1,0,1,0,1,0,0,0,0,0,1,0,0,0
28,57,1,1,0,1,0,0,0,1,0,0,0,1,0,0,0
35,199,2,2,0,1,0,1,0,0,0,0,0,1,0,0,0
40,245,2,2,2,1,0,0,1,0,0,0,0,1,0,0,0
29,63,1,1,0,1,0,0,0,1,0,0,0,1,0,0,0
44,116,0,0,0,0,0,0,0,0,0,1,0,1,0,0,0
45,294,1,1,1,1,0,0,1,0,0,0,0,1,0,0,0
38,220,0,0,0,1,0,0,1,0,0,0,0,1,0,0,0
23,10,1,0,0,1,0,0,0,1,0,0,0,1,0,0,0
28,53,1,1,1,1,0,0,0,1,0,0,0,1,0,0,0
45,307,1,1,1,1,0,0,1,0,0,0,0,1,0,0,0
47,284,3,3,2,1,0,0,0,1,0,0,0,1,0,0,0
23,51,1,1,0,1,0,1,0,0,0,0,0,1,0,0,0
38,255,2,2,2,1,1,0,0,0,0,0,0,1,0,0,0
23,58,1,1,1,1,0,1,0,0,0,0,0,1,0,0,0
46,276,2,2,0,1,0,0,0,1,0,0,0,1,0,0,0
45,341,2,2,1,1,1,0,0,0,0,0,0,1,0,0,0
43,196,2,2,2,0,1,0,0,0,0,0,0,1,0,0,0
42,64,0,0,0,1,0,0,0,0,0,1,0,1,0,0,0
35,99,2,2,0,1,1,0,0,0,0,0,0,1,0,0,0
46,330,2,2,2,0,0,1,0,0,0,0,0,1,0,0,0
26,61,1,1,1,1,0,0,1,0,0,0,0,1,0,0,0
33,155,2,2,2,1,0,0,1,0,0,0,1,0,0,0,0
39,234,1,1,0,1,0,0,1,0,0,0,1,0,0,0,0
38,203,2,2,1,1,0,0,1,0,0,0,1,0,0,0,0
22,27,1,1,1,1,0,0,1,0,0,0,1,0,0,0,0
41,241,1,1,1,1,0,0,1,0,0,0,1,0,0,0,0
45,256,0,0,0,1,0,0,0,1,0,0,1,0,0,0,0
39,164,3,3,3,1,0,0,0,0,1,0,1,0,0,0,0
38,178,1,1,1,1,0,0,0,1,0,0,1,0,0,0,0
32,112,2,2,1,1,0,0,0,1,0,0,1,0,0,0,0
39,210,2,2,1,1,0,0,1,0,0,0,1,0,0,0,0
36,125,1,1,0,1,0,0,0,0,1,0,1,0,0,0,0
19,13,1,1,1,1,0,1,0,0,0,0,1,0,0,0,0
25,36,1,1,1,1,1,0,0,0,0,0,1,0,0,0,0
40,193,3,3,3,1,0,0,0,1,0,0,1,0,0,0,0
47,208,1,1,1,1,0,0,0,0,0,1,1,0,0,0,0
37,71,0,0,0,1,0,0,0,0,0,1,1,0,0,0,0
31,82,2,2,0,1,0,0,0,1,0,0,1,0,0,0,0
46,206,2,2,1,1,0,0,0,0,1,0,1,0,0,0,0
31,99,2,2,1,1,0,0,0,1,0,0,1,0,0,0,0
40,153,4,4,4,1,0,1,0,0,0,0,1,0,0,0,0
47,67,2,2,1,1,0,1,0,0,0,0,1,0,0,0,0
40,159,1,1,0,1,0,0,0,0,1,0,1,0,0,0,0
39,97,3,3,3,1,0,0,0,0,0,1,1,0,0,0,0
28,83,2,2,1,1,0,0,1,0,0,0,1,0,0,0,0
44,249,1,1,1,1,0,0,0,1,0,0,1,0,0,0,0
37,139,2,2,0,1,0,0,0,0,1,0,1,0,0,0,0
39,286,3,3,2,1,1,0,0,0,0,0,1,0,0,0,0
34,173,2,2,1,1,0,0,1,0,0,0,0,1,0,0,0
48,41,0,0,0,1,0,0,0,1,0,0,0,0,0,1,0
30,37,0,0,0,1,0,0,0,0,1,0,0,0,0,1,0
26,61,1,1,0,1,0,0,1,0,0,0,0,0,0,1,0
24,29,1,0,0,1,0,0,0,1,0,0,0,0,0,1,0
43,287,7,7,4,0,0,1,0,0,0,0,0,0,0,1,0
25,51,1,1,1,1,0,0,1,0,0,0,0,0,0,1,0
35,141,2,2,1,1,0,0,0,1,0,0,0,0,0,1,0
27,82,1,1,1,1,0,0,1,0,0,0,0,0,0,1,0
31,131,1,1,0,1,0,0,1,0,0,0,0,0,0,1,0
35,90,1,1,1,1,0,0,0,0,1,0,0,0,0,1,0
29,140,2,2,2,1,1,0,0,0,0,0,0,0,0,1,0
29,106,3,3,2,1,0,0,1,0,0,0,0,0,0,1,0
37,182,2,2,1,1,0,0,0,1,0,0,0,0,0,1,0
34,155,1,1,0,1,0,0,0,1,0,0,0,0,0,1,0
27,61,1,1,1,1,0,0,0,1,0,0,0,0,0,1,0
41,222,2,2,0,1,0,0,0,1,0,0,0,0,0,1,0
45,197,2,2,1,1,0,0,0,0,1,0,0,0,0,1,0
30,111,2,2,2,1,0,0,1,0,0,0,0,0,0,1,0
43,214,2,2,1,1,0,0,1,0,0,0,0,0,0,1,0
39,32,2,1,1,1,0,0,0,0,0,1,0,0,0,1,0
31,78,1,1,0,1,0,0,0,0,1,0,0,0,0,1,0
27,61,3,3,1,1,0,0,0,1,0,0,0,0,0,1,0
35,151,2,2,1,1,0,0,0,1,0,0,0,0,0,1,0
33,115,2,1,1,1,0,0,0,1,0,0,0,0,0,1,0
30,118,2,2,1,1,0,0,1,0,0,0,0,0,0,1,0
32,125,3,3,1,1,0,0,0,1,0,0,0,0,0,1,0
29,80,1,1,1,1,0,0,0,1,0,0,0,0,0,1,0
46,239,3,3,2,1,0,0,0,0,1,0,0,0,0,1,0
32,88,3,3,0,1,0,0,0,1,0,0,0,0,0,1,0
38,111,2,2,0,1,0,0,0,0,1,0,0,0,0,1,0
49,274,1,1,1,1,0,0,0,0,1,0,0,0,0,1,0
49,243,1,1,0,1,0,0,0,0,1,0,0,0,0,1,0
49,377,1,1,0,1,0,1,0,0,0,0,0,0,0,1,0
46,238,1,1,1,1,0,0,0,0,1,0,0,0,0,1,0
34,99,1,1,0,1,0,0,0,0,1,0,0,0,0,1,0
39,227,1,1,1,1,0,0,1,0,0,0,0,0,0,1,0
42,168,1,1,1,1,0,0,0,0,1,0,0,0,0,1,0
35,155,2,2,0,1,0,0,0,1,0,0,0,0,0,1,0
39,201,3,3,1,1,0,0,0,1,0,0,0,0,0,1,0
41,235,2,2,2,1,0,0,0,1,0,0,0,0,0,1,0
39,151,3,3,3,1,0,0,0,0,1,0,0,0,0,1,0
46,318,3,3,2,1,0,0,1,0,0,0,0,0,0,1,0
36,176,1,1,1,1,0,0,1,0,0,0,0,0,0,1,0
37,186,2,2,0,1,0,0,0,1,0,0,0,0,0,1,0
45,237,1,1,1,1,0,0,0,0,1,0,0,0,0,1,0
41,150,1,1,0,1,0,0,0,0,1,0,0,0,0,1,0
49,227,2,2,0,1,0,0,0,0,0,1,0,0,0,1,0
41,226,1,1,1,1,0,0,0,1,0,0,0,0,0,1,0
48,279,1,1,0,1,0,0,0,0,1,0,0,0,0,1,0
40,199,1,0,0,1,0,0,0,1,0,0,0,0,0,1,0
27,30,0,0,0,1,0,0,0,0,1,0,0,0,0,1,0
28,5,0,0,0,1,0,0,0,0,1,0,0,0,0,1,0
47,215,1,1,0,1,0,0,0,0,1,0,0,0,0,1,0
30,132,2,2,0,1,0,1,0,0,0,0,0,0,0,1,0
35,186,1,1,1,1,0,1,0,0,0,0,0,0,0,1,0
32,102,1,1,1,1,0,0,0,1,0,0,0,0,0,1,0
20,11,1,0,0,1,0,1,0,0,0,0,0,0,0,1,0
40,201,1,1,0,1,0,0,0,1,0,0,0,0,0,1,0
32,104,2,2,1,1,0,0,0,1,0,0,0,0,0,1,0
42,196,4,4,0,1,0,0,0,0,1,0,0,0,0,1,0
28,110,2,2,1,1,0,1,0,0,0,0,0,0,0,1,0
29,78,2,1,1,1,0,0,0,1,0,0,0,0,0,1,0
30,93,2,2,0,1,0,0,0,1,0,0,0,0,0,1,0
39,180,2,2,0,1,0,0,0,1,0,0,0,0,0,1,0
36,167,2,2,0,1,0,0,0,1,0,0,0,0,0,1,0
30,90,2,2,2,1,0,0,0,1,0,0,0,0,0,1,0
39,93,2,2,1,1,0,0,0,0,0,1,0,0,0,1,0
29,64,1,1,0,1,0,0,0,1,0,0,0,0,0,1,0
34,86,2,2,1,1,0,0,0,0,1,0,0,0,0,1,0
33,85,1,1,0,1,0,0,0,0,1,0,0,0,0,1,0
29,90,1,1,1,1,0,0,1,0,0,0,0,0,0,1,0
45,294,2,2,2,1,0,0,1,0,0,0,0,0,0,1,0
31,88,1,1,1,1,0,0,0,1,0,0,0,0,0,1,0
32,132,1,1,1,1,0,0,1,0,0,0,0,0,0,1,0
22,55,2,2,1,1,1,0,0,0,0,0,0,0,0,1,0
29,73,1,1,1,1,0,0,0,1,0,0,0,0,0,1,0
28,130,1,1,1,1,1,0,0,0,0,0,0,0,0,1,0
33,133,1,1,1,1,0,0,0,1,0,0,0,0,0,1,0
35,66,1,1,0,1,0,0,0,0,0,1,0,0,0,1,0
34,188,1,1,1,1,0,1,0,0,0,0,0,0,0,1,0
26,53,1,1,0,1,0,0,1,0,0,0,0,0,0,1,0
30,176,2,2,1,1,1,0,0,0,0,0,0,0,0,1,0
40,199,4,4,1,1,0,0,0,1,0,0,0,0,0,1,0
36,166,1,1,0,1,0,0,0,1,0,0,0,0,0,1,0
28,38,1,0,0,1,0,0,0,0,1,0,0,0,0,1,0
40,213,2,2,1,1,0,0,0,1,0,0,0,0,0,1,0
32,121,1,2,0,1,0,0,0,1,0,0,0,0,0,1,0
28,134,2,2,0,1,1,0,0,0,0,0,0,0,0,1,0
26,141,2,2,0,1,0,0,0,0,0,0,0,0,0,1,0
40,189,3,3,1,1,0,0,0,1,0,0,0,0,0,1,0
38,223,5,6,2,1,0,1,0,0,0,0,0,0,0,1,0
43,267,10,11,8,1,0,0,1,0,0,0,0,0,0,1,0
43,259,11,11,4,1,0,0,1,0,0,0,0,0,0,1,0
42,267,4,4,1,1,0,0,1,0,0,0,0,0,0,1,0
43,268,6,6,2,1,0,0,1,0,0,0,0,0,0,1,0
49,304,7,7,4,1,0,0,0,1,0,0,0,0,0,1,0
48,206,7,7,2,1,0,0,0,0,0,1,0,0,0,1,0
41,267,6,6,3,1,0,1,0,0,0,0,0,0,0,1,0
43,230,4,4,3,1,0,0,0,1,0,0,0,0,0,1,0
44,222,6,6,5,1,0,0,0,0,1,0,0,0,0,1,0
34,148,3,4,2,1,0,0,0,1,0,0,0,0,0,1,0
44,236,8,8,5,1,0,0,0,0,1,0,0,0,0,1,0
40,231,4,4,3,1,0,0,1,0,0,0,0,0,0,1,0
44,242,4,4,2,1,0,0,0,1,0,0,0,0,0,1,0
48,359,5,5,0,1,0,1,0,0,0,0,0,0,0,1,0
39,187,4,4,2,1,0,0,0,1,0,0,0,0,0,1,0
45,281,4,4,1,1,0,0,1,0,0,0,0,0,0,1,0
25,21,1,1,1,1,0,0,0,1,0,0,0,0,0,1,0
49,262,6,6,0,1,0,0,0,0,1,0,0,0,0,1,0
44,222,4,5,5,1,0,0,0,0,1,0,0,0,0,1,0
42,251,4,4,4,1,0,0,1,0,0,0,0,0,0,1,0
42,193,4,4,2,1,0,0,0,0,1,0,0,0,0,1,0
45,195,3,3,1,1,0,0,0,0,1,0,0,0,0,1,0
43,265,4,4,3,1,0,0,1,0,0,0,0,0,0,1,0
21,26,1,1,0,1,0,1,0,0,0,0,0,0,0,1,0
41,234,4,4,2,1,0,0,0,1,0,0,0,0,0,1,0
36,185,4,4,1,1,0,0,1,0,0,0,0,0,0,1,0
42,258,4,4,0,1,0,0,1,0,0,0,0,0,0,1,0
17,20,1,1,0,1,1,0,0,0,0,0,0,0,0,1,0
45,166,4,4,3,1,0,0,0,0,0,1,0,0,0,1,0
29,93,2,2,1,1,1,0,0,0,0,0,0,0,0,1,0
31,148,3,3,2,1,0,1,0,0,0,0,0,0,0,1,0
40,186,3,3,3,1,0,0,1,0,0,0,0,0,0,1,0
43,189,1,1,1,1,0,0,0,1,0,0,0,0,0,1,0
44,239,3,3,1,1,0,0,0,1,0,0,0,0,0,1,0
44,255,1,1,1,1,0,0,0,1,0,0,0,0,0,1,0
28,98,1,1,0,0,0,0,1,0,0,0,0,0,0,1,0
28,18,0,0,0,1,0,0,0,0,1,0,0,0,0,1,0
29,101,2,2,0,1,0,0,1,0,0,0,0,0,0,1,0
22,36,1,1,1,1,0,1,0,0,0,0,0,0,0,1,0
26,15,0,0,0,1,0,0,0,0,1,0,0,0,0,1,0
25,90,1,1,0,1,0,1,0,0,0,0,0,0,0,1,0
23,39,2,2,1,1,0,0,1,0,0,0,0,0,0,1,0
37,148,4,4,2,0,0,1,0,0,0,0,0,0,0,1,0
31,125,2,2,0,1,0,0,1,0,0,0,0,0,0,1,0
29,119,3,3,1,0,0,1,0,0,0,0,0,0,0,1,0
44,134,0,0,0,1,0,0,0,0,0,1,0,0,0,1,0
21,6,0,0,0,1,0,0,1,0,0,0,0,0,0,1,0
32,141,2,2,2,1,0,0,1,0,0,0,0,0,0,1,0
44,62,0,0,0,0,0,0,0,0,0,1,0,0,0,1,0
32,101,4,4,2,1,0,0,0,1,0,0,0,0,0,1,0
47,387,7,7,3,1,0,0,0,0,0,0,0,0,0,1,0
39,256,5,5,1,1,0,1,0,0,0,0,0,0,0,1,0
46,269,3,3,1,1,0,0,0,1,0,0,0,0,0,1,0
38,161,2,2,2,1,0,0,0,0,1,0,0,0,0,1,0
39,197,2,2,1,1,0,0,0,1,0,0,0,0,0,1,0
36,147,2,2,2,1,0,0,0,1,0,0,0,0,0,1,0
31,117,2,2,1,1,0,0,0,1,0,0,0,0,0,1,0
37,170,2,4,3,1,0,0,0,1,0,0,0,0,0,1,0
42,229,4,4,1,1,0,0,0,1,0,0,0,0,0,1,0
31,89,2,2,2,1,0,0,0,1,0,0,0,0,0,1,0
31,137,1,1,1,1,0,0,1,0,0,0,0,0,0,1,0
35,143,2,2,0,1,0,0,0,1,0,0,0,0,0,1,0
28,93,2,2,1,1,0,0,1,0,0,0,0,0,0,1,0
33,118,4,4,3,1,0,0,0,1,0,0,0,0,0,1,0
27,88,2,1,1,1,0,1,0,0,0,0,0,0,0,1,0
39,177,1,1,1,1,0,0,0,0,1,0,0,0,0,1,0
32,153,2,2,1,1,0,1,0,0,0,0,0,0,0,1,0
31,77,1,1,1,1,0,0,0,0,1,0,0,0,0,1,0
42,143,2,2,0,1,0,0,0,0,0,1,0,0,0,1,0
41,239,3,3,1,0,0,0,1,0,0,0,0,0,0,1,0
31,157,3,3,2,1,0,1,0,0,0,0,0,0,0,1,0
36,80,2,2,2,1,0,0,0,0,0,1,0,0,0,1,0
28,170,3,4,1,0,0,0,0,0,0,0,0,0,0,1,0
38,197,3,3,1,0,0,0,0,1,0,0,0,0,0,1,0
38,203,4,5,4,1,0,0,1,0,0,0,0,0,0,1,0
47,225,2,2,0,1,0,0,0,0,1,0,0,0,0,1,0
31,146,6,6,3,1,0,1,0,0,0,0,0,0,0,1,0
32,118,2,2,0,1,0,0,0,1,0,0,0,0,0,1,0
25,83,2,2,1,1,0,1,0,0,0,0,0,0,0,1,0
30,94,2,2,2,1,0,0,0,1,0,0,0,0,0,1,0
34,177,2,2,2,1,0,1,0,0,0,0,0,0,0,1,0
43,321,3,3,2,1,1,0,0,0,0,0,0,0,0,1,0
47,244,4,4,2,1,0,0,0,0,1,0,0,0,0,1,0
25,119,2,2,2,1,1,0,0,0,0,0,0,0,0,1,0
33,151,3,3,2,1,0,0,1,0,0,0,0,0,0,1,0
30,137,2,2,2,1,0,1,0,0,0,0,0,0,0,1,0
38,199,2,2,1,1,0,0,0,1,0,0,0,0,0,1,0
36,165,2,2,2,1,0,0,0,1,0,0,0,0,0,1,0
44,181,2,2,1,1,0,0,0,0,1,0,0,0,0,1,0
31,120,2,2,0,1,0,0,1,0,0,0,0,0,0,1,0
48,290,2,2,0,1,0,0,0,1,0,0,1,0,0,0,0
30,54,1,1,0,1,0,0,0,0,1,0,1,0,0,0,0
32,159,4,4,2,1,0,1,0,0,0,0,1,0,0,0,0
33,150,3,3,2,1,0,0,1,0,0,0,1,0,0,0,0
31,136,2,2,0,1,0,0,1,0,0,0,1,0,0,0,0
48,339,6,6,4,0,0,1,0,0,0,0,1,0,0,0,0
31,120,1,1,1,1,0,0,1,0,0,0,1,0,0,0,0
38,191,2,2,1,1,0,0,0,1,0,0,1,0,0,0,0
43,320,2,2,2,1,1,0,0,0,0,0,1,0,0,0,0
43,208,2,2,1,1,0,0,0,0,1,0,1,0,0,0,0
26,67,1,1,0,1,0,0,1,0,0,0,1,0,0,0,0
34,134,2,2,2,1,0,0,0,1,0,0,1,0,0,0,0
33,87,1,1,0,1,0,0,0,0,1,0,1,0,0,0,0
36,186,1,1,1,1,0,0,1,0,0,0,1,0,0,0,0
25,23,1,1,0,1,0,0,0,1,0,0,1,0,0,0,0
28,58,1,1,1,1,0,0,0,1,0,0,1,0,0,0,0
29,46,0,0,0,1,0,0,0,0,1,0,1,0,0,0,0
38,118,2,2,1,1,0,0,0,0,1,0,1,0,0,0,0
40,162,1,1,1,1,0,0,0,0,1,0,1,0,0,0,0
40,249,3,3,0,0,0,1,0,0,0,0,1,0,0,0,0
45,324,2,2,0,1,0,1,0,0,0,0,1,0,0,0,0
41,71,1,1,0,1,0,0,0,0,0,1,0,0,0,1,0
34,98,2,2,1,1,0,0,0,0,1,0,0,0,0,1,0
45,270,1,1,0,1,0,0,0,1,0,0,0,0,0,1,0
45,275,2,2,2,1,0,0,0,1,0,0,0,0,0,1,0
36,130,1,1,1,1,0,0,0,0,1,0,0,0,0,1,0
37,151,3,3,0,0,1,0,0,0,0,0,0,0,0,1,0
37,134,2,2,1,1,0,0,0,0,1,0,0,0,0,1,0
28,35,1,1,1,1,0,0,0,0,1,0,0,0,0,1,0
32,115,1,1,0,1,0,0,0,1,0,0,0,0,0,1,0
29,115,2,2,1,1,0,1,0,0,0,0,0,0,0,1,0
22,29,1,1,1,1,0,1,0,0,0,0,0,0,0,1,0
33,138,2,2,1,1,0,0,1,0,0,0,0,0,0,1,0
44,318,1,1,1,0,1,0,0,0,0,0,0,0,0,1,0
27,8,1,1,1,1,0,0,0,0,1,0,0,0,0,1,0
31,90,2,2,1,1,0,0,0,1,0,0,0,0,0,1,0
31,162,1,1,1,1,1,0,0,0,0,0,0,0,0,1,0
32,129,3,3,1,1,0,0,0,1,0,0,0,0,0,1,0
36,197,3,3,3,1,0,0,1,0,0,0,0,0,0,1,0
37,162,2,2,1,1,0,0,0,1,0,0,0,0,0,1,0
43,196,3,3,2,1,0,0,0,0,1,0,0,0,0,1,0
44,211,1,1,0,1,0,0,0,0,1,0,0,0,0,1,0
34,145,1,2,2,1,0,0,0,1,0,0,0,0,0,1,0
34,134,5,5,3,1,0,1,0,0,0,0,0,0,0,1,0
31,139,3,3,1,1,0,1,0,0,0,0,0,0,0,1,0
34,207,2,2,1,1,1,0,0,0,0,0,0,0,0,1,0
34,131,2,2,2,1,0,0,0,1,0,0,0,0,0,1,0
28,48,2,2,0,1,0,0,0,1,0,0,0,0,0,1,0
42,221,2,2,1,1,0,0,0,1,0,0,0,0,0,1,0
38,179,3,3,2,0,0,0,0,1,0,0,0,0,0,1,0
23,78,1,1,0,1,1,0,0,0,0,0,0,0,0,1,0
33,172,2,2,2,1,0,1,0,0,0,0,0,0,0,1,0
26,92,0,0,0,1,0,1,0,0,0,0,0,0,0,1,0
28,20,0,0,0,1,0,0,0,0,1,0,0,0,0,1,0
30,127,3,3,1,1,0,1,0,0,0,0,0,0,0,1,0
26,73,2,1,0,1,0,0,1,0,0,0,0,0,0,1,0
37,206,2,2,1,1,0,0,1,0,0,0,0,0,0,1,0
46,367,2,2,1,0,1,0,0,0,0,0,0,0,0,1,0
41,233,2,2,1,0,0,0,0,1,0,0,0,0,0,1,0
25,65,2,2,1,1,0,0,1,0,0,0,0,0,0,1,0
32,179,2,2,1,1,1,0,0,0,0,0,0,0,0,1,0
32,102,3,3,1,1,0,0,1,0,0,0,0,0,0,1,0
32,121,1,1,0,1,0,0,0,1,0,0,0,0,0,1,0
29,111,1,1,1,1,0,0,1,0,0,0,0,0,0,1,0
30,132,2,2,0,1,0,1,0,0,0,0,0,0,0,1,0
38,234,2,2,0,1,0,1,0,0,0,0,0,0,0,1,0
42,279,2,2,0,1,0,1,0,0,0,0,0,0,0,1,0
34,195,3,3,3,1,1,0,0,0,0,0,0,0,0,1,0
23,18,1,0,0,1,0,0,1,0,0,0,0,0,0,1,0
39,239,5,5,2,1,0,1,0,0,0,0,0,0,0,1,0
45,297,1,1,0,1,0,0,1,0,0,0,0,0,0,1,0
33,119,1,1,1,1,0,0,0,1,0,0,0,0,0,1,0
40,257,2,2,0,1,0,1,0,0,0,0,0,0,0,1,0
26,61,2,2,1,1,0,0,1,0,0,0,0,0,0,1,0
40,232,2,2,1,1,0,0,1,0,0,0,0,0,0,1,0
28,79,2,2,2,1,0,0,1,0,0,0,0,0,0,1,0
37,232,2,2,2,1,0,1,0,0,0,0,0,0,0,1,0
43,255,2,2,2,1,0,0,0,1,0,0,0,0,0,1,0
28,61,1,1,0,1,0,0,0,1,0,0,0,1,0,0,0
39,125,2,2,2,1,0,0,0,0,1,0,0,1,0,0,0
45,335,2,2,2,1,0,1,0,0,0,0,0,1,0,0,0
40,286,2,2,0,1,1,0,0,0,0,0,0,1,0,0,0
27,34,1,1,1,1,0,0,0,1,0,0,0,1,0,0,0
33,138,2,2,1,1,0,0,0,1,0,0,0,1,0,0,0
46,55,2,2,1,1,0,0,0,0,0,1,0,1,0,0,0
30,62,2,1,1,1,0,0,0,0,1,0,0,1,0,0,0
44,275,1,1,1,1,0,0,0,1,0,0,0,1,0,0,0
46,287,5,5,2,0,0,0,0,1,0,0,0,1,0,0,0
46,208,1,1,1,1,0,0,0,0,1,0,0,1,0,0,0
39,234,2,2,1,1,0,1,0,0,0,0,0,1,0,0,0
37,245,0,0,0,1,1,0,0,0,0,0,0,1,0,0,0
47,239,0,0,0,1,0,0,0,0,1,0,0,1,0,0,0
41,229,2,2,1,1,0,0,0,1,0,0,0,1,0,0,0
46,239,1,1,0,1,0,0,0,0,1,0,0,1,0,0,0
34,211,1,1,1,1,1,0,0,0,0,0,0,1,0,0,0
41,251,2,2,1,1,0,0,1,0,0,0,0,1,0,0,0
44,291,0,0,0,1,0,1,0,0,0,0,0,1,0,0,0
46,236,1,1,1,1,0,0,0,0,1,0,0,1,0,0,0
45,235,1,1,0,0,0,0,0,0,1,0,0,1,0,0,0
43,239,2,2,1,1,0,0,0,1,0,0,0,1,0,0,0
35,154,1,1,1,1,0,0,0,1,0,0,0,1,0,0,0
35,119,1,1,1,1,0,0,0,0,1,0,0,1,0,0,0
27,127,2,2,0,1,1,0,0,0,0,0,0,1,0,0,0
47,232,1,1,1,1,0,0,0,0,1,0,0,1,0,0,0
35,107,1,1,0,1,0,0,0,0,1,0,0,1,0,0,0
39,185,1,1,1,1,0,0,0,1,0,0,0,1,0,0,0
22,55,1,1,1,1,0,1,0,0,0,0,0,1,0,0,0
27,87,1,1,0,1,0,0,1,0,0,0,0,1,0,0,0
22,28,2,1,1,1,1,0,0,0,0,0,0,1,0,0,0
41,240,1,1,1,1,0,0,1,0,0,0,0,1,0,0,0
41,219,2,2,0,1,0,0,0,1,0,0,0,1,0,0,0
32,119,2,2,1,1,0,0,0,1,0,0,0,1,0,0,0
49,326,2,2,0,1,0,0,0,1,0,0,0,1,0,0,0
24,5,1,0,0,1,0,0,0,1,0,0,0,1,0,0,0
22,50,1,1,1,1,0,1,0,0,0,0,0,1,0,0,0
32,119,0,0,0,1,0,0,1,0,0,0,0,1,0,0,0
28,92,2,2,1,1,0,0,1,0,0,0,0,1,0,0,0
36,113,2,2,2,1,0,0,0,0,1,0,0,1,0,0,0
30,98,1,1,0,1,0,0,0,1,0,0,0,1,0,0,0
34,68,2,2,1,1,0,0,0,0,1,0,0,1,0,0,0
34,169,2,2,2,1,1,0,0,0,0,0,0,1,0,0,0
48,281,3,3,2,1,0,0,0,0,1,0,0,1,0,0,0
46,277,2,2,2,1,0,0,0,1,0,0,0,1,0,0,0
40,197,2,2,2,1,0,0,0,1,0,0,0,0,0,1,0
37,226,3,3,1,1,0,1,0,0,0,0,0,0,0,1,0
42,159,1,1,1,1,0,0,0,0,1,0,0,0,0,1,0
30,66,2,2,1,1,0,0,0,1,0,0,0,0,0,1,0
49,313,2,2,1,1,0,0,0,1,0,0,0,0,0,1,0
44,233,0,0,0,1,0,0,0,0,1,0,0,0,0,1,0
38,119,2,2,2,1,0,0,0,0,1,0,0,0,0,1,0
23,46,0,0,0,1,0,1,0,0,0,0,0,0,0,1,0
27,100,2,2,1,1,0,1,0,0,0,0,0,0,0,1,0
34,46,3,3,2,1,0,0,1,0,0,0,0,0,0,1,0
40,215,2,2,1,1,0,0,0,1,0,0,0,0,0,1,0
38,186,2,2,1,1,0,0,0,1,0,0,0,0,0,1,0
47,324,3,3,2,0,0,0,1,0,0,0,0,0,0,1,0
46,271,3,3,3,1,0,0,0,1,0,0,0,0,0,1,0
46,327,2,2,0,0,0,1,0,0,0,0,0,0,0,1,0
47,236,2,2,1,1,0,0,1,0,0,0,0,0,0,1,0
45,236,4,4,3,1,0,0,0,0,1,0,0,0,0,1,0
28,114,1,1,1,1,0,1,0,0,0,0,0,0,0,1,0
32,143,2,2,1,1,0,0,1,0,0,0,0,0,0,1,0
39,157,1,1,0,0,0,0,0,0,1,0,0,0,0,1,0
43,243,3,3,3,1,0,0,0,1,0,0,0,0,0,1,0
23,51,1,1,1,1,0,1,0,0,0,0,0,0,0,1,0
35,161,2,2,1,1,0,0,0,1,0,0,0,0,0,1,0
48,358,1,1,1,1,0,1,0,0,0,0,0,0,0,1,0
49,239,1,1,0,1,0,0,0,0,1,0,0,0,0,1,0
26,10,0,0,0,1,0,0,0,0,1,0,0,0,0,1,0
22,6,0,0,0,1,0,0,1,0,0,0,0,0,0,1,0
24,5,1,0,0,1,0,0,0,1,0,0,0,0,0,1,0
43,340,2,2,0,0,1,0,0,0,0,0,0,0,0,1,0
42,304,2,2,0,1,1,0,0,0,0,0,0,0,0,1,0
41,225,0,0,0,1,0,0,0,1,0,0,0,0,0,1,0
25,41,0,0,0,1,0,0,0,1,0,0,0,0,0,1,0
28,89,3,2,1,1,0,0,1,0,0,0,0,0,0,1,0
42,290,3,3,1,1,0,1,0,0,0,0,0,0,0,1,0
29,85,2,2,2,1,0,0,0,1,0,0,0,0,0,1,0
48,336,3,3,1,0,0,0,1,0,0,0,0,0,0,1,0
28,98,1,1,1,1,0,0,1,0,0,0,0,0,0,1,0
30,14,2,2,2,0,0,0,0,0,1,0,0,0,0,1,0
37,215,2,2,0,0,0,1,0,0,0,0,0,0,0,1,0
26,87,1,1,0,1,0,1,0,0,0,0,0,0,0,1,0
31,138,2,2,2,1,0,0,1,0,0,0,0,0,0,1,0
20,32,1,1,1,1,1,0,0,0,0,0,0,0,0,1,0
20,57,2,2,1,1,1,0,0,0,0,0,0,0,0,1,0
36,162,2,2,2,1,0,0,0,1,0,0,0,0,0,1,0
43,311,3,3,1,0,1,0,0,0,0,0,0,0,0,1,0
32,154,1,1,1,1,0,0,1,0,0,0,0,0,0,1,0
29,68,1,1,1,1,0,0,0,1,0,0,0,0,0,1,0
28,126,2,2,2,1,1,0,0,0,0,0,0,0,0,1,0
32,145,1,1,1,1,0,0,1,0,0,0,0,0,0,1,0
19,26,1,1,1,1,1,0,0,0,0,0,0,0,0,1,0
23,52,1,1,1,1,0,1,0,0,0,0,0,0,0,1,0
24,6,0,0,0,1,0,0,0,1,0,0,0,0,0,1,0
34,121,2,2,2,0,0,0,0,1,0,0,0,0,0,1,0
25,8,0,0,0,1,0,0,0,1,0,0,0,0,0,1,0
32,75,3,3,3,1,0,0,0,0,1,0,0,0,0,1,0
21,46,1,1,0,1,1,0,0,0,0,0,0,0,0,1,0
34,158,2,2,1,1,0,0,1,0,0,0,0,0,0,1,0
26,93,2,2,1,1,0,1,0,0,0,0,0,0,0,1,0
31,56,0,0,0,1,0,0,0,0,1,0,0,0,0,1,0
46,150,0,0,0,1,0,0,0,0,0,1,0,0,0,1,0
31,107,2,2,1,1,0,0,0,1,0,0,0,0,0,1,0
28,44,2,2,2,1,0,0,0,1,0,0,0,0,0,1,0
28,127,1,1,0,1,1,0,0,0,0,0,0,0,0,1,0
29,62,1,1,1,1,0,0,0,1,0,0,0,0,0,1,0
29,97,1,1,1,1,0,0,1,0,0,0,0,0,0,1,0
22,13,1,1,1,1,0,0,1,0,0,0,0,0,0,1,0
29,98,2,2,1,1,0,0,1,0,0,0,0,0,0,1,0
34,138,2,2,0,1,0,0,0,1,0,0,0,0,0,1,0
25,54,2,2,1,1,0,0,1,0,0,0,0,0,0,1,0
29,105,0,0,0,1,0,0,1,0,0,0,0,0,0,1,0
49,306,2,2,1,1,0,0,0,1,0,0,0,0,0,1,0
20,9,1,0,0,1,0,1,0,0,0,0,0,0,0,1,0
36,223,2,2,1,1,1,0,0,0,0,0,0,0,0,1,0
38,109,2,2,0,0,0,0,0,0,1,0,0,0,0,1,0
26,14,1,1,0,1,0,0,0,0,1,0,0,0,0,1,0
26,55,1,1,0,1,0,0,1,0,0,0,0,0,0,1,0
34,131,1,1,0,1,0,0,0,1,0,0,0,0,0,1,0
41,242,2,2,0,1,0,0,1,0,0,0,0,0,0,1,0
32,67,2,2,2,1,0,0,0,0,1,0,0,0,0,1,0
21,19,1,1,0,1,0,0,1,0,0,0,0,0,0,1,0
36,214,2,2,2,1,0,1,0,0,0,0,0,0,0,1,0
43,206,1,1,1,1,0,0,0,0,1,0,0,0,0,1,0
20,12,1,1,1,1,0,1,0,0,0,0,0,0,0,1,0
27,80,1,1,0,1,0,0,1,0,0,0,0,0,0,1,0
36,120,1,1,0,1,0,0,0,0,1,0,1,0,0,0,0
32,114,2,2,1,1,0,0,0,1,0,0,1,0,0,0,0
34,115,2,2,1,1,0,0,0,0,1,0,1,0,0,0,0
23,91,2,2,0,1,1,0,0,0,0,0,1,0,0,0,0
42,245,1,1,0,0,0,0,0,1,0,0,1,0,0,0,0
31,110,1,1,1,1,0,0,0,1,0,0,1,0,0,0,0
25,98,2,2,0,1,1,0,0,0,0,0,1,0,0,0,0
35,96,1,1,0,1,0,0,0,0,1,0,1,0,0,0,0
42,207,2,2,2,1,0,0,0,0,1,0,1,0,0,0,0
30,113,2,2,1,1,0,0,1,0,0,0,1,0,0,0,0
33,106,1,1,1,1,0,0,0,1,0,0,1,0,0,0,0
39,129,2,2,2,1,0,0,0,0,1,0,1,0,0,0,0
47,305,2,2,2,1,0,0,1,0,0,0,1,0,0,0,0
42,258,3,3,2,1,0,0,1,0,0,0,1,0,0,0,0
44,252,1,1,1,1,0,0,0,1,0,0,1,0,0,0,0
27,31,1,1,0,1,0,0,0,1,0,0,1,0,0,0,0
31,120,1,1,1,1,0,0,1,0,0,0,1,0,0,0,0
44,238,2,2,1,1,0,0,0,1,0,0,1,0,0,0,0
24,54,2,2,2,1,0,1,0,0,0,0,1,0,0,0,0
37,114,2,2,0,1,0,0,0,0,1,0,1,0,0,0,0
27,24,1,1,0,1,0,0,0,0,1,0,0,0,0,1,0
40,187,1,1,1,1,0,0,0,1,0,0,0,0,0,1,0
30,6,0,0,0,1,0,0,0,0,1,0,0,0,0,1,0
44,337,2,2,2,1,1,0,0,0,0,0,0,0,0,1,0
21,24,1,1,1,1,0,1,0,0,0,0,0,0,0,1,0
47,301,7,7,5,1,0,0,0,1,0,0,0,0,0,1,0
25,58,2,2,1,1,0,0,1,0,0,0,0,0,0,1,0
25,71,1,1,1,1,0,1,0,0,0,0,0,0,0,1,0
42,269,2,2,0,0,0,1,0,0,0,0,0,0,0,1,0
35,98,2,2,0,1,0,1,0,0,0,0,0,0,0,1,0
34,193,3,3,2,1,0,1,0,0,0,0,0,0,0,1,0
35,89,2,2,2,1,0,1,0,0,0,0,0,0,0,1,0
41,270,8,8,5,0,0,1,0,0,0,0,0,0,0,1,0
45,250,3,3,2,1,0,0,0,1,0,0,0,0,0,1,0
26,47,2,2,1,1,0,0,0,1,0,0,0,0,0,1,0
22,7,1,1,1,1,0,0,0,1,0,0,0,0,0,1,0
29,48,1,1,1,1,0,0,0,0,1,0,0,0,0,1,0
43,211,6,6,5,0,0,0,0,0,1,0,0,0,0,1,0
33,145,2,2,2,1,0,0,1,0,0,0,0,0,0,1,0
38,235,2,2,1,0,0,1,0,0,0,0,0,0,0,1,0
20,12,1,1,0,1,0,1,0,0,0,0,0,0,0,1,0
49,264,6,6,3,0,0,0,0,0,1,0,0,0,0,1,0
42,268,2,2,2,1,0,0,1,0,0,0,0,0,0,1,0
43,252,4,4,3,0,0,0,0,1,0,0,0,0,0,1,0
48,354,3,3,0,1,0,1,0,0,0,0,0,0,0,1,0
28,118,1,1,1,1,0,1,0,0,0,0,0,0,0,1,0
31,162,3,3,2,1,0,1,0,0,0,0,0,0,0,1,0
42,213,4,4,1,1,0,0,0,1,0,0,0,0,0,1,0
27,97,2,2,1,1,0,1,0,0,0,0,0,0,0,1,0
32,80,2,1,1,1,0,0,0,0,1,0,0,0,0,1,0
35,118,2,2,0,1,0,0,0,0,1,0,0,0,0,1,0
25,84,3,3,2,1,0,1,0,0,0,0,0,0,0,1,0
30,104,2,1,1,1,0,0,1,0,0,0,0,0,0,1,0
41,223,3,3,2,1,0,0,0,1,0,0,0,0,0,1,0
25,81,2,2,2,1,0,1,0,0,0,0,0,0,0,1,0
43,306,7,7,2,0,0,1,0,0,0,0,0,0,0,1,0
49,166,3,3,3,1,0,0,0,0,0,1,0,0,0,1,0
39,192,3,3,1,1,0,0,0,1,0,0,0,0,0,1,0
37,191,2,2,0,1,0,0,1,0,0,0,0,0,0,1,0
37,179,3,3,2,1,0,0,0,1,0,0,0,0,0,1,0
28,34,1,1,0,1,0,0,0,0,1,0,0,0,0,1,0
21,47,1,1,1,1,1,0,0,0,0,0,0,0,0,1,0
21,43,1,1,0,1,0,1,0,0,0,0,0,0,0,1,0
34,160,5,5,4,1,0,0,1,0,0,0,0,0,0,1,0
42,257,2,2,1,1,0,0,1,0,0,0,0,0,0,1,0
25,70,2,2,2,1,0,0,1,0,0,0,0,0,0,1,0
43,232,2,2,1,0,0,0,0,1,0,0,0,0,0,1,0
44,220,2,2,1,1,0,0,0,0,1,0,0,0,0,1,0
34,150,2,2,1,1,0,0,0,1,0,0,0,0,0,1,0
44,297,8,8,2,1,0,1,0,0,0,0,0,0,0,1,0
30,66,2,2,2,1,0,0,0,0,1,0,0,0,0,1,0
41,230,1,1,1,1,0,0,0,1,0,0,0,0,0,1,0
33,187,3,4,1,1,1,0,0,0,0,0,0,0,0,1,0
32,153,3,3,2,1,0,1,0,0,0,0,0,0,0,1,0
27,77,2,2,1,1,0,0,1,0,0,0,0,0,0,1,0
26,80,2,2,0,1,0,0,1,0,0,0,0,0,0,1,0
38,201,4,4,2,1,0,0,1,0,0,0,0,0,0,1,0
22,56,4,4,1,1,0,1,0,0,0,0,0,0,0,1,0
32,127,3,2,1,1,0,0,1,0,0,0,0,0,0,1,0
23,128,2,2,1,0,0,0,0,0,0,0,0,0,0,1,0
30,214,2,2,2,1,0,0,0,0,0,0,0,0,0,1,0
45,364,6,6,3,0,1,0,0,0,0,0,0,0,0,1,0
28,94,2,1,1,1,0,0,1,0,0,0,0,0,0,1,0
21,14,1,0,0,1,0,0,1,0,0,0,0,0,0,1,0
37,112,2,2,1,1,0,0,0,0,1,0,0,0,0,1,0
47,343,5,5,4,0,0,1,0,0,0,0,0,0,0,1,0
22,56,2,2,1,1,1,0,0,0,0,0,0,0,0,1,0
40,223,4,4,2,1,0,0,1,0,0,0,0,0,0,1,0
26,41,1,1,1,1,0,0,0,1,0,0,0,0,0,1,0
34,136,2,2,1,1,0,0,0,1,0,0,0,0,0,1,0
35,104,2,2,1,1,0,0,0,0,1,0,0,0,0,1,0
33,78,0,0,0,1,0,0,0,0,1,0,0,0,0,1,0
37,105,0,0,0,1,0,0,0,0,1,0,0,0,0,1,0
29,106,1,1,1,1,0,0,1,0,0,0,0,0,0,1,0
28,120,3,3,1,1,0,1,0,0,0,0,0,0,0,1,0
36,150,2,2,1,1,0,0,0,1,0,0,0,0,0,1,0
36,154,2,2,2,1,0,0,0,1,0,0,0,0,0,1,0
47,310,7,7,3,1,0,0,1,0,0,0,0,0,0,1,0
47,305,3,3,2,1,0,0,0,1,0,0,0,0,0,1,0
26,14,1,0,0,1,0,0,0,0,1,0,0,0,0,1,0
33,94,2,2,2,1,0,0,0,0,1,0,0,0,0,1,0
38,184,3,3,0,1,0,0,0,1,0,0,0,0,0,1,0
30,103,3,4,2,1,0,0,1,0,0,0,0,0,0,1,0
32,142,4,4,2,1,0,0,1,0,0,0,0,0,0,1,0
40,174,2,2,0,1,0,0,0,0,1,0,0,0,0,1,0
35,169,2,2,1,1,0,0,1,0,0,0,0,0,0,1,0
47,349,5,5,3,1,0,1,0,0,0,0,0,0,0,1,0
36,232,2,2,2,1,1,0,0,0,0,0,0,0,0,1,0
44,6,1,1,1,0,0,0,0,0,1,0,0,0,0,1,0
30,64,1,1,0,1,0,0,0,0,1,0,0,0,0,1,0
26,52,1,1,0,1,0,0,1,0,0,0,0,0,0,1,0
27,39,1,1,0,1,0,0,0,1,0,0,0,0,0,1,0
41,275,2,2,0,1,0,1,0,0,0,0,0,0,0,1,0
45,305,4,4,3,1,0,0,1,0,0,0,0,0,0,1,0
32,124,2,2,1,1,0,0,0,1,0,0,0,0,0,1,0
46,228,2,3,2,1,0,0,0,0,1,0,0,0,0,1,0
32,134,3,3,1,1,0,0,1,0,0,0,0,0,0,1,0
20,29,1,0,0,1,1,0,0,0,0,0,0,0,0,1,0
41,176,2,2,2,1,0,0,0,0,1,0,0,0,0,1,0
32,84,1,1,0,1,0,0,0,0,1,0,0,0,0,1,0
25,69,1,1,1,1,0,1,0,0,0,0,0,0,0,1,0
38,160,5,5,2,1,0,0,0,1,0,0,0,0,0,1,0
38,209,5,5,4,1,0,0,1,0,0,0,0,0,0,1,0
45,247,0,0,0,0,0,0,0,1,0,0,0,0,0,1,0
24,34,1,1,0,1,0,0,1,0,0,0,0,0,0,1,0
44,278,3,3,0,1,0,0,1,0,0,0,0,0,0,1,0
22,33,1,1,1,1,0,1,0,0,0,0,0,0,0,1,0
40,216,2,2,1,1,0,0,0,1,0,0,0,0,0,1,0
36,249,2,2,0,1,1,0,0,0,0,0,0,0,0,1,0
28,101,2,2,0,1,0,0,1,0,0,0,0,0,0,1,0
30,57,1,1,0,1,0,0,0,0,1,0,0,0,0,1,0
28,79,2,2,0,1,0,0,1,0,0,0,0,0,0,1,0
43,243,2,2,0,1,0,0,0,1,0,0,0,0,0,1,0
32,64,1,1,0,1,0,0,0,0,1,0,0,0,0,1,0
33,169,2,2,1,1,0,1,0,0,0,0,0,0,0,1,0
37,106,2,2,1,1,0,0,0,0,1,0,0,0,0,1,0
34,189,2,2,2,1,0,1,0,0,0,0,0,0,0,1,0
35,110,2,2,1,1,0,0,0,0,1,0,0,0,0,1,0
46,250,1,1,1,1,0,0,0,0,1,0,0,0,0,1,0
30,21,0,0,0,1,0,0,0,0,1,0,0,0,0,1,0
34,121,1,1,1,1,0,0,0,1,0,0,0,0,0,1,0
29,65,1,1,0,1,0,0,0,1,0,0,0,0,0,1,0
39,178,3,3,2,1,0,0,0,1,0,0,0,0,0,1,0
32,110,4,3,3,1,0,0,0,1,0,0,0,0,0,1,0
44,90,2,2,1,1,0,0,0,0,0,1,0,0,0,1,0
43,219,4,4,1,1,0,0,0,0,1,0,0,0,0,1,0
29,131,1,2,2,1,0,1,0,0,0,0,0,0,0,1,0
37,174,3,3,3,0,0,0,0,1,0,0,0,0,0,1,0
26,74,2,1,1,1,0,0,1,0,0,0,0,0,0,1,0
23,54,1,1,1,1,0,1,0,0,0,0,0,0,0,1,0
39,153,4,4,2,1,0,0,0,0,1,0,0,0,0,1,0
41,173,2,2,0,1,0,0,0,0,1,0,0,0,0,1,0
32,74,3,3,2,1,0,0,0,0,1,0,0,0,0,1,0
35,165,5,5,5,1,0,0,1,0,0,0,0,0,0,1,0
34,120,3,3,1,1,0,0,0,1,0,0,0,0,0,1,0
24,82,2,2,2,1,1,0,0,0,0,0,0,0,0,1,0
40,1,0,0,0,1,0,0,0,0,0,1,0,0,0,1,0
23,22,1,1,1,1,0,0,1,0,0,0,0,0,0,1,0
38,220,7,7,2,1,0,0,1,0,0,0,0,0,0,1,0
41,239,2,2,2,1,0,0,1,0,0,0,0,0,0,1,0
33,120,4,4,4,1,0,0,0,1,0,0,0,0,0,1,0
32,144,2,2,2,1,0,0,1,0,0,0,0,0,0,1,0
37,136,3,3,3,1,0,0,0,1,0,0,0,0,0,1,0
35,155,4,4,2,1,0,0,0,1,0,0,0,0,0,1,0
28,62,1,1,0,1,0,1,0,0,0,0,0,0,0,1,0
31,102,2,2,1,1,0,0,0,1,0,0,0,0,0,1,0
23,42,1,1,0,1,0,0,1,0,0,0,0,0,0,1,0
40,181,5,5,4,0,0,1,0,0,0,0,0,0,0,1,0
25,34,1,1,0,1,0,0,0,1,0,0,0,0,0,1,0
42,270,3,3,3,1,0,1,0,0,0,0,0,0,0,1,0
35,195,5,5,2,1,0,1,0,0,0,0,0,0,0,1,0
43,216,4,4,4,0,0,0,0,0,1,0,0,0,0,1,0
21,53,2,2,0,1,1,0,0,0,0,0,0,0,0,1,0
33,128,1,1,0,1,0,0,0,1,0,0,0,0,0,1,0
44,239,6,6,3,1,0,0,0,1,0,0,0,0,0,1,0
25,54,2,2,2,1,0,0,1,0,0,0,0,0,0,1,0
26,118,2,2,2,1,1,0,0,0,0,0,0,0,0,1,0
38,129,2,2,1,1,0,0,0,0,1,0,0,0,0,1,0
46,322,7,7,4,1,0,1,0,0,0,0,0,0,0,1,0
25,23,0,0,0,1,0,0,0,1,0,0,0,0,0,1,0
24,54,1,1,0,1,0,0,1,0,0,0,0,0,0,1,0
41,239,7,7,3,1,0,0,1,0,0,0,0,0,0,1,0
34,127,1,1,0,1,0,0,0,1,0,0,0,0,0,1,0
23,48,1,1,0,1,0,1,0,0,0,0,0,0,0,1,0
40,239,2,2,2,1,0,0,1,0,0,0,0,0,0,1,0
32,89,1,1,0,1,0,0,0,0,1,0,0,0,0,1,0
23,26,1,1,0,1,0,0,1,0,0,0,0,0,0,1,0
49,287,6,6,3,0,0,0,0,0,1,0,0,0,0,1,0
18,9,0,0,0,1,0,1,0,0,0,0,0,0,0,1,0
42,305,2,2,1,1,1,0,0,0,0,0,0,0,0,1,0
47,270,3,3,1,1,0,0,0,1,0,0,0,0,0,1,0
32,131,2,2,1,1,0,0,1,0,0,0,0,0,0,1,0
21,41,1,1,0,1,0,1,0,0,0,0,0,0,0,1,0
45,305,7,7,5,0,0,0,1,0,0,0,0,0,0,1,0
34,149,3,3,1,1,0,0,0,1,0,0,0,0,0,1,0
46,226,4,4,2,1,1,0,0,0,0,0,0,0,0,1,0
27,122,2,2,1,1,1,0,0,0,0,0,0,0,0,1,0
24,77,1,1,0,1,1,0,0,0,0,0,0,0,0,1,0
45,267,3,3,1,1,0,0,0,1,0,0,0,0,0,1,0
47,261,2,2,1,0,0,0,0,0,1,0,0,0,0,1,0
19,4,1,0,0,1,0,1,0,0,0,0,0,0,0,1,0
26,122,2,2,1,1,1,0,0,0,0,0,0,0,0,1,0
44,273,5,5,3,0,0,0,0,1,0,0,0,0,0,1,0
46,188,0,0,0,1,0,0,1,0,0,0,0,0,0,1,0
42,235,1,1,0,1,0,0,0,1,0,0,0,0,0,1,0
37,215,0,0,0,1,0,0,1,0,0,0,0,0,0,1,0
48,353,1,1,1,1,0,1,0,0,0,0,0,0,0,1,0
47,299,2,2,0,1,0,0,0,1,0,0,0,0,0,1,0
24,30,1,1,0,1,0,0,0,1,0,0,0,0,0,1,0
35,214,4,4,2,1,1,0,0,0,0,0,0,0,0,1,0
43,245,4,4,3,1,0,0,0,1,0,0,0,0,0,1,0
23,48,2,1,0,1,0,1,0,0,0,0,0,0,0,1,0
24,48,2,1,1,1,0,0,1,0,0,0,0,0,0,1,0
40,219,3,3,2,1,0,0,0,1,0,0,0,0,0,1,0
30,136,1,1,0,1,0,1,0,0,0,0,0,0,0,1,0
28,91,2,2,1,1,0,0,1,0,0,0,0,0,0,1,0
31,145,2,2,1,1,0,1,0,0,0,0,0,0,0,1,0
27,55,1,1,1,1,0,0,0,1,0,0,0,0,0,1,0
39,206,2,2,2,1,0,0,0,1,0,0,0,0,0,1,0
31,96,2,2,1,1,0,0,0,1,0,0,0,0,0,1,0
18,13,0,0,0,1,1,0,0,0,0,0,0,0,0,1,0
45,270,5,5,4,1,0,0,0,1,0,0,0,0,0,1,0
30,74,3,3,0,1,0,0,0,1,0,0,0,0,0,1,0
47,302,2,2,2,0,0,0,0,1,0,0,0,0,0,1,0
26,62,1,1,0,1,0,0,1,0,0,0,0,0,0,1,0
39,239,2,2,2,1,0,1,0,0,0,0,0,0,0,1,0
42,85,2,2,0,1,0,0,0,0,0,1,0,0,0,1,0
30,120,3,3,0,1,0,0,1,0,0,0,0,0,0,1,0
42,289,2,2,0,1,0,1,0,0,0,0,0,0,0,1,0
48,321,4,4,2,0,0,0,1,0,0,0,0,0,0,1,0
45,266,5,5,4,1,0,0,0,1,0,0,0,0,0,1,0
34,124,2,2,1,1,0,0,0,1,0,0,0,0,0,1,0
29,109,3,3,0,1,0,0,1,0,0,0,0,0,0,1,0
37,197,2,2,1,0,0,0,1,0,0,0,0,0,0,1,0
41,119,1,1,1,0,0,0,0,0,0,1,0,0,0,1,0
27,46,1,1,1,1,0,0,0,1,0,0,0,0,0,1,0
35,104,1,1,1,1,0,0,0,0,1,0,0,0,0,1,0
41,173,0,0,0,1,0,0,0,0,1,0,0,0,0,1,0
32,182,3,3,0,1,1,0,0,0,0,0,0,0,0,1,0
36,177,4,4,3,1,0,0,0,1,0,0,0,0,0,1,0
21,33,1,1,0,1,0,1,0,0,0,0,0,0,0,1,0
44,309,4,4,2,1,0,1,0,0,0,0,0,0,0,1,0
20,3,0,0,0,1,0,0,1,0,0,0,0,0,0,1,0
31,148,3,3,2,1,0,1,0,0,0,0,0,0,0,1,0
43,276,3,3,2,1,0,0,1,0,0,0,0,0,0,1,0
37,186,3,3,2,1,0,0,1,0,0,0,0,0,0,1,0
28,103,3,3,1,1,0,0,1,0,0,0,0,0,0,1,0
29,133,2,2,2,1,0,1,0,0,0,0,0,0,0,1,0
30,58,2,1,1,1,0,0,0,0,1,0,0,0,0,1,0
47,205,0,0,0,1,0,0,0,0,0,1,0,0,0,1,0
44,239,3,3,2,1,0,0,0,1,0,0,0,0,0,1,0
46,328,3,3,3,0,0,1,0,0,0,0,0,0,0,1,0
41,167,2,2,1,1,0,0,0,0,1,0,0,0,0,1,0
24,62,1,1,1,1,0,1,0,0,0,0,0,0,0,1,0
28,105,2,3,0,1,0,1,0,0,0,0,0,0,0,1,0
20,7,1,1,1,1,0,1,0,0,0,0,0,0,0,1,0
45,324,8,8,5,1,0,1,0,0,0,0,0,0,0,1,0
43,287,1,1,0,1,0,1,0,0,0,0,0,0,0,1,0
39,211,6,6,3,1,0,0,1,0,0,0,0,0,0,1,0
25,33,1,1,1,1,0,0,0,1,0,0,0,0,0,1,0
47,357,7,7,4,1,0,1,0,0,0,0,0,0,0,1,0
35,117,2,2,1,1,0,0,0,0,1,0,0,0,0,1,0
29,118,3,3,3,1,0,1,0,0,0,0,0,0,0,1,0
36,194,5,5,2,1,0,0,1,0,0,0,0,0,0,1,0
36,121,3,3,1,1,0,0,0,0,1,0,0,0,0,1,0
34,161,1,2,1,1,0,0,1,0,0,0,0,0,0,1,0
48,213,2,2,2,1,0,0,0,0,0,1,0,0,0,1,0
32,101,1,2,0,1,0,0,0,1,0,0,0,0,0,1,0
33,11,1,1,1,1,0,0,0,0,0,1,0,0,0,1,0
22,34,1,1,1,1,0,1,0,0,0,0,0,0,0,1,0
47,227,3,3,1,0,0,0,0,0,1,0,0,0,0,1,0
33,121,0,0,0,1,0,0,0,1,0,0,0,0,0,1,0
23,46,2,2,1,1,0,1,0,0,0,0,0,0,0,1,0
25,36,1,1,1,1,0,0,0,1,0,0,0,0,0,1,0
22,12,1,1,1,1,0,0,1,0,0,0,0,0,0,1,0
44,37,0,0,0,1,0,0,0,0,0,1,0,0,0,1,0
40,245,0,0,0,1,0,0,1,0,0,0,0,0,0,1,0
38,137,3,3,2,1,0,0,0,0,1,0,0,0,0,1,0
34,99,3,4,2,1,0,0,0,0,1,0,0,0,0,1,0
46,221,3,3,1,1,0,0,0,0,1,0,0,0,0,1,0
35,6,1,0,0,1,0,0,0,0,0,1,0,0,0,1,0
30,88,2,2,2,1,0,0,0,1,0,0,0,0,0,1,0
39,173,3,3,2,1,0,0,0,0,1,0,0,0,0,1,0
31,112,3,3,1,1,0,0,0,1,0,0,0,0,0,1,0
32,112,3,3,1,1,0,0,0,1,0,0,0,0,0,1,0
45,302,12,12,7,0,0,0,1,0,0,0,0,0,0,1,0
46,235,4,4,2,1,0,0,0,0,1,0,0,0,0,1,0
40,183,8,8,7,1,0,0,0,0,1,0,0,0,0,1,0
24,53,2,2,0,1,0,0,1,0,0,0,0,0,0,1,0
32,185,7,7,4,1,1,0,0,0,0,0,0,0,0,1,0
32,114,0,0,0,1,0,0,0,1,0,0,0,0,0,1,0
28,56,0,0,0,1,0,0,0,1,0,0,0,0,0,1,0
39,173,3,3,3,1,0,0,0,0,1,0,0,0,0,1,0
30,65,1,1,1,1,0,0,0,1,0,0,0,0,0,1,0
29,109,2,2,1,1,0,1,0,0,0,0,0,0,0,1,0
49,305,0,0,0,1,0,0,0,1,0,0,0,0,0,1,0
27,144,5,5,1,1,1,0,0,0,0,0,0,0,0,1,0
36,107,2,2,1,1,0,0,0,0,1,0,0,0,0,1,0
44,220,3,3,2,1,0,0,0,0,1,0,0,0,0,1,0
44,233,4,4,1,1,0,0,0,0,1,0,0,0,0,1,0
41,245,5,5,3,1,0,0,1,0,0,0,0,0,0,1,0
20,42,1,1,1,1,1,0,0,0,0,0,0,0,0,1,0
39,221,6,6,2,1,0,0,1,0,0,0,0,0,0,1,0
45,312,4,4,3,1,0,1,0,0,0,0,0,0,0,1,0
37,152,3,3,1,1,0,0,0,1,0,0,0,0,0,1,0
40,247,4,4,2,0,0,1,0,0,0,0,0,0,0,1,0
38,109,2,2,2,1,0,0,0,0,1,0,0,0,0,1,0
35,140,3,3,2,1,0,0,0,1,0,0,0,0,0,1,0
40,245,1,2,1,1,0,0,1,0,0,0,0,0,0,1,0
49,14,0,0,0,1,0,0,0,0,0,1,0,0,0,1,0
49,311,1,1,0,1,0,0,0,1,0,0,0,0,0,1,0
31,209,3,3,1,1,0,0,0,0,0,0,0,0,0,1,0
29,76,2,2,0,1,0,1,0,0,0,0,0,0,0,1,0
28,29,2,1,1,1,0,0,0,0,1,0,0,0,0,1,0
29,71,2,2,0,1,0,0,0,1,0,0,0,0,0,1,0
16,7,1,0,0,1,1,0,0,0,0,0,0,0,0,1,0
48,333,1,1,0,1,0,0,1,0,0,0,0,0,0,1,0
43,211,3,3,2,1,0,0,0,0,1,0,0,0,0,1,0
43,201,1,1,0,1,0,0,0,0,1,0,0,0,0,1,0
34,117,2,2,0,1,0,0,0,1,0,0,0,0,0,1,0
47,232,2,2,2,1,0,0,0,0,1,0,0,0,0,1,0
46,281,1,1,0,1,0,0,0,1,0,0,0,0,0,1,0
33,135,1,2,0,1,0,0,0,1,0,0,0,0,0,1,0
43,222,2,2,1,1,0,0,0,0,1,0,0,0,0,1,0
26,116,1,1,1,1,1,0,0,0,0,0,0,0,0,1,0
27,113,4,3,2,1,0,1,0,0,0,0,0,0,0,1,0
25,21,2,1,0,1,0,0,0,1,0,0,0,0,0,1,0
34,159,1,1,1,1,0,0,1,0,0,0,0,0,0,1,0
32,95,2,2,2,1,0,0,0,1,0,0,0,0,0,1,0
30,69,1,1,0,1,0,0,0,1,0,0,0,0,0,1,0
29,106,2,2,2,1,0,0,1,0,0,0,0,0,0,1,0
29,125,2,2,1,1,0,1,0,0,0,0,0,0,0,1,0
40,267,1,1,0,1,0,1,0,0,0,0,0,0,0,1,0
25,18,0,0,0,1,0,0,0,1,0,0,0,0,0,1,0
27,30,2,1,1,1,0,0,0,1,0,0,0,0,0,1,0
40,163,2,2,1,0,0,0,0,0,1,0,0,0,0,1,0
28,2,0,0,0,1,0,0,0,0,1,0,0,0,0,1,0
28,80,1,1,1,1,0,0,0,1,0,0,0,0,0,1,0
20,44,1,1,1,1,1,0,0,0,0,0,0,0,0,1,0
34,209,2,2,1,1,1,0,0,0,0,0,0,0,0,1,0
23,56,2,2,1,1,0,1,0,0,0,0,0,0,0,1,0
40,200,3,3,1,1,0,0,0,1,0,0,0,0,0,1,0
34,209,2,2,1,1,1,0,0,0,0,0,0,0,0,1,0
37,211,0,0,0,1,0,1,0,0,0,0,0,0,0,1,0
28,121,1,1,1,1,0,1,0,0,0,0,0,0,0,1,0
25,63,1,1,1,1,0,1,0,0,0,0,0,0,0,1,0
37,217,2,2,1,1,0,1,0,0,0,0,0,0,0,1,0
30,171,3,3,3,1,1,0,0,0,0,0,0,0,0,1,0
40,58,0,0,0,1,0,0,0,0,0,1,0,0,0,1,0
43,281,2,2,2,1,0,1,0,0,0,0,0,0,0,1,0
39,94,2,2,2,1,0,0,0,0,0,1,0,0,0,1,0
41,66,1,1,0,1,0,0,0,0,0,1,0,0,0,1,0
22,61,1,1,1,1,1,0,0,0,0,0,0,0,0,1,0
44,281,5,5,4,1,0,0,1,0,0,0,0,0,0,1,0
31,117,1,1,1,1,0,1,0,0,0,0,0,0,0,1,0
43,217,3,3,1,1,0,0,0,0,1,0,0,0,0,1,0
36,197,1,1,0,1,0,1,0,0,0,0,0,0,0,1,0
48,363,4,4,1,0,0,1,0,0,0,0,0,0,0,1,0
23,27,1,1,0,1,0,0,1,0,0,0,0,0,0,1,0
29,126,1,1,1,1,1,0,0,0,0,0,0,0,0,1,0
23,59,2,1,0,1,0,1,0,0,0,0,0,0,0,1,0
36,197,2,2,2,1,0,1,0,0,0,0,0,0,0,1,0
36,158,3,3,0,1,0,0,0,1,0,0,0,0,0,1,0
36,55,2,2,1,1,0,0,0,0,0,1,0,0,0,1,0
33,121,2,2,0,0,0,0,0,1,0,0,0,0,0,1,0
34,163,3,3,0,1,0,0,1,0,0,0,0,0,0,1,0
44,242,2,2,0,1,0,0,0,1,0,0,0,0,0,1,0
37,161,2,2,0,1,0,0,0,1,0,0,0,0,0,1,0
39,173,3,3,3,1,0,0,0,1,0,0,0,0,0,1,0
42,185,2,2,1,1,0,0,0,0,1,0,0,0,0,1,0
42,284,2,2,1,1,0,1,0,0,0,0,0,0,0,1,0
40,232,7,7,6,1,0,0,1,0,0,0,0,0,0,1,0
47,230,2,2,0,1,0,0,0,0,1,0,0,0,0,1,0
30,115,2,2,0,1,0,0,1,0,0,0,0,0,0,1,0
46,305,1,1,0,1,0,0,1,0,0,0,0,0,0,1,0
39,245,2,2,1,1,0,1,0,0,0,0,0,0,0,1,0
47,278,2,2,1,1,0,0,0,1,0,0,0,0,0,1,0
46,252,3,3,2,1,0,0,0,0,1,0,0,0,0,1,0
34,133,3,3,2,1,0,0,0,1,0,0,0,0,0,1,0
33,89,2,2,0,1,0,0,0,0,1,0,0,0,0,1,0
31,60,2,2,0,1,0,0,0,0,1,0,0,0,0,1,0
49,298,3,3,1,1,0,0,1,0,0,0,0,0,0,1,0
48,283,3,3,1,1,0,0,0,0,1,0,0,0,0,1,0
35,139,2,2,2,1,0,0,0,1,0,0,0,0,0,1,0
41,175,2,2,1,1,0,0,0,0,1,0,0,0,0,1,0
37,168,2,2,1,1,0,0,0,1,0,0,0,0,0,1,0
47,295,1,1,1,1,0,0,0,1,0,0,0,0,0,1,0
45,272,2,2,1,1,0,0,0,1,0,0,0,0,0,1,0
27,9,1,1,1,1,0,0,0,0,1,0,0,0,0,1,0
48,235,6,6,3,1,0,0,0,0,1,0,0,0,0,1,0
45,298,4,4,3,1,0,0,1,0,0,0,0,0,0,1,0
32,152,4,4,3,1,0,1,0,0,0,0,0,0,0,1,0
49,260,2,2,2,1,0,0,0,0,1,0,0,0,0,1,0
47,221,2,2,1,1,0,0,0,0,1,0,0,0,0,1,0
32,151,3,4,2,1,0,0,1,0,0,0,0,0,0,1,0
37,96,2,1,1,1,0,0,0,0,1,0,0,0,0,1,0
34,180,2,2,0,1,0,1,0,0,0,0,0,0,0,1,0
40,176,2,2,1,1,0,0,0,0,1,0,0,0,0,1,0
39,213,3,3,2,1,0,0,1,0,0,0,0,0,0,1,0
47,254,0,0,0,0,0,0,0,0,1,0,0,0,0,1,0
30,57,1,1,1,1,0,0,0,0,1,0,0,0,0,1,0
23,44,1,1,1,1,0,1,0,0,0,0,0,0,0,1,0
25,34,1,1,1,1,0,0,0,1,0,0,0,0,0,1,0
35,174,3,3,1,1,0,0,1,0,0,0,0,0,0,1,0
26,24,1,1,0,1,0,0,0,1,0,0,0,0,0,1,0
23,53,1,1,1,1,0,1,0,0,0,0,0,0,0,1,0
41,206,2,2,1,1,0,0,0,1,0,0,0,0,0,1,0
31,98,2,2,2,1,0,0,0,1,0,0,0,0,0,1,0
23,54,2,2,1,1,0,1,0,0,0,0,0,1,0,0,0
38,162,4,4,2,1,0,0,0,0,1,0,0,1,0,0,0
44,226,1,1,1,1,0,0,0,1,0,0,0,1,0,0,0
38,203,2,2,1,1,0,0,1,0,0,0,0,1,0,0,0
47,157,1,1,0,1,0,0,0,0,0,1,0,1,0,0,0
45,236,3,3,1,1,0,0,0,0,1,0,0,1,0,0,0
25,34,1,1,1,1,0,0,1,0,0,0,0,1,0,0,0
33,133,2,2,1,1,0,0,0,1,0,0,0,1,0,0,0
37,184,1,1,0,1,0,0,0,1,0,0,0,1,0,0,0
49,272,4,4,2,1,0,0,0,0,1,0,0,1,0,0,0
36,187,3,3,3,1,0,0,1,0,0,0,0,1,0,0,0
38,206,2,2,1,1,0,0,1,0,0,0,0,1,0,0,0
47,282,3,3,0,1,0,0,0,1,0,0,0,1,0,0,0
37,152,2,2,2,1,0,0,0,0,1,0,0,1,0,0,0
46,285,1,1,1,1,0,0,0,1,0,0,0,1,0,0,0
36,164,2,2,1,1,0,0,0,1,0,0,0,1,0,0,0
38,116,3,3,2,1,0,0,0,0,1,0,0,1,0,0,0
31,73,0,0,0,1,0,0,0,0,1,0,0,1,0,0,0
48,241,2,2,1,0,0,0,0,0,1,0,0,1,0,0,0
29,57,2,2,1,1,0,0,0,0,1,0,0,1,0,0,0
45,7,1,1,0,1,0,0,0,0,0,1,0,1,0,0,0
28,84,2,2,1,1,0,0,1,0,0,0,0,1,0,0,0
45,248,1,1,1,1,0,0,0,0,1,0,0,1,0,0,0
30,131,2,2,2,1,0,0,1,0,0,0,0,1,0,0,0
39,19,1,1,0,1,0,0,0,1,0,0,0,1,0,0,0
36,33,0,0,0,1,0,0,0,0,0,1,0,1,0,0,0
31,6,1,0,0,1,0,0,0,0,0,1,0,1,0,0,0
30,103,1,1,1,1,0,0,1,0,0,0,0,1,0,0,0
26,77,3,3,2,1,0,0,1,0,0,0,0,1,0,0,0
46,295,1,1,1,1,0,0,1,0,0,0,0,1,0,0,0
46,320,1,1,1,1,0,1,0,0,0,0,0,1,0,0,0
32,153,2,2,2,1,0,1,0,0,0,0,0,0,0,1,0
34,189,3,3,0,1,0,1,0,0,0,0,0,0,0,1,0
34,197,3,3,2,1,0,1,0,0,0,0,0,0,0,1,0
47,302,2,2,1,1,0,0,0,1,0,0,0,0,0,1,0
28,45,1,1,1,1,0,0,0,1,0,0,0,0,0,1,0
39,220,2,2,1,1,0,0,1,0,0,0,0,0,0,1,0
38,156,2,2,1,1,0,0,0,0,1,0,0,0,0,1,0
47,290,3,3,2,1,0,0,0,1,0,0,0,0,0,1,0
38,248,2,2,2,1,1,0,0,0,0,0,0,0,0,1,0
22,2,1,0,0,1,0,0,0,1,0,0,0,0,0,1,0
31,126,2,2,1,1,0,0,1,0,0,0,0,0,0,1,0
38,201,2,2,1,1,0,0,1,0,0,0,0,0,0,1,0
26,74,2,2,1,1,0,1,0,0,0,0,0,0,0,1,0
35,137,2,2,1,1,0,0,0,1,0,0,0,0,0,1,0
25,90,1,1,1,1,0,1,0,0,0,0,0,0,0,1,0
45,287,2,2,2,1,0,0,1,0,0,0,0,0,0,1,0
32,110,2,2,0,1,0,0,0,1,0,0,0,0,0,1,0
42,305,4,4,1,1,1,0,0,0,0,0,0,0,0,1,0
28,92,2,2,1,1,0,0,1,0,0,0,0,0,0,1,0
47,305,6,6,3,1,0,0,1,0,0,0,0,0,0,1,0
23,33,1,1,1,1,0,0,1,0,0,0,0,0,0,1,0
28,8,1,1,0,1,0,0,1,0,0,0,0,0,0,1,0
23,48,2,2,1,1,0,1,0,0,0,0,0,0,0,1,0
32,127,2,2,1,1,0,0,0,1,0,0,0,0,0,1,0
49,240,1,1,1,1,0,0,0,0,1,0,0,0,0,1,0
20,27,1,1,1,1,1,0,0,0,0,0,0,0,0,1,0
47,268,2,2,1,0,0,0,0,0,1,0,0,0,0,1,0
21,24,1,1,0,1,0,1,0,0,0,0,0,0,0,1,0
39,232,4,5,3,0,0,0,1,0,0,0,0,0,0,1,0
21,38,2,1,0,1,0,1,0,0,0,0,0,0,0,1,0
23,47,1,1,0,1,0,0,1,0,0,0,0,0,0,1,0
37,209,2,2,1,1,0,1,0,0,0,0,0,0,0,1,0
45,50,1,1,0,0,0,0,1,0,0,0,0,0,0,1,0
32,162,2,2,1,1,0,1,0,0,0,0,0,0,0,1,0
45,261,2,2,2,1,0,0,0,1,0,0,0,0,0,1,0
23,49,1,1,0,1,0,1,0,0,0,0,0,0,0,1,0
20,24,1,1,1,1,0,1,0,0,0,0,0,0,0,1,0
32,28,2,2,0,1,0,0,1,0,0,0,0,0,0,1,0
35,194,2,2,2,1,0,1,0,0,0,0,0,0,0,1,0
43,235,2,2,1,1,0,0,0,1,0,0,0,0,0,1,0
40,190,2,2,2,1,0,0,0,1,0,0,0,0,0,1,0
45,246,2,2,1,1,0,0,0,1,0,0,0,0,0,1,0
49,295,4,4,3,1,0,0,0,1,0,0,0,0,0,1,0
30,102,1,2,2,1,0,0,0,1,0,0,0,0,0,1,0
41,220,3,3,2,1,0,0,0,1,0,0,0,0,0,1,0
42,138,2,2,1,1,0,0,0,0,0,1,0,0,0,1,0
45,303,2,2,1,1,0,0,1,0,0,0,0,0,0,1,0
23,30,0,0,0,1,0,0,1,0,0,0,0,0,0,1,0
37,215,2,2,0,1,0,1,0,0,0,0,0,0,0,1,0
23,54,2,2,2,1,0,1,0,0,0,0,0,0,0,1,0
48,282,3,3,1,1,0,0,0,1,0,0,0,0,0,1,0
31,112,3,3,2,1,0,0,1,0,0,0,0,0,0,1,0
29,73,0,0,0,1,0,0,0,1,0,0,0,0,0,1,0
33,86,0,0,0,1,0,0,0,0,1,0,0,0,0,1,0
46,357,4,4,2,0,1,0,0,0,0,0,0,0,0,1,0
43,345,2,2,0,1,1,0,0,0,0,0,0,0,0,1,0
44,293,1,1,0,1,0,0,1,0,0,0,0,0,0,1,0
24,58,2,2,0,1,0,1,0,0,0,0,0,0,0,1,0
47,234,1,1,1,1,0,0,0,0,1,0,0,0,0,1,0
41,226,2,2,1,1,0,0,0,1,0,0,0,0,0,1,0
39,228,2,2,1,0,0,0,1,0,0,0,0,0,0,1,0
37,233,2,2,1,1,1,0,0,0,0,0,0,0,0,1,0
43,317,1,1,1,0,1,0,0,0,0,0,0,0,0,1,0
30,147,2,2,0,1,0,1,0,0,0,0,0,0,0,1,0
35,177,3,3,1,1,0,0,1,0,0,0,0,0,0,1,0
34,137,3,3,1,1,0,0,0,1,0,0,0,0,0,1,0
25,34,0,0,0,1,0,0,0,1,0,0,0,0,0,1,0
42,223,3,3,3,1,0,0,0,1,0,0,0,0,0,1,0
47,358,3,3,2,1,1,0,0,0,0,0,0,0,0,1,0
38,292,2,2,0,1,0,0,0,0,0,0,0,0,0,1,0
42,196,3,3,1,1,0,0,0,0,1,0,0,0,0,1,0
44,266,2,2,2,0,0,0,0,1,0,0,0,0,0,1,0
42,144,3,3,2,1,0,0,0,1,0,0,0,0,0,1,0
36,233,3,3,0,1,1,0,0,0,0,0,0,0,0,1,0
31,124,2,2,2,1,0,0,1,0,0,0,0,0,0,1,0
36,220,2,2,0,1,0,1,0,0,0,0,0,0,0,1,0
31,21,1,1,0,1,0,0,0,0,1,0,0,0,0,1,0
36,129,2,2,2,1,0,0,0,0,1,0,0,0,0,1,0
42,305,3,3,2,0,1,0,0,0,0,0,0,0,0,1,0
35,49,0,0,0,1,0,0,0,0,0,1,0,0,0,1,0
42,234,2,2,1,1,0,0,0,1,0,0,0,0,0,1,0
36,187,2,2,0,1,0,0,1,0,0,0,0,0,0,1,0
39,222,3,3,2,0,0,0,1,0,0,0,0,0,0,1,0
32,96,2,2,1,1,0,0,0,1,0,0,0,0,0,1,0
37,192,2,2,1,1,0,0,1,0,0,0,0,0,0,1,0
29,62,2,2,2,1,0,0,0,1,0,0,0,0,0,1,0
42,242,2,2,0,0,0,0,0,1,0,0,0,0,0,1,0
45,278,4,4,4,1,0,0,0,1,0,0,0,0,0,1,0
43,281,2,2,1,1,0,1,0,0,0,0,0,0,0,1,0
36,185,3,3,2,1,0,0,1,0,0,0,0,0,0,1,0
27,86,1,1,1,1,0,0,1,0,0,0,0,0,0,1,0
23,55,1,1,1,1,0,1,0,0,0,0,0,0,0,1,0
42,206,1,1,1,0,0,0,0,0,1,0,0,0,0,1,0
38,257,1,1,1,1,1,0,0,0,0,0,0,0,0,1,0
17,9,2,1,0,1,1,0,0,0,0,0,0,0,0,1,0
39,226,2,2,0,1,0,0,1,0,0,0,0,0,0,1,0
44,300,2,2,1,0,0,1,0,0,0,0,0,0,0,1,0
25,53,1,1,1,1,0,0,1,0,0,0,0,0,0,1,0
47,299,1,1,0,0,0,1,0,0,0,0,0,0,0,1,0
47,221,2,2,1,1,0,0,0,0,1,0,0,0,0,1,0
48,267,3,3,2,1,0,0,0,0,1,0,0,0,0,1,0
35,202,2,2,1,1,0,1,0,0,0,0,0,0,0,1,0
42,259,2,2,1,1,0,0,1,0,0,0,0,0,0,1,0
24,39,1,1,0,1,0,0,1,0,0,0,0,0,0,1,0
40,194,1,1,1,0,0,0,0,1,0,0,0,0,0,1,0
28,106,0,0,0,1,0,0,1,0,0,0,0,0,0,1,0
21,25,1,1,1,1,0,1,0,0,0,0,0,0,0,1,0
27,93,3,3,2,1,1,0,0,0,0,0,0,0,0,1,0
30,160,4,4,2,0,1,0,0,0,0,0,0,0,0,1,0
46,323,7,7,4,0,0,0,1,0,0,0,0,0,0,1,0
48,221,2,2,2,0,0,0,0,0,1,0,0,0,0,1,0
27,95,2,1,1,1,0,1,0,0,0,0,0,0,0,1,0
49,327,6,6,4,1,0,0,0,1,0,0,0,0,0,1,0
34,93,1,1,0,1,0,0,0,0,1,0,0,0,0,1,0
32,121,2,2,2,1,0,0,0,1,0,0,0,0,0,1,0
40,224,2,2,1,1,0,0,1,0,0,0,0,0,0,1,0
31,113,1,1,1,1,0,0,0,1,0,0,0,0,0,1,0
33,167,3,3,2,1,0,1,0,0,0,0,0,0,0,1,0
34,188,4,4,2,1,0,1,0,0,0,0,0,0,0,1,0
17,7,0,0,0,1,1,0,0,0,0,0,0,0,0,1,0
36,153,1,1,0,1,0,0,0,1,0,0,0,0,0,1,0
34,158,3,3,1,1,0,0,1,0,0,0,0,0,0,1,0
30,98,2,2,2,1,0,0,1,0,0,0,0,0,0,1,0
30,112,2,2,2,1,0,0,1,0,0,0,0,0,0,1,0
37,152,2,2,2,1,0,0,0,1,0,0,0,0,0,1,0
36,233,4,4,2,1,1,0,0,0,0,0,0,0,0,1,0
40,166,3,3,1,0,0,0,0,0,1,0,0,0,0,1,0
27,84,3,2,2,0,0,0,1,0,0,0,0,0,0,1,0
46,334,4,4,0,1,0,1,0,0,0,0,0,0,0,1,0
34,134,3,3,2,1,0,0,0,1,0,0,0,0,0,1,0
32,154,5,5,1,1,0,1,0,0,0,0,0,0,0,1,0
30,110,4,4,1,1,0,0,1,0,0,0,0,0,0,1,0
35,125,3,3,2,1,0,0,0,0,1,0,0,0,0,1,0
31,94,2,2,1,1,0,0,0,1,0,0,0,0,0,1,0
42,227,5,5,3,0,0,0,0,1,0,0,0,0,0,1,0
27,77,2,2,0,1,0,0,1,0,0,0,0,0,0,1,0
38,214,1,1,1,1,0,0,1,0,0,0,0,0,0,1,0
43,287,3,3,2,1,0,1,0,0,0,0,0,0,0,1,0
25,65,1,1,1,1,0,1,0,0,0,0,0,0,0,1,0
30,108,2,2,1,1,0,0,1,0,0,0,0,0,0,1,0
41,172,1,1,1,1,0,0,0,0,1,0,0,0,0,1,0
48,238,1,1,1,1,0,0,0,0,1,0,0,0,0,1,0
27,41,1,1,1,1,0,0,0,1,0,0,0,0,0,1,0
43,191,3,3,2,0,0,0,0,0,1,0,0,0,0,1,0
42,169,1,1,0,1,0,0,0,0,1,0,0,0,0,1,0
38,184,2,2,1,1,0,0,0,1,0,0,0,0,0,1,0
43,303,1,1,0,1,0,1,0,0,0,0,0,0,0,1,0
24,57,2,2,1,1,0,1,0,0,0,0,0,0,0,1,0
38,217,3,3,2,1,0,0,1,0,0,0,0,0,0,1,0
34,187,0,0,0,1,0,1,0,0,0,0,0,0,0,1,0
48,339,1,1,0,1,0,0,1,0,0,0,0,0,0,1,0
48,273,3,3,3,1,0,0,0,0,1,0,0,0,0,1,0
36,190,0,0,0,1,0,0,1,0,0,0,0,0,0,1,0
35,115,2,2,2,1,0,0,0,0,1,0,0,0,0,1,0
35,171,2,2,2,1,0,0,1,0,0,0,0,0,0,1,0
23,80,2,2,0,1,1,0,0,0,0,0,0,0,0,1,0
41,62,1,1,0,1,0,0,0,0,1,0,0,0,0,1,0
42,197,2,2,1,1,0,0,0,0,1,0,0,0,0,1,0
24,31,1,1,1,1,0,0,1,0,0,0,0,0,0,1,0
24,54,1,1,1,1,0,1,0,0,0,0,0,0,0,1,0
39,214,2,2,1,1,0,0,1,0,0,0,0,0,0,1,0
39,229,7,7,4,1,0,0,1,0,0,0,0,0,0,1,0
47,293,7,7,2,1,0,0,0,1,0,0,0,0,0,1,0
24,27,1,1,0,1,0,0,0,1,0,0,0,0,0,1,0
38,223,4,4,2,1,0,0,1,0,0,0,0,0,0,1,0
22,1,1,0,0,1,0,0,0,1,0,0,0,0,0,1,0
28,64,1,1,0,1,0,0,0,1,0,0,0,0,0,1,0
46,292,9,9,3,0,0,0,1,0,0,0,0,0,0,1,0
47,308,4,4,2,0,0,0,0,1,0,0,0,0,0,1,0
35,187,2,2,2,0,0,1,0,0,0,0,0,0,0,1,0
27,60,2,2,1,1,0,0,0,1,0,0,0,0,0,1,0
27,88,1,1,0,1,0,0,1,0,0,0,0,0,0,1,0
36,178,3,3,2,0,0,0,1,0,0,0,0,0,0,1,0
38,242,4,4,3,1,0,1,0,0,0,0,0,0,0,1,0
46,230,6,7,4,1,0,0,0,0,1,0,0,0,0,1,0
36,77,2,2,1,1,0,0,0,0,0,1,1,0,0,0,0
36,41,2,2,1,1,0,0,0,0,0,1,1,0,0,0,0
32,18,1,1,1,1,0,0,0,0,0,1,1,0,0,0,0
28,49,1,1,0,1,0,0,0,1,0,0,1,0,0,0,0
44,170,1,1,0,1,0,0,0,0,1,0,1,0,0,0,0
34,191,3,3,0,1,0,1,0,0,0,0,1,0,0,0,0
20,50,2,2,0,1,1,0,0,0,0,0,1,0,0,0,0
29,49,1,1,1,1,0,0,0,0,1,0,1,0,0,0,0
23,11,1,1,1,1,0,0,0,1,0,0,1,0,0,0,0
29,69,1,1,0,1,0,0,0,1,0,0,1,0,0,0,0
35,40,1,1,1,1,0,0,0,0,0,1,1,0,0,0,0
42,48,2,2,0,1,0,1,0,0,0,0,1,0,0,0,0
37,120,2,3,2,1,0,0,1,0,0,0,1,0,0,0,0
32,187,2,2,1,1,1,0,0,0,0,0,1,0,0,0,0
22,26,1,1,1,1,0,0,1,0,0,0,1,0,0,0,0
46,279,2,2,1,1,0,0,0,1,0,0,1,0,0,0,0
30,128,2,2,1,1,0,0,1,0,0,0,1,0,0,0,0
40,208,2,2,1,1,0,0,0,1,0,0,1,0,0,0,0
41,233,1,1,0,1,0,0,1,0,0,0,1,0,0,0,0
39,164,1,1,1,1,0,0,0,0,1,0,1,0,0,0,0
31,98,2,2,2,1,1,0,0,0,0,0,1,0,0,0,0
24,58,2,2,2,1,0,0,1,0,0,0,0,0,0,1,0
46,241,5,5,2,1,0,0,0,1,0,0,0,0,0,1,0
24,46,1,1,0,1,0,0,1,0,0,0,0,0,0,1,0
33,76,2,2,2,1,0,0,0,0,1,0,0,0,0,1,0
36,149,2,2,0,0,0,0,0,1,0,0,0,0,0,1,0
29,61,2,2,2,1,0,0,0,1,0,0,0,0,0,1,0
39,139,3,3,0,1,0,0,0,0,1,0,0,0,0,1,0
22,4,1,0,0,1,0,0,0,1,0,0,0,0,0,1,0
28,106,2,2,1,1,0,1,0,0,0,0,0,0,0,1,0
27,46,1,1,1,1,0,0,0,1,0,0,0,0,0,1,0
33,132,2,2,1,1,0,0,0,1,0,0,0,0,0,1,0
46,246,5,5,5,1,0,0,0,0,1,0,0,0,0,1,0
37,209,5,5,3,1,0,1,0,0,0,0,0,0,0,1,0
37,139,1,1,0,1,0,0,0,0,1,0,0,0,0,1,0
38,201,2,2,1,1,0,0,1,0,0,0,0,0,0,1,0
34,130,2,2,1,1,0,0,0,1,0,0,0,0,0,1,0
33,190,2,2,2,1,1,0,0,0,0,0,0,0,0,1,0
47,349,3,3,3,1,0,1,0,0,0,0,0,0,0,1,0
35,212,2,2,1,1,1,0,0,0,0,0,0,0,0,1,0
20,10,1,1,0,1,0,1,0,0,0,0,0,0,0,1,0
40,191,3,3,0,0,0,0,1,0,0,0,0,0,0,1,0
17,22,0,0,0,1,1,0,0,0,0,0,0,0,0,1,0
29,65,2,1,1,1,0,0,0,1,0,0,0,0,0,1,0
33,167,2,2,0,0,0,0,1,0,0,0,0,0,0,1,0
34,142,2,2,1,1,0,0,0,1,0,0,0,0,0,1,0
27,113,2,2,0,1,0,1,0,0,0,0,0,0,0,1,0
34,151,3,3,1,1,0,0,1,0,0,0,0,0,0,1,0
28,71,1,1,1,1,0,0,0,1,0,0,0,0,0,1,0
25,88,1,1,0,1,0,1,0,0,0,0,0,0,0,1,0
35,210,2,2,2,1,1,0,0,0,0,0,0,0,0,1,0
36,135,2,2,2,1,0,0,0,0,1,0,0,0,0,1,0
49,336,3,3,3,0,0,0,1,0,0,0,0,0,0,1,0
37,177,2,2,1,1,0,0,0,1,0,0,0,0,0,1,0
32,109,2,3,3,1,0,0,0,1,0,0,0,0,0,1,0
32,89,1,1,1,1,0,0,0,1,0,0,0,0,0,1,0
37,233,4,4,3,1,0,1,0,0,0,0,0,0,0,1,0
30,121,3,2,0,1,0,0,1,0,0,0,0,0,0,1,0
36,165,2,2,1,1,0,0,0,1,0,0,0,0,0,1,0
35,120,2,2,1,1,0,0,0,0,1,0,0,0,0,1,0
29,68,2,2,2,1,0,0,0,1,0,0,0,0,0,1,0
27,93,2,1,0,1,0,0,1,0,0,0,0,0,0,1,0
36,225,2,2,0,1,1,0,0,0,0,0,0,0,0,1,0
37,187,1,1,0,1,0,0,1,0,0,0,0,0,0,1,0
34,95,2,2,2,1,0,0,0,0,1,0,0,0,0,1,0
30,144,2,2,0,1,0,1,0,0,0,0,0,0,0,1,0
46,317,4,4,2,0,0,0,1,0,0,0,0,0,0,1,0
43,260,4,4,0,1,0,0,1,0,0,0,0,0,0,1,0
18,15,0,0,0,1,1,0,0,0,0,0,0,0,0,1,0
21,42,1,1,1,1,1,0,0,0,0,0,0,0,0,1,0
36,165,2,2,1,1,0,0,0,1,0,0,0,0,0,1,0
34,175,5,5,1,1,0,1,0,0,0,0,0,0,0,1,0
25,64,1,1,0,1,0,0,1,0,0,0,0,0,0,1,0
36,120,2,2,1,1,0,0,0,0,1,0,0,0,0,1,0
36,181,2,2,0,1,0,0,1,0,0,0,0,0,0,1,0
45,210,2,2,2,1,0,0,0,0,1,0,0,0,0,1,0
48,304,2,2,0,1,0,0,0,1,0,0,0,0,0,1,0
49,206,0,0,0,1,0,0,0,0,0,1,0,0,0,1,0
48,294,3,3,1,1,0,0,0,1,0,0,0,0,0,1,0
17,3,1,0,0,1,1,0,0,0,0,0,0,0,0,1,0
26,46,1,1,1,1,0,0,0,1,0,0,0,0,0,1,0
46,348,1,1,1,1,1,0,0,0,0,0,0,0,0,1,0
26,94,2,2,1,1,0,1,0,0,0,0,0,0,0,1,0
46,251,1,1,1,1,0,0,0,1,0,0,0,0,0,1,0
39,229,2,2,1,1,0,0,1,0,0,0,0,0,0,1,0
34,167,2,2,1,1,0,0,1,0,0,0,0,0,0,1,0
48,281,1,1,1,1,0,0,0,0,1,0,0,0,0,1,0
40,244,3,3,2,1,0,1,0,0,0,0,0,0,0,1,0
43,96,2,2,1,0,0,0,0,1,0,0,0,0,0,1,0
19,19,1,1,0,1,0,1,0,0,0,0,0,0,0,1,0
36,137,2,2,2,1,0,0,0,0,1,0,0,0,0,1,0
27,66,1,1,0,1,0,0,1,0,0,0,0,0,0,1,0
24,45,2,1,0,1,0,0,1,0,0,0,0,0,0,1,0
30,129,3,3,2,1,0,0,1,0,0,0,0,0,0,1,0
27,52,2,2,0,1,0,0,0,1,0,0,0,0,0,1,0
25,44,1,1,0,1,0,0,1,0,0,0,0,0,0,1,0
24,73,1,1,1,1,0,1,0,0,0,0,0,0,0,1,0
47,20,1,1,0,1,0,0,0,0,1,0,0,0,0,1,0
44,172,2,2,0,1,0,0,0,0,0,1,0,0,0,1,0
27,76,2,2,2,1,0,0,1,0,0,0,0,0,0,1,0
26,120,3,3,1,1,1,0,0,0,0,0,0,0,0,1,0
27,69,2,2,1,1,0,0,1,0,0,0,0,0,0,1,0
30,106,1,1,1,1,0,0,1,0,0,0,0,0,0,1,0
49,292,1,1,0,1,0,0,0,1,0,0,0,0,0,1,0
44,267,2,2,1,1,0,0,0,1,0,0,0,0,0,1,0
22,35,1,1,0,1,0,1,0,0,0,0,0,0,0,1,0
49,331,2,2,1,1,0,0,0,1,0,0,0,0,0,1,0
26,53,1,1,0,1,0,0,0,1,0,0,0,0,0,1,0
32,164,2,2,2,1,0,1,0,0,0,0,0,0,0,1,0
34,169,2,2,0,1,0,0,1,0,0,0,0,0,0,1,0
41,252,2,2,2,1,0,0,1,0,0,0,0,0,0,1,0
24,40,2,1,1,1,0,0,1,0,0,0,0,0,0,1,0
34,158,2,2,1,1,0,0,1,0,0,0,0,0,0,1,0
39,205,4,5,3,0,0,0,0,1,0,0,0,0,0,1,0
31,47,1,1,0,1,0,0,0,0,1,0,0,0,0,1,0
46,293,2,2,1,1,0,0,0,1,0,0,0,0,0,1,0
32,114,3,3,2,1,0,0,0,1,0,0,0,0,0,1,0
30,41,1,1,0,1,0,0,0,0,1,0,0,0,0,1,0
45,121,0,0,0,1,0,0,0,0,0,1,0,0,0,1,0
24,36,0,0,0,1,0,0,1,0,0,0,0,0,0,1,0
34,210,2,2,1,1,1,0,0,0,0,0,0,0,0,1,0
40,257,2,2,1,1,0,1,0,0,0,0,0,0,0,1,0
40,208,4,4,2,1,0,0,0,1,0,0,0,0,0,1,0
32,141,3,3,2,1,0,0,1,0,0,0,0,0,0,1,0
39,189,1,0,0,1,0,0,0,1,0,0,0,0,0,1,0
45,307,2,2,1,1,0,1,0,0,0,0,0,0,0,1,0
49,273,3,3,1,1,0,0,0,0,1,0,0,0,0,1,0
43,235,3,3,1,1,0,0,0,1,0,0,0,0,0,1,0
30,74,2,3,1,1,0,0,0,1,0,0,0,0,0,1,0
29,93,2,2,2,1,0,0,1,0,0,0,0,0,0,1,0
38,128,2,2,2,1,0,0,0,0,1,0,0,0,0,1,0
43,165,2,2,2,1,0,0,0,0,1,0,0,0,0,1,0
45,246,2,2,2,1,0,0,0,1,0,0,0,0,0,1,0
36,163,2,2,1,1,0,0,0,1,0,0,0,0,0,1,0
43,284,1,1,1,1,0,0,1,0,0,0,0,0,0,1,0
29,91,2,2,1,1,0,0,1,0,0,0,0,0,0,1,0
27,15,1,1,0,1,0,0,0,0,1,0,0,0,0,1,0
28,114,2,2,1,1,0,1,0,0,0,0,0,0,0,1,0
34,143,2,2,2,1,0,0,0,1,0,0,0,0,0,1,0
28,119,2,2,2,1,0,1,0,0,0,0,0,0,0,1,0
29,23,0,0,0,1,0,0,0,1,0,0,0,0,0,1,0
36,222,4,4,2,1,0,1,0,0,0,0,0,0,0,1,0
30,95,2,2,2,1,1,0,0,0,0,0,0,0,0,1,0
28,110,3,3,0,1,0,1,0,0,0,0,0,0,0,1,0
48,364,2,2,1,1,0,1,0,0,0,0,0,0,0,1,0
30,121,2,2,1,1,0,0,1,0,0,0,0,0,0,1,0
27,82,1,1,1,1,0,0,1,0,0,0,0,0,0,1,0
23,38,1,1,1,1,0,0,1,0,0,0,0,0,0,1,0
29,171,3,4,3,1,1,0,0,0,0,0,0,0,0,1,0
24,45,1,1,0,1,0,0,1,0,0,0,0,0,0,1,0
48,372,2,2,1,1,1,0,0,0,0,0,0,0,0,1,0
22,11,1,0,0,1,0,0,1,0,0,0,0,0,0,1,0
35,132,1,1,1,1,0,0,0,1,0,0,0,0,0,1,0
19,31,2,1,1,1,1,0,0,0,0,0,0,0,0,1,0
21,11,0,0,0,1,0,0,1,0,0,0,0,0,0,1,0
30,104,1,1,0,1,0,0,0,1,0,0,0,0,0,1,0
32,101,3,3,0,1,0,0,0,1,0,0,0,0,0,1,0
31,137,2,2,0,1,0,1,0,0,0,0,0,0,0,1,0
29,103,2,2,1,1,0,0,1,0,0,0,0,0,0,1,0
33,150,2,2,1,1,0,0,1,0,0,0,0,0,0,1,0
28,86,1,1,1,1,0,0,1,0,0,0,0,0,0,1,0
42,188,1,1,0,1,0,1,0,0,0,0,0,0,0,1,0
28,74,1,1,1,1,0,0,0,1,0,0,0,0,0,1,0
23,59,1,1,1,1,0,1,0,0,0,0,0,0,0,1,0
30,94,2,2,1,1,0,0,0,1,0,0,0,0,0,1,0
28,128,1,1,0,1,1,0,0,0,0,0,0,0,0,1,0
24,57,1,1,1,1,0,1,0,0,0,0,0,0,0,1,0
27,143,2,2,2,1,1,0,0,0,0,0,0,0,0,1,0
21,19,1,1,0,1,0,1,0,0,0,0,0,0,0,1,0
29,75,2,2,1,1,0,0,0,1,0,0,0,0,0,1,0
39,126,1,1,0,0,0,0,0,0,1,0,0,0,0,1,0
20,54,1,1,1,1,1,0,0,0,0,0,0,0,0,1,0
20,46,1,1,0,1,1,0,0,0,0,0,0,0,0,1,0
35,129,1,1,0,1,0,0,0,1,0,0,0,0,0,1,0
49,140,1,1,1,1,0,0,0,0,0,1,0,0,0,1,0
38,188,3,3,1,1,0,0,0,1,0,0,0,0,0,1,0
24,18,1,1,0,1,0,0,0,1,0,0,0,0,0,1,0
49,277,4,4,2,1,0,0,0,0,1,0,0,0,0,1,0
46,278,2,2,1,1,0,0,0,1,0,0,0,0,0,1,0
26,53,1,1,1,1,0,0,0,1,0,0,0,0,0,1,0
29,37,1,1,0,1,0,0,0,0,1,0,0,0,0,1,0
49,216,7,7,3,0,0,0,0,1,0,0,0,0,0,1,0
21,51,2,2,2,1,1,0,0,0,0,0,0,0,0,1,0
32,103,1,1,0,1,0,0,0,1,0,0,0,0,0,1,0
32,155,2,2,1,1,0,1,0,0,0,0,0,0,0,1,0
29,94,1,1,1,1,0,0,1,0,0,0,0,0,0,1,0
41,222,2,2,2,1,0,0,0,1,0,0,0,0,0,1,0
44,330,2,2,1,1,1,0,0,0,0,0,0,0,0,1,0
44,269,2,2,1,0,0,0,0,1,0,0,0,0,0,1,0
24,30,1,1,0,1,0,0,1,0,0,0,0,0,0,1,0
38,174,1,1,1,1,0,0,0,1,0,0,0,0,0,1,0
25,51,1,1,1,1,0,0,1,0,0,0,0,0,0,1,0
48,331,4,4,2,1,0,0,1,0,0,0,0,0,0,1,0
39,226,3,3,3,1,0,0,1,0,0,0,0,0,0,1,0
41,211,4,4,1,1,0,0,0,1,0,0,0,0,0,1,0
39,125,1,1,1,1,0,0,0,0,1,0,0,0,0,1,0
28,89,2,2,1,1,0,0,1,0,0,0,0,0,0,1,0
34,127,1,1,1,1,0,0,0,1,0,0,0,0,0,1,0
25,8,1,1,0,1,0,0,0,1,0,0,0,0,0,1,0
47,395,5,5,2,0,0,0,0,0,0,0,0,0,0,1,0
43,265,4,4,2,0,0,0,1,0,0,0,0,0,0,1,0
37,173,1,1,0,1,0,0,0,1,0,0,0,0,0,1,0
24,68,1,1,0,1,0,1,0,0,0,0,0,0,0,1,0
43,265,2,2,2,1,0,0,1,0,0,0,0,0,0,1,0
47,241,1,1,0,0,0,0,0,0,1,0,0,0,0,1,0
43,245,1,1,0,0,0,0,0,1,0,0,0,0,0,1,0
43,277,2,2,2,0,0,0,1,0,0,0,0,0,0,1,0
22,9,1,0,0,1,0,0,1,0,0,0,0,0,0,1,0
48,305,1,1,0,0,0,0,0,1,0,0,0,0,0,1,0
24,3,1,0,0,1,0,0,0,1,0,0,0,0,0,1,0
42,248,2,2,1,1,0,0,1,0,0,0,0,0,0,1,0
49,327,3,3,2,1,0,0,0,1,0,0,0,0,0,1,0
21,5,1,0,0,1,0,0,1,0,0,0,0,0,0,1,0
49,217,2,2,0,1,0,0,0,0,0,1,0,0,0,1,0
27,30,2,1,1,1,0,0,0,1,0,0,0,0,0,1,0
36,249,6,6,3,1,1,0,0,0,0,0,0,0,0,1,0
30,75,2,2,2,1,0,0,0,1,0,0,0,0,0,1,0
34,112,2,2,2,1,0,0,0,0,1,0,0,0,0,1,0
33,85,3,3,0,1,0,0,0,0,1,0,0,0,0,1,0
42,294,4,4,1,0,1,0,0,0,0,0,0,0,0,1,0
22,71,2,2,2,1,1,0,0,0,0,0,0,0,0,1,0
41,277,3,3,2,1,0,1,0,0,0,0,0,0,0,1,0
43,230,2,2,2,0,0,0,0,1,0,0,0,0,0,1,0
22,9,0,0,0,1,0,0,0,1,0,0,0,0,0,1,0
41,215,0,0,0,1,0,0,0,1,0,0,0,0,0,1,0
40,302,5,5,3,0,0,0,0,0,0,0,0,0,0,1,0
49,300,2,2,2,1,0,0,1,0,0,0,0,0,0,1,0
23,76,1,1,1,1,1,0,0,0,0,0,0,0,0,1,0
33,177,3,3,2,1,0,1,0,0,0,0,0,0,0,1,0
47,125,1,1,0,1,0,0,0,0,0,1,0,0,0,1,0
39,206,3,3,0,1,0,0,0,1,0,0,0,0,0,1,0
46,186,2,2,1,0,0,0,0,1,0,0,0,0,0,1,0
48,30,1,1,0,0,0,0,0,0,0,1,0,0,0,1,0
27,111,3,3,1,1,1,0,0,0,0,0,0,0,0,1,0
37,207,1,1,1,1,0,0,1,0,0,0,0,0,0,1,0
23,47,1,1,1,1,0,1,0,0,0,0,0,0,0,1,0
32,134,3,3,2,1,0,0,1,0,0,0,0,0,0,1,0
31,76,2,1,0,0,0,0,0,0,1,0,0,0,0,1,0
37,207,3,3,2,1,0,0,1,0,0,0,0,0,0,1,0
35,81,1,1,1,1,0,0,1,0,0,0,0,0,0,1,0
47,367,3,3,2,1,1,0,0,0,0,0,0,0,0,1,0
25,107,3,2,2,1,1,0,0,0,0,0,0,0,0,1,0
28,110,1,1,1,1,0,1,0,0,0,0,0,0,0,1,0
30,96,3,3,1,1,0,0,0,1,0,0,0,0,0,1,0
27,83,2,2,1,1,0,0,1,0,0,0,0,0,0,1,0
32,121,0,0,0,1,0,0,0,1,0,0,0,0,0,1,0
40,222,3,3,1,1,0,0,0,1,0,0,0,0,0,1,0
48,297,2,2,2,1,0,0,0,1,0,0,0,0,0,1,0
31,106,2,2,1,0,0,0,0,1,0,0,0,0,0,1,0
29,125,4,4,4,1,0,1,0,0,0,0,0,0,0,1,0
41,163,1,1,0,0,0,0,0,0,1,0,0,0,0,1,0
32,109,1,1,1,1,0,0,0,1,0,0,0,0,0,1,0
21,11,1,1,0,1,0,0,1,0,0,0,0,0,0,1,0
34,146,2,2,1,1,0,0,0,1,0,0,0,0,0,1,0
37,145,1,1,0,1,0,0,0,1,0,0,0,0,0,1,0
21,6,0,0,0,1,0,0,1,0,0,0,0,0,0,1,0
33,133,1,1,1,1,0,0,0,1,0,0,0,0,0,1,0
43,227,2,2,1,1,0,0,0,1,0,0,0,0,0,1,0
44,285,2,2,1,1,0,0,1,0,0,0,0,0,0,1,0
32,122,1,1,1,1,0,0,0,1,0,0,0,0,0,1,0
33,149,3,3,1,1,0,0,1,0,0,0,0,0,0,1,0
30,137,1,1,1,1,1,0,0,0,0,0,0,0,0,1,0
44,195,1,1,1,1,0,0,0,0,1,0,1,0,0,0,0
43,224,2,2,1,1,0,0,0,0,1,0,1,0,0,0,0
47,255,2,2,1,1,0,0,0,0,1,0,1,0,0,0,0
18,3,0,0,0,1,0,1,0,0,0,0,1,0,0,0,0
27,42,1,1,1,1,0,0,0,1,0,0,0,0,0,1,0
37,174,6,6,3,1,0,0,0,1,0,0,0,0,0,1,0
35,203,2,2,1,1,0,1,0,0,0,0,0,0,0,1,0
27,55,2,2,2,1,0,0,0,1,0,0,0,0,0,1,0
45,278,5,6,3,1,0,0,1,0,0,0,0,0,0,1,0
28,54,2,2,2,1,0,0,0,1,0,0,0,0,0,1,0
26,79,3,4,2,1,0,0,1,0,0,0,0,0,0,1,0
44,90,3,3,2,1,0,0,0,1,0,0,0,0,0,1,0
42,140,4,4,3,1,0,0,0,0,0,1,0,0,0,1,0
26,44,1,1,0,1,0,0,0,1,0,0,0,0,0,1,0
30,90,2,2,1,1,0,0,0,1,0,0,0,0,0,1,0
46,352,5,5,4,1,1,0,0,0,0,0,0,0,0,1,0
37,124,2,2,1,1,0,0,0,0,1,0,0,0,0,1,0
49,352,2,2,0,1,0,0,1,0,0,0,0,0,0,1,0
18,49,2,1,1,1,0,0,0,0,0,0,0,0,0,1,0
41,260,2,2,1,1,0,1,0,0,0,0,1,0,0,0,0
42,251,1,1,0,0,0,0,1,0,0,0,1,0,0,0,0
32,34,2,2,1,1,0,0,0,1,0,0,1,0,0,0,0
29,61,1,1,1,1,0,0,0,1,0,0,1,0,0,0,0
42,173,2,2,1,1,0,0,0,0,1,0,1,0,0,0,0
30,107,2,2,1,1,0,0,1,0,0,0,1,0,0,0,0
30,91,1,1,0,1,0,0,0,1,0,0,1,0,0,0,0
33,178,5,5,2,1,0,1,0,0,0,0,1,0,0,0,0
46,298,4,4,2,1,0,0,1,0,0,0,1,0,0,0,0
34,32,1,1,0,1,0,0,0,0,0,1,1,0,0,0,0
46,65,0,0,0,1,0,0,0,0,0,1,1,0,0,0,0
37,76,2,2,1,1,0,0,0,0,0,1,1,0,0,0,0
30,169,3,3,2,1,1,0,0,0,0,0,1,0,0,0,0
22,13,0,0,0,1,0,0,1,0,0,0,1,0,0,0,0
37,205,2,2,2,1,0,0,1,0,0,0,1,0,0,0,0
42,236,2,2,2,1,0,0,0,1,0,0,1,0,0,0,0
49,378,0,0,0,1,0,1,0,0,0,0,1,0,0,0,0
45,152,0,0,0,0,0,0,0,0,0,1,1,0,0,0,0
37,203,4,4,1,0,0,0,1,0,0,0,1,0,0,0,0
25,19,1,1,1,1,0,0,0,1,0,0,1,0,0,0,0
24,66,1,1,1,1,0,1,0,0,0,0,1,0,0,0,0
23,31,1,1,1,1,0,0,1,0,0,0,0,0,0,1,0
47,287,3,3,3,1,0,0,0,1,0,0,0,0,0,1,0
24,35,1,1,1,1,0,0,1,0,0,0,0,0,0,1,0
25,19,1,1,0,1,0,0,0,1,0,0,0,0,0,1,0
42,199,1,1,1,1,0,0,0,0,1,0,0,0,0,1,0
39,196,2,2,1,1,0,0,0,1,0,0,0,0,0,1,0
22,32,2,2,0,1,0,1,0,0,0,0,0,0,0,1,0
22,35,1,1,1,1,0,1,0,0,0,0,0,0,0,1,0
33,121,3,3,1,1,0,0,0,1,0,0,0,0,0,1,0
38,167,2,2,1,0,0,0,0,1,0,0,0,0,0,1,0
33,169,2,2,2,1,0,1,0,0,0,0,0,0,0,1,0
36,136,4,4,1,1,0,0,0,0,1,0,0,0,0,1,0
28,33,1,1,0,1,0,0,0,0,1,0,0,0,0,1,0
24,50,1,1,0,1,0,0,1,0,0,0,0,0,0,1,0
35,155,3,3,1,1,0,0,0,1,0,0,0,0,0,1,0
24,45,0,0,0,1,0,0,1,0,0,0,0,0,0,1,0
40,237,2,2,2,0,0,0,1,0,0,0,0,0,0,1,0
35,205,2,2,1,1,0,1,0,0,0,0,0,0,0,1,0
44,243,3,3,1,1,0,0,0,1,0,0,0,0,0,1,0
37,152,2,3,2,1,0,0,0,0,1,0,0,0,0,1,0
49,348,2,2,1,1,0,0,1,0,0,0,0,0,0,1,0
29,80,2,2,0,1,0,0,0,1,0,0,0,0,0,1,0
39,191,1,1,1,1,0,0,0,1,0,0,0,0,0,1,0
25,64,1,0,0,1,0,1,0,0,0,0,0,0,0,1,0
28,32,1,1,1,1,0,0,0,0,1,0,0,0,0,1,0
48,100,0,0,0,1,0,0,0,0,0,1,0,0,0,1,0
26,37,0,0,0,1,0,0,0,1,0,0,0,0,0,1,0
32,51,0,0,0,1,0,0,0,0,1,0,0,0,0,1,0
28,11,1,0,0,1,0,0,0,0,1,0,0,0,0,1,0
26,30,1,1,0,1,0,0,0,1,0,0,0,0,0,1,0
28,67,1,1,1,1,0,0,0,1,0,0,0,0,0,1,0
26,19,0,0,0,1,0,0,0,0,1,0,0,0,0,1,0
32,114,2,2,1,1,0,0,0,1,0,0,0,0,0,1,0
22,26,1,0,0,1,0,0,1,0,0,0,0,0,0,1,0
26,20,0,0,0,1,0,0,0,1,0,0,0,0,0,1,0
40,189,3,3,2,1,0,0,0,0,1,0,0,0,0,1,0
39,167,3,4,2,1,0,0,0,0,1,0,0,0,0,1,0
43,244,2,2,1,1,0,0,0,1,0,0,0,0,0,1,0
20,10,0,0,0,1,0,1,0,0,0,0,0,0,0,1,0
33,155,2,2,1,1,0,0,1,0,0,0,0,0,0,1,0
38,257,5,5,0,1,1,0,0,0,0,0,0,0,0,1,0
28,117,2,2,2,1,0,1,0,0,0,0,0,0,0,1,0
35,186,2,2,1,1,0,0,1,0,0,0,0,0,0,1,0
43,281,4,4,3,0,0,1,0,0,0,0,0,0,0,1,0
30,114,1,1,1,1,0,0,1,0,0,0,0,0,0,1,0
22,30,1,1,1,1,0,0,1,0,0,0,0,0,0,1,0
28,65,3,3,1,1,0,0,0,1,0,0,0,0,0,1,0
25,77,1,1,1,1,0,1,0,0,0,0,0,0,0,1,0
21,10,1,1,1,1,0,0,1,0,0,0,0,0,0,1,0
33,186,2,2,2,1,0,1,0,0,0,0,0,0,0,1,0
22,18,1,1,0,1,0,0,1,0,0,0,0,0,0,1,0
42,233,7,7,3,0,0,0,0,1,0,0,0,0,0,1,0
44,293,2,2,1,0,0,0,1,0,0,0,0,0,0,1,0
49,386,3,3,2,1,1,0,0,0,0,0,0,0,0,1,0
30,58,2,2,2,1,0,0,0,0,1,0,0,0,0,1,0
37,172,3,3,2,1,0,0,0,1,0,0,0,0,0,1,0
47,161,1,1,1,1,0,0,0,0,0,1,0,0,0,1,0
49,293,1,1,1,0,0,0,0,0,1,0,0,0,0,1,0
30,102,2,2,2,1,0,0,1,0,0,0,0,0,0,1,0
47,235,4,4,1,0,0,0,0,0,1,0,0,0,0,1,0
37,195,2,2,0,1,0,0,1,0,0,0,0,0,0,1,0
38,187,2,2,1,1,0,0,0,1,0,0,0,0,0,1,0
30,42,1,1,0,1,0,0,0,0,1,0,0,0,0,1,0
39,144,3,3,2,1,0,0,1,0,0,0,0,0,0,1,0
32,125,2,2,2,1,0,0,1,0,0,0,0,0,0,1,0
38,209,3,3,1,1,0,0,1,0,0,0,0,0,0,1,0
35,185,2,2,1,1,0,0,1,0,0,0,0,0,0,1,0
47,365,3,3,2,1,1,0,0,0,0,0,0,0,0,1,0
45,233,2,2,1,1,0,0,0,0,1,0,0,0,0,1,0
36,185,3,3,1,1,0,0,1,0,0,0,0,0,0,1,0
36,174,2,2,0,1,0,0,0,1,0,0,0,0,0,1,0
31,161,2,2,1,1,0,1,0,0,0,0,0,0,0,1,0
38,144,1,1,1,1,0,0,0,0,1,0,0,0,0,1,0
22,22,1,1,1,1,0,0,1,0,0,0,0,0,0,1,0
37,120,3,4,4,1,0,0,0,0,1,0,0,0,0,1,0
35,93,4,4,3,1,0,0,0,0,1,0,0,0,0,1,0
37,180,2,2,1,1,0,0,0,1,0,0,0,0,0,1,0
26,88,2,2,1,1,0,1,0,0,0,0,0,0,0,1,0
31,131,2,2,1,1,0,0,1,0,0,0,0,0,0,1,0
32,141,2,2,0,1,0,0,1,0,0,0,0,0,0,1,0
30,78,1,1,1,1,0,0,0,1,0,0,0,0,0,1,0
48,291,4,4,4,0,0,0,0,1,0,0,0,0,0,1,0
36,165,3,3,2,1,0,0,0,1,0,0,0,0,0,1,0
42,256,2,2,0,1,0,0,1,0,0,0,0,0,0,1,0
45,236,1,1,1,0,0,0,0,0,1,0,0,0,0,1,0
47,308,3,3,3,0,0,0,1,0,0,0,0,0,0,1,0
41,148,3,3,1,0,0,0,0,0,1,0,0,0,0,1,0
47,314,8,8,2,0,0,0,1,0,0,0,0,0,0,1,0
40,248,2,2,1,0,0,1,0,0,0,0,0,0,0,1,0
32,70,3,2,1,1,0,0,0,0,1,0,0,0,0,1,0
44,85,0,0,0,0,0,0,0,0,0,1,0,0,0,1,0
29,133,2,2,0,1,0,1,0,0,0,0,1,0,0,0,0
29,116,1,1,1,1,0,1,0,0,0,0,1,0,0,0,0
49,342,2,2,2,1,0,0,1,0,0,0,1,0,0,0,0
47,144,2,2,0,1,0,0,0,0,0,1,1,0,0,0,0
38,154,2,2,1,1,0,0,0,0,1,0,1,0,0,0,0
39,214,4,4,1,1,0,0,1,0,0,0,1,0,0,0,0
37,22,1,1,1,1,0,0,0,0,1,0,1,0,0,0,0
32,114,2,2,1,1,0,0,0,1,0,0,1,0,0,0,0
40,241,0,0,0,1,0,0,1,0,0,0,1,0,0,0,0
38,164,2,2,2,1,0,0,1,0,0,0,1,0,0,0,0
48,224,6,6,3,1,0,0,0,0,0,1,1,0,0,0,0
33,155,4,4,1,1,0,0,1,0,0,0,1,0,0,0,0
34,172,2,2,0,1,0,0,1,0,0,0,1,0,0,0,0
37,168,2,2,0,1,0,0,0,1,0,0,1,0,0,0,0
46,296,2,2,1,1,0,0,1,0,0,0,1,0,0,0,0
39,230,2,2,1,1,0,0,1,0,0,0,1,0,0,0,0
42,193,2,2,1,1,0,0,0,0,1,0,1,0,0,0,0
31,119,2,2,1,1,0,0,0,1,0,0,1,0,0,0,0
40,165,3,3,1,1,0,0,0,0,1,0,1,0,0,0,0
45,237,2,2,0,1,0,0,0,0,1,0,1,0,0,0,0
47,325,2,2,1,0,0,0,1,0,0,0,0,0,0,1,0
45,280,1,1,0,1,0,0,1,0,0,0,0,0,0,1,0
48,314,1,1,0,1,0,0,0,1,0,0,0,0,0,1,0
25,81,2,2,0,1,0,1,0,0,0,0,0,0,0,1,0
44,268,2,2,1,1,0,0,0,1,0,0,0,0,0,1,0
42,280,1,1,1,1,0,1,0,0,0,0,0,0,0,1,0
43,206,2,2,1,0,0,0,0,0,1,0,0,0,0,1,0
46,307,2,2,2,1,0,0,1,0,0,0,0,0,0,1,0
42,232,2,2,1,1,0,0,0,1,0,0,0,0,0,1,0
21,55,1,1,0,1,1,0,0,0,0,0,0,0,0,1,0
45,291,2,2,1,1,0,0,1,0,0,0,0,0,0,1,0
36,168,4,4,3,1,0,0,0,1,0,0,0,0,0,1,0
23,55,1,1,0,1,0,1,0,0,0,0,0,0,0,1,0
47,318,1,1,1,0,0,0,1,0,0,0,0,0,0,1,0
45,159,2,2,1,0,0,0,0,1,0,0,0,0,0,1,0
45,328,1,1,0,0,0,1,0,0,0,0,0,0,0,1,0
23,32,1,1,0,1,0,0,1,0,0,0,0,1,0,0,0
29,84,1,1,0,1,0,0,0,1,0,0,0,1,0,0,0
38,232,1,1,0,1,0,1,0,0,0,0,0,1,0,0,0
30,34,1,1,0,1,0,0,0,0,1,0,0,1,0,0,0
33,180,2,2,0,1,0,1,0,0,0,0,0,1,0,0,0
40,239,3,3,2,1,0,0,1,0,0,0,0,1,0,0,0
49,192,0,0,0,0,0,0,0,0,0,1,0,1,0,0,0
38,176,2,2,1,1,0,0,0,1,0,0,0,0,0,1,0
31,46,3,3,3,1,0,0,0,0,1,0,0,0,0,1,0
42,232,2,2,2,1,0,0,0,1,0,0,0,0,0,1,0
32,166,4,4,0,1,0,1,0,0,0,0,0,0,0,1,0
34,178,2,2,1,1,0,1,0,0,0,0,0,0,0,1,0
35,219,3,3,3,1,1,0,0,0,0,0,0,0,0,1,0
34,179,3,3,2,1,0,1,0,0,0,0,0,0,0,1,0
49,383,3,3,2,1,1,0,0,0,0,0,0,0,0,1,0
32,96,1,1,0,1,0,0,0,1,0,0,0,0,0,1,0
37,162,2,2,1,1,0,0,0,1,0,0,0,0,0,1,0
32,129,3,3,1,1,0,0,1,0,0,0,0,0,0,1,0
41,215,0,0,0,1,0,0,0,1,0,0,0,0,0,1,0
41,245,3,3,0,1,0,0,1,0,0,0,0,0,0,1,0
42,201,2,2,2,1,0,0,0,0,1,0,0,0,0,1,0
25,33,1,1,1,1,0,0,0,1,0,0,0,0,0,1,0
44,355,1,1,1,1,0,0,0,0,0,0,0,0,0,1,0
47,317,3,3,2,1,0,0,1,0,0,0,0,0,0,1,0
41,210,6,6,5,1,0,0,0,1,0,0,0,0,0,1,0
47,357,6,6,5,0,1,0,0,0,0,0,0,0,0,1,0
46,294,2,2,1,1,0,0,1,0,0,0,0,0,0,1,0
21,30,1,1,0,1,0,1,0,0,0,0,0,0,0,1,0
28,97,2,2,1,0,0,0,1,0,0,0,0,0,0,1,0
42,261,7,7,6,0,0,0,1,0,0,0,0,0,0,1,0
23,34,1,1,0,1,0,0,1,0,0,0,0,0,0,1,0
18,31,1,1,0,1,1,0,0,0,0,0,0,0,0,1,0
28,73,1,1,0,1,0,0,0,1,0,0,0,0,0,1,0
25,82,2,2,1,1,0,1,0,0,0,0,0,0,0,1,0
18,22,1,1,0,1,1,0,0,0,0,0,0,0,0,1,0
33,103,1,1,1,1,0,0,0,1,0,0,0,0,0,1,0
28,29,1,1,1,1,0,0,0,0,1,0,0,0,0,1,0
38,229,1,1,1,1,0,1,0,0,0,0,0,0,0,1,0
45,333,3,3,0,0,1,0,0,0,0,0,0,0,0,1,0
44,303,1,1,1,0,0,1,0,0,0,0,0,0,0,1,0
28,129,2,2,1,1,1,0,0,0,0,0,0,0,0,1,0
47,327,3,3,3,0,0,0,1,0,0,0,0,0,0,1,0
48,315,4,4,3,0,0,0,1,0,0,0,0,0,0,1,0
42,229,4,4,1,0,0,0,0,1,0,0,0,0,0,1,0
43,83,0,0,0,1,0,0,0,0,0,1,0,0,0,1,0
38,148,2,3,2,1,0,0,0,0,1,0,0,0,0,1,0
37,169,2,2,1,1,0,0,0,1,0,0,0,0,0,1,0
36,144,4,4,0,1,0,0,0,1,0,0,0,0,0,1,0
23,37,2,2,0,1,0,0,1,0,0,0,0,0,0,1,0
46,261,5,5,3,1,0,0,0,1,0,0,0,0,0,1,0
30,52,2,1,1,1,0,0,0,0,1,0,0,0,0,1,0
33,126,2,2,0,1,0,0,0,1,0,0,0,0,0,1,0
35,160,4,4,3,1,0,0,0,1,0,0,0,0,0,1,0
45,300,1,1,0,1,0,0,1,0,0,0,0,0,0,1,0
48,360,5,5,3,1,0,1,0,0,0,0,0,0,0,1,0
49,273,3,3,2,1,0,0,0,0,1,0,0,0,0,1,0
39,281,6,6,3,1,1,0,0,0,0,0,0,0,0,1,0
32,99,3,3,2,1,0,0,0,1,0,0,0,0,0,1,0
28,21,1,1,0,1,0,0,0,0,1,0,0,0,0,1,0
44,92,3,2,0,1,0,0,0,0,0,1,0,0,0,1,0
44,178,2,2,1,1,0,0,0,1,0,0,0,0,0,1,0
33,12,1,1,1,1,0,0,0,0,0,1,0,0,0,1,0
31,92,4,4,2,1,0,1,0,0,0,0,0,0,0,1,0
46,107,3,3,2,0,0,0,1,0,0,0,0,0,0,1,0
40,190,0,0,0,1,1,0,0,0,0,0,0,0,0,1,0
31,116,1,1,0,1,0,0,1,0,0,0,0,0,0,1,0
20,6,0,0,0,1,0,1,0,0,0,0,0,0,0,1,0
24,63,3,3,2,1,0,1,0,0,0,0,0,0,0,1,0
31,191,5,5,0,0,1,0,0,0,0,0,0,0,0,1,0
40,198,5,5,2,1,0,0,0,1,0,0,0,0,0,1,0
49,272,7,7,5,0,0,0,0,1,0,0,0,0,0,1,0
34,190,3,3,1,0,1,0,0,0,0,0,0,0,0,1,0
36,185,3,3,2,1,0,0,1,0,0,0,0,0,0,1,0
46,314,10,10,7,0,1,0,0,0,0,0,1,0,0,0,0
34,245,4,5,3,0,0,0,0,0,0,0,1,0,0,0,0
39,223,5,5,0,1,0,0,1,0,0,0,1,0,0,0,0
23,27,1,1,0,1,0,0,1,0,0,0,1,0,0,0,0
37,202,2,2,2,1,0,0,1,0,0,0,1,0,0,0,0
44,265,2,2,1,0,0,0,0,1,0,0,1,0,0,0,0
28,58,2,2,1,1,0,0,0,1,0,0,1,0,0,0,0
28,99,2,2,0,1,0,0,1,0,0,0,1,0,0,0,0
30,45,2,1,1,1,0,0,0,0,1,0,1,0,0,0,0
26,92,2,2,1,1,0,1,0,0,0,0,1,0,0,0,0
26,50,1,1,0,1,0,0,0,1,0,0,1,0,0,0,0
45,213,5,5,2,1,0,0,0,0,1,0,1,0,0,0,0
28,58,2,2,1,1,0,0,0,1,0,0,1,0,0,0,0
36,130,2,2,1,1,0,0,0,0,1,0,1,0,0,0,0
39,77,2,2,1,1,0,0,0,1,0,0,1,0,0,0,0
44,163,5,5,1,1,0,0,0,0,1,0,1,0,0,0,0
35,114,2,3,1,1,0,0,0,0,1,0,1,0,0,0,0
31,31,2,2,1,1,0,0,0,0,1,0,1,0,0,0,0
30,99,2,2,0,1,0,0,0,1,0,0,1,0,0,0,0
32,106,2,2,0,1,0,0,0,1,0,0,1,0,0,0,0
36,137,2,2,2,1,0,0,0,0,1,0,1,0,0,0,0
47,167,7,7,3,1,0,0,0,1,0,0,1,0,0,0,0
31,77,2,1,0,1,0,0,0,1,0,0,0,0,0,1,0
34,113,2,2,0,1,0,0,0,1,0,0,0,0,0,1,0
33,142,6,6,5,1,0,0,1,0,0,0,0,0,0,1,0
44,258,2,2,1,1,0,0,0,1,0,0,0,0,0,1,0
43,290,1,1,0,1,0,1,0,0,0,0,0,0,0,1,0
38,216,4,4,3,1,0,0,1,0,0,0,0,0,0,1,0
43,169,3,3,2,1,0,0,0,0,1,0,0,0,0,1,0
42,169,5,6,4,0,0,0,0,0,1,0,0,0,0,1,0
20,27,1,1,0,1,1,0,0,0,0,0,0,0,0,1,0
31,81,1,1,1,0,0,0,0,0,1,0,0,0,0,1,0
46,283,2,2,1,0,0,0,0,1,0,0,0,0,0,1,0
47,307,5,5,1,1,0,0,1,0,0,0,0,0,0,1,0
33,173,4,4,0,1,0,1,0,0,0,0,0,0,0,1,0
42,260,3,3,1,1,0,0,1,0,0,0,0,0,0,1,0
42,235,2,2,0,1,0,0,0,1,0,0,0,0,0,1,0
39,236,2,2,2,0,0,0,1,0,0,0,0,0,0,1,0
45,307,6,6,3,1,0,1,0,0,0,0,0,0,0,1,0
43,272,5,5,4,1,0,0,1,0,0,0,0,0,0,1,0
38,284,7,7,1,0,1,0,0,0,0,0,0,0,0,1,0
40,166,3,3,2,0,0,0,0,0,1,0,0,0,0,1,0
27,72,2,2,0,1,0,0,1,0,0,0,0,0,0,1,0
28,95,3,3,2,1,0,0,1,0,0,0,0,0,0,1,0
44,339,5,5,2,0,1,0,0,0,0,0,0,0,0,1,0
24,69,2,1,1,1,0,1,0,0,0,0,0,0,0,1,0
45,223,3,3,2,1,0,0,0,0,1,0,0,0,0,1,0
23,23,1,1,1,1,0,0,1,0,0,0,0,0,0,1,0
46,359,11,11,6,0,1,0,0,0,0,0,0,0,0,1,0
42,244,2,2,1,1,0,0,0,1,0,0,0,0,0,1,0
45,339,2,2,1,0,1,0,0,0,0,0,0,0,0,1,0
38,97,2,2,1,1,0,0,0,0,1,0,0,0,0,1,0
43,289,3,3,1,1,0,1,0,0,0,0,0,0,0,1,0
42,145,3,3,3,1,0,0,0,0,0,1,0,0,0,1,0
32,77,3,3,3,1,0,0,0,0,1,0,0,0,0,1,0
40,312,7,7,3,0,0,0,0,0,0,0,0,0,0,1,0
40,121,2,2,0,1,0,0,0,0,0,1,0,0,0,1,0
38,226,4,4,1,0,0,1,0,0,0,0,0,0,0,1,0
40,231,7,7,4,0,0,0,1,0,0,0,0,0,0,1,0
44,293,7,8,4,0,0,1,0,0,0,0,0,0,0,1,0
49,351,3,3,1,0,0,1,0,0,0,0,0,0,0,1,0
38,244,6,6,4,0,1,0,0,0,0,0,0,0,0,1,0
44,193,2,2,1,1,0,0,0,0,1,0,0,0,0,1,0
42,191,6,6,1,1,0,0,0,0,1,0,0,0,0,1,0
46,320,2,2,1,1,0,0,1,0,0,0,0,0,0,1,0
26,109,2,2,0,1,1,0,0,0,0,0,0,0,0,1,0
31,91,2,2,0,1,0,0,0,1,0,0,0,0,0,1,0
26,86,2,2,1,1,0,1,0,0,0,0,0,0,0,1,0
22,57,3,2,0,1,1,0,0,0,0,0,0,0,0,1,0
48,225,7,7,4,1,0,0,0,0,1,0,0,0,0,1,0
22,38,2,3,2,1,0,1,0,0,0,0,0,0,0,1,0
19,27,1,1,1,1,1,0,0,0,0,0,0,0,0,1,0
45,333,8,8,4,0,1,0,0,0,0,0,0,0,0,1,0
39,96,3,3,2,1,0,0,0,0,0,1,0,0,0,1,0
49,339,2,2,1,1,0,0,1,0,0,0,0,0,0,1,0
33,102,3,3,2,1,0,0,0,0,1,0,0,0,0,1,0
24,80,3,3,3,1,0,1,0,0,0,0,0,0,0,1,0
36,148,3,3,2,1,0,0,0,1,0,0,0,0,0,1,0
37,148,5,5,3,1,0,0,0,0,1,0,0,0,0,1,0
42,200,2,2,1,1,0,0,0,0,1,0,0,0,0,1,0
43,268,10,10,1,1,0,0,1,0,0,0,0,0,0,1,0
25,73,2,2,0,1,0,1,0,0,0,0,0,0,0,1,0
25,7,0,0,0,0,0,0,0,1,0,0,0,0,0,1,0
30,78,2,2,1,1,0,0,0,1,0,0,0,0,0,1,0
49,169,2,2,2,0,0,0,0,0,0,1,0,0,0,1,0
49,323,5,6,2,0,0,0,0,1,0,0,0,0,0,1,0
32,33,1,1,1,1,0,0,0,0,1,0,0,0,0,1,0
48,238,5,5,4,1,0,0,0,0,1,0,0,0,0,1,0
46,230,9,9,5,0,0,1,0,0,0,0,0,0,0,1,0
45,313,9,9,5,1,0,1,0,0,0,0,0,0,0,1,0
33,77,1,1,1,1,0,0,0,0,1,0,0,0,0,1,0
42,301,2,2,0,1,1,0,0,0,0,0,0,0,0,1,0
23,21,1,1,0,1,0,0,0,1,0,0,0,0,0,1,0
43,214,7,7,2,0,0,0,0,0,1,0,0,0,0,1,0
44,310,8,8,5,1,0,1,0,0,0,0,0,0,0,1,0
30,77,2,2,2,1,0,0,0,1,0,0,0,0,0,1,0
33,195,5,5,3,1,1,0,0,0,0,0,0,0,0,1,0
37,168,4,4,2,1,0,0,0,1,0,0,0,0,0,1,0
44,6,1,1,0,0,0,0,0,0,0,1,0,0,0,1,0
41,255,5,5,4,0,0,1,0,0,0,0,0,0,0,1,0
42,222,4,4,0,1,0,0,0,1,0,0,0,0,0,1,0
23,39,1,1,1,1,0,0,1,0,0,0,0,0,0,1,0
23,28,2,2,0,1,0,0,1,0,0,0,0,0,0,1,0
37,216,4,4,3,1,0,1,0,0,0,0,0,0,0,1,0
42,184,3,3,1,1,0,0,0,0,1,0,0,0,0,1,0
44,268,4,4,1,0,0,0,1,0,0,0,0,0,0,1,0
45,211,2,2,1,0,0,0,0,0,1,0,0,0,0,1,0
48,268,4,4,2,0,0,0,0,0,1,0,0,0,0,1,0
37,181,4,4,1,1,0,0,0,1,0,0,0,0,0,1,0
23,47,2,1,1,1,0,1,0,0,0,0,0,0,0,1,0
35,219,8,8,5,1,1,0,0,0,0,0,0,0,0,1,0
17,5,1,0,0,1,1,0,0,0,0,0,0,0,0,1,0
39,198,8,8,6,1,0,0,0,1,0,0,0,0,0,1,0
24,31,1,1,0,1,0,0,0,1,0,0,0,0,0,1,0
47,168,3,3,2,1,0,0,0,0,0,1,0,0,0,1,0
44,170,5,5,4,0,0,0,0,0,0,1,0,0,0,1,0
25,47,2,2,0,1,0,0,1,0,0,0,0,0,0,1,0
45,165,4,4,3,1,0,0,0,0,0,1,0,0,0,1,0
38,191,4,4,4,1,0,0,0,1,0,0,0,0,0,1,0
41,276,8,8,3,1,0,1,0,0,0,0,0,0,0,1,0
29,48,3,3,2,1,0,0,0,0,1,0,0,0,0,1,0
43,299,4,4,2,1,0,1,0,0,0,0,0,0,0,1,0
32,115,2,2,2,1,0,0,0,1,0,0,0,0,0,1,0
30,126,3,3,3,1,0,0,1,0,0,0,0,0,0,1,0
29,114,4,4,1,1,0,1,0,0,0,0,0,0,0,1,0
28,126,6,6,2,1,0,1,0,0,0,0,0,0,0,1,0
25,39,1,1,0,1,0,0,1,0,0,0,0,0,0,1,0
31,110,2,2,0,1,0,0,0,1,0,0,0,0,0,1,0
28,111,7,7,4,1,0,1,0,0,0,0,0,0,0,1,0
48,329,7,7,5,0,0,0,1,0,0,0,0,0,0,1,0
42,260,7,7,2,1,0,0,1,0,0,0,0,0,0,1,0
27,103,3,3,0,1,0,1,0,0,0,0,0,0,0,1,0
48,263,5,5,1,1,0,0,0,0,1,0,0,0,0,1,0
49,343,9,9,2,1,0,0,1,0,0,0,0,0,0,1,0
45,226,8,8,3,0,0,1,0,0,0,0,0,0,0,1,0
42,236,7,7,3,0,0,0,0,1,0,0,0,0,0,1,0
42,204,3,3,2,0,0,0,1,0,0,0,0,0,0,1,0
27,114,0,0,0,0,1,0,0,0,0,0,0,0,0,1,0
46,171,0,0,0,0,0,0,0,0,0,1,0,0,0,1,0
30,125,3,3,2,1,0,0,1,0,0,0,0,0,0,1,0
43,236,5,5,4,1,0,0,0,1,0,0,0,0,0,1,0
47,293,9,10,6,1,0,0,0,1,0,0,0,0,0,1,0
48,337,4,4,2,1,0,0,1,0,0,0,0,0,0,1,0
31,92,2,2,0,1,0,0,0,1,0,0,0,0,0,1,0
40,185,2,2,2,1,0,0,0,1,0,0,0,0,0,1,0
40,212,3,3,3,1,0,0,0,1,0,0,0,0,0,1,0
46,237,2,2,0,1,0,0,0,0,1,0,0,0,0,1,0
37,179,1,1,1,1,0,0,0,1,0,0,0,0,0,1,0
24,10,0,0,0,1,0,0,0,1,0,0,0,0,0,1,0
31,118,1,1,0,1,0,0,1,0,0,0,0,0,0,1,0
21,5,0,0,0,1,0,0,1,0,0,0,0,0,0,1,0
25,69,1,1,1,1,0,1,0,0,0,0,0,0,0,1,0
32,140,2,2,0,0,0,0,1,0,0,0,0,0,0,1,0
28,32,0,0,0,1,0,0,0,0,1,0,0,0,0,1,0
29,15,1,1,0,1,0,0,0,0,1,0,0,0,0,1,0
43,283,0,0,0,1,0,0,1,0,0,0,0,0,0,1,0
23,68,3,3,1,1,0,1,0,0,0,0,0,0,0,1,0
44,311,2,2,0,1,0,1,0,0,0,0,0,0,0,1,0
22,57,2,2,1,1,1,0,0,0,0,0,0,0,0,1,0
47,127,0,0,0,1,0,0,0,0,0,1,0,0,0,1,0
31,112,3,3,2,1,0,0,0,1,0,0,0,0,0,1,0
48,267,1,1,1,1,0,0,0,0,1,0,0,0,0,1,0
25,93,3,3,3,1,1,0,0,0,0,0,0,0,0,1,0
42,134,4,3,1,0,0,0,0,0,0,1,0,0,0,1,0
30,49,1,1,0,1,0,0,0,0,1,0,0,0,0,1,0
30,113,2,2,2,1,0,0,1,0,0,0,0,0,0,1,0
40,234,1,1,0,1,0,0,1,0,0,0,0,0,0,1,0
43,253,2,2,0,0,0,0,1,0,0,0,0,0,0,1,0
36,164,2,2,2,1,0,0,0,1,0,0,0,0,0,1,0
25,70,2,1,0,1,0,1,0,0,0,0,0,0,0,1,0
48,302,3,3,1,0,0,0,0,1,0,0,0,0,0,1,0
32,181,7,7,5,1,1,0,0,0,0,0,0,0,0,1,0
25,49,1,0,0,1,0,0,1,0,0,0,0,0,0,1,0
25,88,3,3,2,1,1,0,0,0,0,0,0,0,0,1,0
26,57,3,3,0,1,0,0,1,0,0,0,0,0,0,1,0
26,107,5,5,4,1,1,0,0,0,0,0,0,0,0,1,0
43,83,4,4,4,0,0,0,0,1,0,0,0,0,0,1,0
47,397,7,7,6,1,0,0,0,0,0,0,0,0,0,1,0
35,215,7,7,4,1,1,0,0,0,0,0,0,0,0,1,0
26,57,1,1,0,1,0,0,0,1,0,0,0,0,0,1,0
28,58,2,1,1,1,0,0,0,1,0,0,0,0,0,1,0
49,320,7,7,4,1,0,0,0,1,0,0,0,0,0,1,0
46,338,9,9,5,1,0,1,0,0,0,0,0,0,0,1,0
35,124,4,4,2,1,0,0,0,1,0,0,0,0,0,1,0
23,56,3,3,1,1,0,1,0,0,0,0,0,0,0,1,0
26,31,1,1,0,0,0,0,0,1,0,0,0,0,0,1,0
44,304,9,9,3,0,0,1,0,0,0,0,0,0,0,1,0
38,234,4,4,3,1,0,1,0,0,0,0,0,0,0,1,0
22,31,3,3,2,1,0,0,1,0,0,0,0,0,0,1,0
37,221,5,5,2,0,0,1,0,0,0,0,0,0,0,1,0
39,279,7,8,5,0,1,0,0,0,0,0,0,0,0,1,0
46,315,3,3,2,0,0,0,1,0,0,0,0,0,0,1,0
32,89,3,3,0,1,0,0,0,0,1,0,0,0,0,1,0
21,34,1,1,1,0,0,1,0,0,0,0,0,0,0,1,0
48,335,5,5,2,0,0,0,1,0,0,0,0,0,0,1,0
24,34,1,1,0,1,0,0,1,0,0,0,0,0,0,1,0
31,190,10,10,5,1,1,0,0,0,0,0,0,0,0,1,0
39,278,5,5,2,0,1,0,0,0,0,0,0,0,0,1,0
30,157,5,5,5,0,1,0,0,0,0,0,0,0,0,1,0
37,214,3,3,1,1,0,1,0,0,0,0,0,0,0,1,0
46,305,3,3,1,1,0,0,1,0,0,0,0,0,0,1,0
19,9,1,0,0,1,0,1,0,0,0,0,0,0,0,1,0
21,77,2,2,1,1,1,0,0,0,0,0,0,0,0,1,0
36,237,3,3,1,0,1,0,0,0,0,0,0,0,0,1,0
23,69,2,2,0,1,0,1,0,0,0,0,0,0,0,1,0
24,59,1,1,1,1,0,1,0,0,0,0,0,0,0,1,0
43,211,8,8,4,0,0,0,1,0,0,0,0,0,0,1,0
49,292,4,4,2,1,0,0,0,0,1,0,0,0,0,1,0
44,246,3,3,1,1,0,0,0,1,0,0,0,0,0,1,0
29,77,2,2,1,1,0,0,0,1,0,0,0,0,0,1,0
35,162,3,3,0,1,0,0,1,0,0,0,0,0,0,1,0
49,306,6,6,3,1,0,0,0,1,0,0,0,0,0,1,0
25,33,1,1,1,1,0,0,0,1,0,0,0,0,0,1,0
44,135,4,4,3,1,0,0,0,0,0,1,0,0,0,1,0
26,55,1,1,0,1,0,0,1,0,0,0,0,0,0,1,0
35,143,3,3,0,1,0,0,0,1,0,0,0,0,0,1,0
46,331,11,11,7,1,0,1,0,0,0,0,0,0,0,1,0
29,118,2,2,1,1,0,1,0,0,0,0,0,0,0,1,0
40,213,4,4,2,0,0,0,0,1,0,0,0,0,0,1,0
48,278,3,3,0,1,0,0,0,0,1,0,0,0,0,1,0
45,265,3,3,2,0,0,0,0,1,0,0,0,0,0,1,0
44,288,5,5,4,1,0,0,1,0,0,0,0,0,0,1,0
41,225,7,7,5,0,0,0,0,1,0,0,0,0,0,1,0
33,125,2,2,1,1,0,0,0,1,0,0,0,0,0,1,0
45,303,5,5,4,0,0,0,1,0,0,0,0,0,0,1,0
41,177,5,5,4,1,0,0,0,0,1,0,0,0,0,1,0
31,160,5,5,2,1,0,1,0,0,0,0,0,0,0,1,0
30,65,3,3,3,1,0,0,0,0,1,0,0,0,0,1,0
35,93,2,2,2,1,0,0,0,0,1,0,0,0,0,1,0
31,82,1,1,1,1,0,0,0,1,0,0,0,0,0,1,0
29,85,2,2,1,1,0,0,0,1,0,0,0,0,0,1,0
46,196,5,5,1,1,0,0,0,0,1,0,0,0,0,1,0
32,135,3,3,2,1,0,0,1,0,0,0,0,0,0,1,0
47,311,1,1,1,1,0,0,1,0,0,0,0,0,0,1,0
44,241,7,7,4,0,0,0,0,1,0,0,0,0,0,1,0
44,246,3,3,2,1,0,0,0,1,0,0,0,0,0,1,0
20,21,2,2,1,1,0,1,0,0,0,0,0,0,0,1,0
21,51,2,2,0,1,1,0,0,0,0,0,0,0,0,1,0
26,41,2,2,0,1,0,0,0,1,0,0,0,0,0,1,0
40,224,6,6,4,0,0,0,1,0,0,0,0,0,0,1,0
27,48,2,2,0,0,0,0,0,1,0,0,0,0,0,1,0
49,356,3,3,1,0,0,0,1,0,0,0,0,0,0,1,0
34,129,1,1,0,1,0,0,0,1,0,0,0,0,0,1,0
29,69,2,2,2,1,0,0,0,1,0,0,0,0,0,1,0
44,225,2,2,0,1,0,0,0,0,1,0,0,0,0,1,0
23,61,1,1,0,1,0,1,0,0,0,0,0,0,0,1,0
47,162,1,1,0,1,0,0,0,1,0,0,0,0,0,1,0
47,207,1,1,1,1,0,0,0,0,0,1,0,0,0,1,0
35,161,4,4,2,1,0,0,1,0,0,0,0,0,0,1,0
25,56,2,2,1,1,0,0,1,0,0,0,0,0,0,1,0
45,303,3,3,1,1,0,0,1,0,0,0,0,0,0,1,0
39,237,2,2,2,1,0,1,0,0,0,0,0,0,0,1,0
46,174,2,2,1,1,0,0,0,0,0,1,0,0,0,1,0
38,193,3,3,1,1,0,0,0,1,0,0,0,0,0,1,0
36,167,1,1,1,1,0,0,0,1,0,0,0,0,0,1,0
34,32,0,0,0,1,0,0,0,0,0,1,0,0,0,1,0
45,239,2,2,1,0,0,0,0,0,1,0,0,0,0,1,0
44,241,3,3,2,1,0,0,0,1,0,0,0,0,0,1,0
35,187,5,5,2,1,0,0,1,0,0,0,0,0,0,1,0
41,231,2,2,1,1,0,0,1,0,0,0,0,0,0,1,0
42,200,5,5,4,1,0,0,0,0,1,0,0,0,0,1,0
29,11,1,0,0,1,0,0,0,0,1,0,0,0,0,1,0
24,78,3,3,2,0,1,0,0,0,0,0,0,0,0,1,0
44,239,1,1,0,1,0,0,0,1,0,0,0,0,0,1,0
41,233,4,4,2,1,0,0,1,0,0,0,0,0,0,1,0
23,37,2,2,0,1,0,0,1,0,0,0,0,0,0,1,0
46,330,8,8,4,0,0,1,0,0,0,0,0,0,0,1,0
43,57,2,3,1,1,0,0,0,0,1,0,0,0,0,1,0
29,74,2,2,0,1,0,0,0,1,0,0,0,0,0,1,0
46,258,2,2,1,0,0,0,0,1,0,0,0,0,0,1,0
29,136,2,2,1,1,0,1,0,0,0,0,0,0,0,1,0
25,60,2,3,0,1,0,1,0,0,0,0,0,0,0,1,0
45,178,1,1,0,1,0,0,0,0,0,1,0,0,0,1,0
41,122,4,4,2,1,0,0,0,0,0,1,0,0,0,1,0
40,120,2,2,1,0,0,0,0,0,1,0,0,0,0,1,0
39,114,1,1,1,0,0,0,0,0,1,0,0,0,0,1,0
22,28,1,1,0,1,0,0,1,0,0,0,0,0,0,1,0
45,296,3,3,0,1,0,0,1,0,0,0,0,0,0,1,0
42,242,4,4,3,1,0,0,0,1,0,0,0,0,0,1,0
44,230,3,3,0,1,0,0,0,0,1,0,0,0,0,1,0
25,13,1,1,1,1,0,0,0,1,0,0,0,0,0,1,0
39,257,4,4,1,1,0,1,0,0,0,0,0,0,0,1,0
47,307,3,3,2,0,0,0,0,1,0,0,0,0,0,1,0
41,232,1,1,1,1,0,0,1,0,0,0,0,0,0,1,0
34,177,1,1,1,1,0,0,1,0,0,0,0,0,0,1,0
46,327,4,4,1,1,0,1,0,0,0,0,0,0,0,1,0
27,62,1,1,1,1,0,0,1,0,0,0,0,0,0,1,0
29,133,2,2,0,1,0,1,0,0,0,0,0,0,0,1,0
42,262,2,2,1,1,0,0,1,0,0,0,0,0,0,1,0
48,340,6,6,3,1,1,0,0,0,0,0,0,0,0,1,0
26,60,1,1,0,1,0,0,1,0,0,0,0,0,0,1,0
45,236,3,3,2,1,0,0,0,0,1,0,0,0,0,1,0
41,233,2,2,1,1,0,0,1,0,0,0,0,0,0,1,0
35,121,2,2,0,1,0,0,0,0,1,0,0,0,0,1,0
43,278,2,2,2,1,0,0,1,0,0,0,0,0,0,1,0
49,283,2,2,1,1,0,0,0,0,1,0,0,0,0,1,0
43,171,3,3,1,1,0,0,0,0,1,0,0,0,0,1,0
31,168,4,4,2,1,1,0,0,0,0,0,0,0,0,1,0
35,177,3,3,2,1,0,0,1,0,0,0,0,0,0,1,0
36,196,3,3,2,1,0,0,1,0,0,0,0,0,0,1,0
37,237,2,2,1,1,1,0,0,0,0,0,0,0,0,1,0
25,93,4,4,1,1,1,0,0,0,0,0,0,0,0,1,0
22,10,0,0,0,1,0,0,1,0,0,0,0,0,0,1,0
42,182,2,2,2,0,0,0,0,0,1,0,0,0,0,1,0
23,25,1,1,0,1,0,0,1,0,0,0,0,0,0,1,0
44,318,3,3,3,0,0,1,0,0,0,0,0,0,0,1,0
44,88,1,1,1,1,1,0,0,0,0,0,0,0,0,1,0
38,218,1,1,1,1,0,1,0,0,0,0,0,0,0,1,0
46,309,0,0,0,0,0,0,1,0,0,0,0,0,0,1,0
48,259,1,1,1,1,0,0,0,0,1,0,0,0,0,1,0
45,244,6,6,4,0,0,0,0,0,1,0,0,0,0,1,0
45,288,3,3,0,1,0,0,1,0,0,0,0,0,0,1,0
41,223,1,1,0,1,0,0,0,1,0,0,0,0,0,1,0
47,253,3,3,2,1,0,1,0,0,0,0,0,0,0,1,0
41,251,2,2,1,0,0,0,1,0,0,0,0,0,0,1,0
46,242,0,0,0,1,0,0,0,0,1,0,0,0,0,1,0
37,190,2,2,2,1,0,0,1,0,0,0,0,0,0,1,0
48,380,3,3,2,0,1,0,0,0,0,0,0,0,0,1,0
34,174,1,1,0,1,0,0,1,0,0,0,0,0,0,1,0
34,118,2,2,2,1,0,0,0,1,0,0,0,0,0,1,0
46,336,2,2,1,0,0,1,0,0,0,0,0,0,0,1,0
16,10,1,1,0,1,1,0,0,0,0,0,0,0,0,1,0
29,74,1,1,0,1,0,0,0,1,0,0,0,0,0,1,0
33,128,0,0,0,1,0,0,0,1,0,0,0,0,0,1,0
45,296,2,2,1,0,0,0,1,0,0,0,0,0,0,1,0
25,34,1,1,1,1,0,0,0,1,0,0,0,0,0,1,0
49,398,6,6,3,1,1,0,0,0,0,0,0,0,0,1,0
42,297,7,7,4,0,0,1,0,0,0,0,0,0,0,1,0
49,358,2,2,2,1,0,1,0,0,0,0,0,0,0,1,0
46,58,0,0,0,1,0,0,0,0,0,1,0,0,0,1,0
36,153,2,2,2,0,0,0,0,1,0,0,0,0,0,1,0
36,80,1,1,1,1,0,0,0,0,1,0,0,0,0,1,0
47,333,1,1,0,1,0,1,0,0,0,0,0,0,0,1,0
42,249,2,2,2,1,0,0,0,1,0,0,0,0,0,1,0
45,302,1,1,1,1,0,0,1,0,0,0,0,0,0,1,0
47,345,2,2,0,0,0,1,0,0,0,0,0,0,0,1,0
19,10,0,0,0,1,0,1,0,0,0,0,0,0,0,1,0
36,164,3,3,3,1,0,0,0,1,0,0,0,0,0,1,0
32,86,2,2,1,1,0,0,0,0,1,0,0,0,0,1,0
41,217,3,3,2,1,0,0,0,1,0,0,0,0,0,1,0
37,80,1,1,0,1,0,0,0,0,0,1,0,0,0,1,0
26,93,2,2,2,1,0,1,0,0,0,0,0,0,0,1,0
38,225,1,1,1,1,0,1,0,0,0,0,0,0,0,1,0
40,242,4,4,2,0,0,0,1,0,0,0,0,0,0,1,0
46,266,2,2,1,0,0,0,0,1,0,0,0,0,0,1,0
49,261,2,2,1,1,0,0,0,0,1,0,0,0,0,1,0
36,177,2,2,1,1,0,0,1,0,0,0,0,0,0,1,0
41,202,2,2,2,1,0,0,0,1,0,0,0,0,0,1,0
34,140,1,1,0,1,0,0,0,1,0,0,0,0,0,1,0
35,161,2,2,2,1,0,0,0,1,0,0,1,0,0,0,0
29,81,2,1,1,1,0,0,0,1,0,0,1,0,0,0,0
34,179,2,2,1,1,0,1,0,0,0,0,1,0,0,0,0
37,104,2,2,0,1,0,0,0,0,1,0,1,0,0,0,0
46,333,3,3,1,0,0,1,0,0,0,0,1,0,0,0,0
27,89,1,1,0,1,0,0,1,0,0,0,1,0,0,0,0
38,161,1,1,0,1,0,0,0,1,0,0,1,0,0,0,0
43,204,1,1,0,1,0,0,0,0,1,0,1,0,0,0,0
29,74,1,1,1,1,0,0,0,1,0,0,0,0,0,1,0
24,70,2,2,1,1,0,1,0,0,0,0,1,0,0,0,0
20,15,0,0,0,1,0,1,0,0,0,0,0,0,0,1,0
47,200,2,2,1,0,0,0,0,0,0,1,1,0,0,0,0
22,25,1,1,0,1,0,0,1,0,0,0,1,0,0,0,0
32,128,1,1,1,1,0,0,0,1,0,0,1,0,0,0,0
49,305,2,2,1,1,0,0,0,1,0,0,1,0,0,0,0
31,68,3,3,2,1,0,0,0,0,1,0,0,0,0,1,0
34,181,2,2,1,1,0,1,0,0,0,0,0,0,0,1,0
38,230,4,4,2,1,0,1,0,0,0,0,0,0,0,1,0
27,87,1,1,1,1,0,0,1,0,0,0,0,0,0,1,0
48,359,2,2,1,0,0,1,0,0,0,0,0,0,0,1,0
20,12,1,1,1,1,0,1,0,0,0,0,0,0,0,1,0
25,70,2,2,0,1,0,1,0,0,0,0,0,0,0,1,0
25,89,3,3,2,1,1,0,0,0,0,0,0,0,0,1,0
45,355,4,4,2,0,1,0,0,0,0,0,0,0,0,1,0
42,121,2,2,0,1,0,0,0,0,0,1,0,0,0,1,0
21,54,2,2,1,1,1,0,0,0,0,0,0,0,0,1,0
18,46,3,3,1,1,0,0,0,0,0,0,0,0,0,1,0
33,83,3,3,1,1,0,0,0,0,1,0,0,0,0,1,0
43,236,2,2,1,0,0,0,0,1,0,0,0,0,0,1,0
49,249,2,2,0,0,0,0,0,0,1,0,0,0,0,1,0
18,9,0,0,0,1,0,1,0,0,0,0,0,0,0,1,0
39,223,2,2,2,1,0,0,1,0,0,0,0,0,0,1,0
28,69,1,1,0,1,0,0,0,1,0,0,0,0,0,1,0
39,176,2,2,2,1,0,0,0,0,1,0,0,0,0,1,0
39,152,2,2,1,0,0,0,0,0,1,0,0,0,0,1,0
40,236,1,1,1,1,0,0,1,0,0,0,0,0,0,1,0
42,241,1,1,1,1,0,0,0,1,0,0,0,0,0,1,0
40,235,2,2,2,1,0,0,1,0,0,0,0,0,0,1,0
29,93,1,1,0,1,0,0,0,1,0,0,0,0,0,1,0
37,120,1,1,1,1,0,0,0,0,1,0,0,1,0,0,0
46,285,2,2,2,1,0,0,0,1,0,0,0,1,0,0,0
35,180,2,2,0,1,0,0,1,0,0,0,0,1,0,0,0
45,246,2,2,2,1,0,0,0,1,0,0,0,1,0,0,0
45,226,3,3,2,1,0,0,0,0,1,0,0,1,0,0,0
45,308,1,1,0,1,0,1,0,0,0,0,0,1,0,0,0
40,277,2,2,1,1,1,0,0,0,0,0,0,1,0,0,0
24,110,3,3,2,1,1,0,0,0,0,0,0,1,0,0,0
39,151,2,2,1,1,0,1,0,0,0,0,0,1,0,0,0
25,69,2,1,1,1,0,0,1,0,0,0,0,1,0,0,0
24,51,1,1,1,1,0,0,1,0,0,0,0,1,0,0,0
30,58,2,2,2,1,0,0,0,0,1,0,0,1,0,0,0
29,45,1,1,0,1,0,0,0,0,1,0,0,1,0,0,0
26,47,1,1,1,1,0,0,0,1,0,0,0,1,0,0,0
25,71,2,1,1,1,0,1,0,0,0,0,0,1,0,0,0
27,46,1,1,0,1,0,0,0,1,0,0,0,1,0,0,0
39,224,2,2,0,1,0,0,1,0,0,0,0,1,0,0,0
21,9,0,0,0,1,0,0,1,0,0,0,0,1,0,0,0
24,42,1,1,1,1,0,0,1,0,0,0,0,1,0,0,0
18,14,0,0,0,1,1,0,0,0,0,0,0,1,0,0,0
33,67,2,2,2,1,0,0,0,0,1,0,0,1,0,0,0
31,87,2,2,1,1,0,0,0,1,0,0,0,1,0,0,0
43,214,1,1,1,1,0,0,0,0,1,0,0,1,0,0,0
26,60,2,2,1,1,0,0,1,0,0,0,0,1,0,0,0
30,59,1,1,1,1,0,0,0,0,1,0,0,1,0,0,0
46,225,0,0,0,1,0,0,0,0,1,0,0,1,0,0,0
27,58,2,2,1,1,0,0,0,1,0,0,0,1,0,0,0
26,72,2,2,2,1,0,0,1,0,0,0,0,1,0,0,0
48,173,1,1,1,1,0,0,0,0,0,1,0,1,0,0,0
35,149,1,1,1,1,0,0,0,1,0,0,0,1,0,0,0
27,54,2,1,1,1,0,0,0,1,0,0,0,1,0,0,0
25,58,3,2,1,1,0,0,1,0,0,0,0,1,0,0,0
35,91,2,2,2,1,0,0,0,0,1,0,0,1,0,0,0
32,144,4,4,2,1,0,0,1,0,0,0,0,1,0,0,0
26,34,1,1,1,1,0,0,0,1,0,0,0,1,0,0,0
30,33,4,4,3,1,0,0,0,0,1,0,0,1,0,0,0
41,177,2,2,2,1,0,0,0,0,1,0,0,1,0,0,0
41,162,1,1,1,1,0,0,0,0,1,0,0,1,0,0,0
42,269,5,5,0,1,0,0,1,0,0,0,0,1,0,0,0
36,116,2,2,2,1,0,0,0,0,1,0,0,1,0,0,0
26,57,1,1,1,1,0,0,0,1,0,0,0,1,0,0,0
29,80,1,1,0,1,0,0,0,1,0,0,0,1,0,0,0
37,143,2,2,0,1,0,0,0,0,1,0,0,1,0,0,0
49,221,4,4,1,1,0,0,0,0,0,1,0,1,0,0,0
38,195,2,2,0,1,0,0,1,0,0,0,0,1,0,0,0
34,174,1,1,0,1,0,0,1,0,0,0,0,1,0,0,0
34,114,2,2,0,1,0,0,0,1,0,0,0,1,0,0,0
40,170,1,1,0,1,0,0,0,0,1,0,0,1,0,0,0
35,215,3,3,2,1,0,1,0,0,0,0,0,1,0,0,0
47,280,3,3,1,1,0,0,0,1,0,0,0,1,0,0,0
48,376,4,4,3,1,1,0,0,0,0,0,0,1,0,0,0
17,10,0,0,0,1,1,0,0,0,0,0,0,1,0,0,0
37,185,3,3,2,1,0,0,0,1,0,0,0,1,0,0,0
36,207,2,2,1,1,0,1,0,0,0,0,0,1,0,0,0
43,84,4,4,2,1,0,0,0,1,0,0,0,1,0,0,0
36,215,7,6,4,0,0,1,0,0,0,0,0,1,0,0,0
44,275,2,2,1,1,0,0,1,0,0,0,0,1,0,0,0
32,188,2,2,2,1,1,0,0,0,0,0,0,1,0,0,0
44,301,2,2,1,1,0,1,0,0,0,0,0,1,0,0,0
34,195,2,2,0,1,0,1,0,0,0,0,0,1,0,0,0
40,261,6,6,3,1,0,1,0,0,0,0,0,1,0,0,0
48,281,3,3,1,0,0,0,0,0,1,0,0,1,0,0,0
36,179,3,3,2,1,0,0,1,0,0,0,0,1,0,0,0
33,151,3,3,2,1,0,0,1,0,0,0,0,1,0,0,0
37,177,3,3,1,0,0,0,0,1,0,0,0,1,0,0,0
46,298,1,1,0,1,0,0,1,0,0,0,0,1,0,0,0
49,382,3,3,0,0,1,0,0,0,0,0,0,1,0,0,0
21,24,1,1,1,1,0,1,0,0,0,0,0,1,0,0,0
40,201,3,3,3,1,1,0,0,0,0,0,0,1,0,0,0
48,272,2,2,2,0,0,0,0,0,1,0,0,1,0,0,0
47,293,3,3,0,1,0,0,0,1,0,0,0,1,0,0,0
35,139,3,3,1,1,0,0,0,1,0,0,0,1,0,0,0
45,245,3,3,3,1,0,0,0,1,0,0,0,1,0,0,0
45,297,2,2,2,0,0,0,1,0,0,0,0,1,0,0,0
34,144,1,1,0,1,0,0,0,1,0,0,0,1,0,0,0
40,247,3,3,0,1,0,0,1,0,0,0,0,1,0,0,0
41,223,2,2,2,1,0,0,1,0,0,0,0,1,0,0,0
23,51,1,1,1,1,0,1,0,0,0,0,0,1,0,0,0
34,167,3,3,0,1,0,0,1,0,0,0,0,1,0,0,0
34,89,3,3,0,1,0,0,0,0,1,0,0,0,0,1,0
41,157,1,1,1,1,0,0,0,1,0,0,0,0,0,1,0
43,36,0,0,0,0,0,0,0,0,0,1,0,0,0,1,0
49,288,1,1,1,0,0,0,0,0,1,0,0,0,0,1,0
37,236,0,0,0,1,1,0,0,0,0,0,0,0,0,1,0
38,264,1,1,1,0,1,0,0,0,0,0,0,0,0,1,0
34,46,2,2,1,0,0,1,0,0,0,0,0,0,0,1,0
24,32,1,1,0,1,0,0,0,1,0,0,0,0,0,1,0
44,206,1,1,0,1,0,1,0,0,0,0,0,0,0,1,0
48,269,4,4,2,1,0,0,0,0,1,0,0,0,0,1,0
22,22,2,2,1,1,0,0,1,0,0,0,0,0,0,1,0
43,229,3,3,2,0,0,0,0,1,0,0,0,0,0,1,0
33,115,3,3,2,1,0,0,0,1,0,0,0,0,0,1,0
44,279,3,3,1,0,0,0,1,0,0,0,0,0,0,1,0
48,238,1,1,1,1,0,0,0,0,1,0,0,0,0,1,0
36,123,2,3,1,1,0,0,0,0,1,0,0,0,0,1,0
40,236,2,2,1,1,0,0,1,0,0,0,0,0,0,1,0
44,300,4,4,1,0,0,1,0,0,0,0,0,0,0,1,0
21,36,2,2,0,1,0,1,0,0,0,0,0,0,0,1,0
43,282,4,4,3,1,0,0,1,0,0,0,0,0,0,1,0
23,50,0,0,0,1,0,1,0,0,0,0,0,0,0,1,0
27,20,1,1,1,1,0,0,0,0,1,0,0,0,0,1,0
32,172,0,0,0,1,0,1,0,0,0,0,0,0,0,1,0
29,63,1,1,0,0,0,0,0,1,0,0,0,0,0,1,0
49,297,1,1,1,1,0,0,0,1,0,0,0,0,0,1,0
34,164,2,2,1,1,0,0,1,0,0,0,0,0,0,1,0
31,102,3,3,1,1,0,0,0,1,0,0,0,0,0,1,0
39,237,2,2,2,1,0,1,0,0,0,0,0,0,0,1,0
45,227,2,2,1,1,0,0,0,0,1,0,0,0,0,1,0
27,110,1,2,2,1,0,1,0,0,0,0,0,0,0,1,0
33,179,5,5,3,1,0,1,0,0,0,0,0,0,0,1,0
43,216,2,2,0,1,0,0,0,0,1,0,0,0,0,1,0
43,246,5,5,4,1,0,0,0,1,0,0,0,0,0,1,0
22,14,1,1,1,1,0,0,1,0,0,0,0,0,0,1,0
48,184,2,2,1,1,0,0,0,0,0,1,0,0,0,1,0
33,16,1,1,1,1,0,0,0,0,0,1,0,0,0,1,0
48,356,2,2,1,1,0,1,0,0,0,0,0,0,0,1,0
27,38,2,1,1,1,0,0,0,1,0,0,0,0,0,1,0
32,117,3,3,1,1,0,0,0,1,0,0,0,0,0,1,0
24,120,2,2,0,1,0,0,0,0,0,0,0,0,0,1,0
43,237,2,2,2,1,0,0,0,1,0,0,0,0,0,1,0
44,308,2,2,0,0,0,1,0,0,0,0,0,0,0,1,0
21,27,1,1,0,1,0,1,0,0,0,0,0,0,0,1,0
41,223,2,2,1,1,0,0,0,1,0,0,0,0,0,1,0
23,96,1,1,1,1,1,0,0,0,0,0,0,0,0,1,0
49,322,2,2,0,1,0,0,0,1,0,0,0,0,0,1,0
25,115,2,2,0,1,1,0,0,0,0,0,0,0,0,1,0
36,197,1,1,0,1,0,1,0,0,0,0,0,0,0,1,0
47,249,2,2,1,0,0,0,0,0,1,0,0,0,0,1,0
38,223,1,1,0,1,0,1,0,0,0,0,0,0,0,1,0
24,74,1,1,0,1,0,1,0,0,0,0,0,0,0,1,0
38,232,2,2,1,1,0,1,0,0,0,0,0,0,0,1,0
41,297,4,4,3,1,1,0,0,0,0,0,0,0,0,1,0
46,276,3,3,2,0,0,0,0,1,0,0,0,0,0,1,0
28,61,1,1,1,1,0,0,0,1,0,0,0,0,0,1,0
26,87,2,2,2,1,0,1,0,0,0,0,0,0,0,1,0
22,49,1,1,0,1,0,1,0,0,0,0,0,0,0,1,0
42,215,7,7,5,1,0,0,1,0,0,0,0,0,0,1,0
43,186,3,3,3,1,0,0,0,0,1,0,0,0,0,1,0
40,244,9,10,4,0,0,1,0,0,0,0,0,0,0,1,0
36,111,3,3,2,1,0,0,0,0,1,0,0,0,0,1,0
43,216,1,1,0,1,0,0,0,0,1,0,0,0,0,1,0
47,266,3,3,2,1,0,0,0,0,1,0,0,0,0,1,0
25,74,1,1,1,1,0,1,0,0,0,0,0,0,0,1,0
45,272,2,2,0,0,0,0,0,1,0,0,0,0,0,1,0
38,213,2,2,2,1,0,0,1,0,0,0,0,0,0,1,0
22,58,2,2,2,1,1,0,0,0,0,0,0,0,0,1,0
48,251,3,3,2,1,0,0,0,0,1,0,0,0,0,1,0
39,157,3,3,1,1,0,0,0,0,1,0,0,0,0,1,0
48,283,2,2,0,1,0,0,0,1,0,0,0,0,0,1,0
19,59,1,1,1,1,0,0,0,0,0,0,0,0,0,1,0
43,302,2,2,1,1,0,1,0,0,0,0,0,0,0,1,0
19,4,0,0,0,1,0,1,0,0,0,0,0,0,0,1,0
41,178,2,2,1,0,0,0,0,0,1,0,0,0,0,1,0
34,201,1,1,1,1,0,1,0,0,0,0,0,0,0,1,0
48,341,1,1,1,0,0,1,0,0,0,0,0,0,0,1,0
35,216,2,2,1,1,1,0,0,0,0,0,0,0,0,1,0
34,33,1,1,1,1,0,0,0,0,1,0,0,0,0,1,0
47,349,4,4,3,1,0,1,0,0,0,0,0,0,0,1,0
46,271,2,2,0,0,0,0,0,1,0,0,0,0,0,1,0
33,133,5,5,2,1,0,0,0,1,0,0,0,0,0,1,0
42,265,1,1,1,0,0,0,1,0,0,0,0,0,0,1,0
37,139,1,1,0,1,0,0,0,0,1,0,0,0,0,1,0
36,152,2,2,0,1,0,0,0,1,0,0,0,0,0,1,0
22,28,0,0,0,1,0,0,1,0,0,0,0,0,0,1,0
23,22,1,1,0,1,0,0,1,0,0,0,0,0,0,1,0
42,81,2,2,1,0,0,0,0,0,0,1,0,0,0,1,0
31,80,1,1,1,1,0,0,0,1,0,0,0,0,0,1,0
27,126,3,3,3,1,1,0,0,0,0,0,0,0,0,1,0
34,119,2,2,1,1,0,0,0,1,0,0,0,0,0,1,0
44,188,3,3,2,0,0,0,0,0,1,0,0,0,0,1,0
22,70,1,1,1,1,1,0,0,0,0,0,0,0,0,1,0
30,133,0,0,0,1,0,1,0,0,0,0,0,0,0,1,0
45,250,2,2,1,0,0,0,0,1,0,0,0,0,0,1,0
27,100,1,1,1,1,0,1,0,0,0,0,0,0,0,1,0
30,114,2,2,2,1,0,0,1,0,0,0,0,0,0,1,0
25,94,2,2,0,1,1,0,0,0,0,0,0,0,0,1,0
36,154,5,5,2,1,0,0,0,1,0,0,0,0,0,1,0
40,136,4,5,0,1,0,0,1,0,0,0,0,0,0,1,0
33,212,2,2,2,1,1,0,0,0,0,0,0,0,0,1,0
20,51,2,2,0,1,1,0,0,0,0,0,0,0,0,1,0
22,48,2,2,1,1,1,0,0,0,0,0,0,0,0,1,0
30,130,2,2,1,0,0,1,0,0,0,0,0,0,0,1,0
34,170,4,4,2,1,0,1,0,0,0,0,0,0,0,1,0
45,251,5,5,2,0,0,0,0,1,0,0,0,0,0,1,0
40,218,6,6,2,0,0,0,0,1,0,0,0,0,0,1,0
34,264,3,3,3,1,0,0,0,0,0,0,0,0,0,1,0
41,250,3,3,2,0,0,0,1,0,0,0,0,0,0,1,0
33,113,2,2,1,1,0,0,0,1,0,0,0,0,0,1,0
23,75,2,2,1,1,1,0,0,0,0,0,0,0,0,1,0
47,265,0,0,0,1,0,0,0,0,1,0,0,0,0,1,0
33,68,1,1,1,1,0,0,0,0,1,0,0,0,0,1,0
44,298,3,3,1,1,0,1,0,0,0,0,0,0,0,1,0
48,284,2,2,1,0,0,0,0,1,0,0,0,0,0,1,0
45,261,4,4,4,0,0,0,0,1,0,0,0,0,0,1,0
45,235,3,3,0,1,0,0,0,0,1,0,0,0,0,1,0
32,107,2,2,2,1,0,0,0,1,0,0,0,0,0,1,0
30,89,2,2,1,1,0,0,0,1,0,0,0,0,0,1,0
36,69,0,0,0,0,0,0,0,0,0,1,0,0,0,1,0
48,307,1,1,1,1,0,0,0,1,0,0,0,0,0,1,0
27,87,2,2,1,1,0,1,0,0,0,0,0,0,0,1,0
31,167,4,4,3,0,1,0,0,0,0,0,0,0,0,1,0
29,58,2,2,0,1,0,0,0,0,1,0,0,0,0,1,0
35,139,6,6,6,1,0,0,0,1,0,0,0,0,0,1,0
43,102,1,1,0,0,0,0,0,0,0,1,0,0,0,1,0
43,213,1,1,1,0,0,0,0,0,1,0,0,0,0,1,0
41,249,2,2,1,1,0,0,1,0,0,0,0,0,0,1,0
39,134,2,2,2,1,0,0,0,0,1,0,0,0,0,1,0
34,123,2,2,0,1,0,0,0,1,0,0,0,0,0,1,0
34,122,1,1,1,1,0,0,0,1,0,0,0,0,0,1,0
34,54,1,1,0,1,0,0,0,0,0,1,0,0,0,1,0
46,312,2,2,1,0,0,0,1,0,0,0,0,0,0,1,0
32,126,3,3,2,1,0,0,0,1,0,0,0,0,0,1,0
47,301,1,1,0,1,0,0,0,1,0,0,0,0,0,1,0
48,317,2,2,2,1,0,0,0,1,0,0,0,0,0,1,0
47,309,2,2,2,1,0,0,1,0,0,0,0,0,0,1,0
29,44,1,1,0,1,0,0,0,0,1,0,0,0,0,1,0
28,58,1,1,0,1,0,0,0,1,0,0,0,0,0,1,0
45,201,2,2,2,0,0,0,0,0,1,0,0,0,0,1,0
20,13,1,1,0,1,0,1,0,0,0,0,0,0,0,1,0
34,122,1,1,1,1,0,0,0,1,0,0,0,0,0,1,0
44,282,5,5,4,0,0,0,1,0,0,0,0,0,0,1,0
48,295,3,3,2,0,0,0,0,1,0,0,0,0,0,1,0
43,182,2,2,2,1,0,0,0,0,1,0,0,1,0,0,0
48,265,3,3,2,1,0,0,0,0,1,0,0,1,0,0,0
46,244,2,2,2,1,0,0,0,0,1,0,0,1,0,0,0
33,73,1,1,1,1,0,0,0,0,1,0,0,0,0,1,0
46,287,3,3,1,1,0,0,0,1,0,0,0,1,0,0,0
21,39,2,2,1,1,0,1,0,0,0,0,0,1,0,0,0
25,37,1,1,1,1,0,0,0,1,0,0,0,1,0,0,0
44,282,2,2,2,1,0,0,1,0,0,0,0,1,0,0,0
44,200,1,1,1,1,0,0,0,0,1,0,0,1,0,0,0
49,252,1,2,2,1,0,0,0,0,1,0,0,1,0,0,0
48,227,1,1,0,1,0,0,0,0,1,0,0,1,0,0,0
27,52,1,1,1,1,0,0,0,1,0,0,0,1,0,0,0
46,207,2,2,1,1,0,0,0,0,1,0,0,1,0,0,0
37,125,1,1,0,1,0,0,0,0,1,0,0,0,0,1,0
32,133,1,1,0,1,0,0,1,0,0,0,0,0,0,1,0
40,278,1,1,1,1,1,0,0,0,0,0,0,0,0,1,0
21,38,1,1,0,1,0,1,0,0,0,0,0,0,0,1,0
36,153,2,2,1,1,0,0,0,1,0,0,0,0,0,1,0
48,316,3,3,1,0,0,0,1,0,0,0,0,0,0,1,0
23,21,1,1,0,1,0,0,1,0,0,0,0,0,0,1,0
36,174,0,0,0,1,0,0,0,1,0,0,0,0,0,1,0
45,284,2,2,0,1,0,0,1,0,0,0,0,0,0,1,0
43,258,6,6,3,1,0,0,1,0,0,0,0,0,0,1,0
49,274,2,2,2,0,0,0,0,0,1,0,0,0,0,1,0
43,269,3,3,2,1,0,0,1,0,0,0,0,0,0,1,0
48,305,3,3,2,1,0,0,0,1,0,0,0,0,0,1,0
26,55,2,1,1,1,0,0,1,0,0,0,0,0,0,1,0
31,154,1,1,0,1,0,1,0,0,0,0,0,0,0,1,0
40,234,0,0,0,1,0,0,1,0,0,0,0,0,0,1,0
34,158,3,3,2,1,0,0,1,0,0,0,0,0,0,1,0
48,302,2,2,1,1,0,0,0,1,0,0,0,0,0,1,0
25,55,2,2,1,1,0,0,1,0,0,0,0,0,0,1,0
46,307,0,0,0,1,0,0,1,0,0,0,0,0,0,1,0
48,177,2,2,1,1,0,0,0,0,0,1,0,0,0,1,0
38,218,3,3,2,1,0,0,1,0,0,0,0,0,0,1,0
40,157,1,1,0,1,0,0,0,0,1,0,0,0,0,1,0
45,300,3,3,2,1,0,0,1,0,0,0,0,0,0,1,0
21,6,1,0,0,1,0,0,1,0,0,0,0,0,0,1,0
24,47,1,1,0,1,0,0,1,0,0,0,0,0,0,1,0
48,308,3,3,0,1,0,0,0,1,0,0,0,0,0,1,0
26,84,1,1,0,1,0,1,0,0,0,0,0,0,0,1,0
47,93,2,2,1,1,0,0,0,0,1,0,0,0,0,1,0
30,110,2,2,1,1,0,0,1,0,0,0,0,0,0,1,0
20,8,1,0,0,1,0,1,0,0,0,0,0,0,0,1,0
37,169,3,2,1,1,0,0,0,1,0,0,0,0,0,1,0
31,74,1,1,1,1,0,0,0,0,1,0,0,0,0,1,0
48,309,2,2,1,1,0,0,0,1,0,0,0,0,0,1,0
34,173,2,2,2,1,0,0,1,0,0,0,0,0,0,1,0
42,256,2,2,1,1,0,0,1,0,0,0,0,0,0,1,0
22,36,0,0,0,1,0,1,0,0,0,0,0,0,0,1,0
44,287,3,3,2,0,0,0,1,0,0,0,0,0,0,1,0
32,117,2,2,2,1,0,0,0,1,0,0,0,0,0,1,0
39,220,2,2,2,1,0,0,1,0,0,0,0,0,0,1,0
32,122,2,2,0,1,1,0,0,0,0,0,0,0,0,1,0
25,102,1,1,1,1,1,0,0,0,0,0,0,0,0,1,0
46,265,2,2,1,1,0,0,0,1,0,0,0,0,0,1,0
38,232,3,3,0,1,0,1,0,0,0,0,0,0,0,1,0
48,316,3,3,1,1,0,0,1,0,0,0,0,0,0,1,0
17,5,0,0,0,1,1,0,0,0,0,0,0,0,0,1,0
32,149,1,1,1,1,0,0,1,0,0,0,0,0,0,1,0
34,203,2,2,1,1,1,0,0,0,0,0,0,0,0,1,0
36,137,2,2,1,1,0,0,0,1,0,0,0,0,0,1,0
26,92,1,1,1,1,1,0,0,0,0,0,0,0,0,1,0
25,27,1,1,0,1,0,0,0,1,0,0,0,0,0,1,0
28,98,2,2,0,1,0,0,1,0,0,0,0,0,0,1,0
24,46,2,1,1,1,0,0,1,0,0,0,0,0,0,1,0
26,98,1,1,0,1,0,1,0,0,0,0,0,0,0,1,0
21,11,1,0,0,1,0,0,1,0,0,0,0,0,0,1,0
33,138,2,2,1,1,0,0,1,0,0,0,0,0,0,1,0
